schedule_id,project,schedule_label,cluster_id,cluster_label,stage,stage_name,tasks,task_days,median_task_days,mean_task_days,p90_task_days,max_task_days,span_days,active_days,peak_concurrency,first_start,last_finish,start_position,finish_position,critical_tasks,critical_share,person_days,floors,zones,contractors,inferred_task_days,top_gewerk,stage_share_of_cluster,inferred_share,stage_order
baeretower,baeretower,Zentrum Bären / BäreTower,0,tueren / einhaengen / montage,END,Endmontage,68,78.0,1.0,1.1470588235294117,1.0,4.0,367.0,45.0,4.0,2020-12-16,2021-12-17,0.5142566191446029,0.8869653767820774,0,0.0,116.0,31,0,0,74.0,Ausbau,1.0,0.9487179487179487,30
baeretower,baeretower,Zentrum Bären / BäreTower,1,leitungen / haupt / vorbereitung,GROB,Grobmontage,25,688.0,10.0,27.52,80.0,145.0,820.0,479.0,5.0,2019-11-18,2022-02-14,0.11303462321792261,0.9470468431771895,0,0.0,,2,0,0,532.0,Umgebung,0.9971014492753624,0.7732558139534884,10
baeretower,baeretower,Zentrum Bären / BäreTower,1,leitungen / haupt / vorbereitung,END,Endmontage,1,2.0,2.0,2.0,2.0,2.0,4.0,4.0,1.0,2021-01-15,2021-01-18,0.544806517311609,0.5478615071283096,0,0.0,,1,0,0,0.0,Ausbau,0.002898550724637681,0.0,30
baeretower,baeretower,Zentrum Bären / BäreTower,2,brandschutzabschluesse / anschliessen / anschluesse,END,Endmontage,2,183.0,91.5,91.5,162.3,180.0,262.0,262.0,2.0,2021-05-12,2022-01-28,0.6639511201629328,0.929735234215886,0,0.0,360.0,0,0,0,183.0,Elektro,1.0,1.0,30
baeretower,baeretower,Zentrum Bären / BäreTower,3,malerarbeiten / finish / decke,END,Endmontage,103,352.0,2.0,3.4174757281553396,5.0,15.0,368.0,227.0,7.0,2020-11-09,2021-11-11,0.47657841140529533,0.8503054989816701,0,0.0,1195.0,31,0,0,352.0,Ausbau,1.0,1.0,30
baeretower,baeretower,Zentrum Bären / BäreTower,4,unterlagsboden / betonieren / ergaenzen,GROB,Grobmontage,85,1538.0,2.0,18.094117647058823,40.0,40.0,463.0,433.0,10.0,2020-08-31,2021-12-06,0.40529531568228105,0.8757637474541752,0,0.0,116.0,31,0,0,1528.0,Ausbau,0.9470443349753694,0.9934980494148244,10
baeretower,baeretower,Zentrum Bären / BäreTower,4,unterlagsboden / betonieren / ergaenzen,END,Endmontage,35,86.0,2.0,2.4571428571428573,3.200000000000003,8.0,364.0,86.0,3.0,2020-10-09,2021-10-07,0.445010183299389,0.814663951120163,0,0.0,232.0,29,0,0,0.0,Ausbau,0.05295566502463054,0.0,30
baeretower,baeretower,Zentrum Bären / BäreTower,6,schliessen / waende / schotts,GROB,Grobmontage,1,1.0,1.0,1.0,1.0,1.0,1.0,1.0,1.0,2020-06-15,2020-06-15,0.3268839103869654,0.3268839103869654,0,0.0,,0,0,0,0.0,Konstruktion,0.0019646365422396855,0.0,10
baeretower,baeretower,Zentrum Bären / BäreTower,6,schliessen / waende / schotts,END,Endmontage,76,508.0,6.0,6.684210526315789,7.0,15.0,399.0,311.0,10.0,2020-09-30,2021-11-02,0.43584521384928715,0.8411405295315683,0,0.0,3060.0,31,0,0,56.0,Ausbau,0.9980353634577603,0.11023622047244094,30
baeretower,baeretower,Zentrum Bären / BäreTower,7,reinigung / oberhalb / obergeschosse,END,Endmontage,37,129.0,3.0,3.4864864864864864,5.199999999999996,10.0,365.0,122.0,3.0,2020-12-23,2021-12-22,0.5213849287169042,0.8920570264765784,0,0.0,435.0,31,0,0,0.0,Sonstige,1.0,0.0,30
baeretower,baeretower,Zentrum Bären / BäreTower,8,stahlbau / dach / trassen,GROB,Grobmontage,6,32.0,4.0,5.333333333333333,10.0,10.0,506.0,37.0,2.0,2020-06-02,2021-10-20,0.3136456211812627,0.8279022403258656,0,0.0,100.0,1,0,0,0.0,Umgebung,0.8648648648648649,0.0,10
baeretower,baeretower,Zentrum Bären / BäreTower,8,stahlbau / dach / trassen,FEIN,Feinmontage,1,5.0,5.0,5.0,5.0,5.0,5.0,5.0,1.0,2021-09-13,2021-09-17,0.790224032586558,0.7942973523421588,0,0.0,15.0,1,0,0,0.0,Transport,0.13513513513513514,0.0,20
baeretower,baeretower,Zentrum Bären / BäreTower,9,fertigstellung / lbw / mauerwerk,FEIN,Feinmontage,28,280.0,10.0,10.0,10.0,10.0,361.0,251.0,4.0,2020-10-06,2021-10-01,0.4419551934826884,0.8085539714867617,0,0.0,1120.0,27,0,0,0.0,Sanitär,0.9032258064516129,0.0,20
baeretower,baeretower,Zentrum Bären / BäreTower,9,fertigstellung / lbw / mauerwerk,END,Endmontage,3,30.0,10.0,10.0,10.0,10.0,141.0,53.0,1.0,2020-09-22,2021-02-09,0.42769857433808556,0.570264765784114,0,0.0,40.0,1,0,0,0.0,Ausbau,0.0967741935483871,0.0,30
baeretower,baeretower,Zentrum Bären / BäreTower,10,elektro / installation / feinmontage,FEIN,Feinmontage,42,325.0,5.0,7.738095238095238,15.0,25.0,375.0,227.0,5.0,2020-12-08,2021-12-17,0.5061099796334012,0.8869653767820774,0,0.0,580.0,31,0,0,110.0,Elektro,0.9285714285714286,0.3384615384615385,20
baeretower,baeretower,Zentrum Bären / BäreTower,10,elektro / installation / feinmontage,END,Endmontage,5,25.0,5.0,5.0,5.0,5.0,92.0,30.0,2.0,2021-05-20,2021-08-19,0.6720977596741344,0.7647657841140529,0,0.0,,2,0,0,0.0,Elektro,0.07142857142857142,0.0,30
baeretower,baeretower,Zentrum Bären / BäreTower,11,ulk / endmontage / nshv,GROB,Grobmontage,7,64.0,10.0,9.142857142857142,15.0,15.0,253.0,67.0,3.0,2020-07-14,2021-03-23,0.3564154786150713,0.6130346232179226,0,0.0,,3,0,0,0.0,Sanitär,0.6213592233009708,0.0,10
baeretower,baeretower,Zentrum Bären / BäreTower,11,ulk / endmontage / nshv,END,Endmontage,2,39.0,19.5,19.5,23.9,25.0,38.0,38.0,2.0,2020-05-05,2020-06-11,0.285132382892057,0.3228105906313646,0,0.0,,0,0,0,39.0,Umgebung,0.3786407766990291,1.0,30
baeretower,baeretower,Zentrum Bären / BäreTower,12,installation / rueckbauen / aufhaengung,FEIN,Feinmontage,3,25.0,10.0,8.333333333333334,10.0,10.0,459.0,33.0,1.0,2019-07-30,2020-10-30,0.0,0.4663951120162933,0,0.0,25.0,0,0,0,25.0,Ausbau,1.0,1.0,20
baeretower,baeretower,Zentrum Bären / BäreTower,14,fzag / treppenhaus / beauftragen,GROB,Grobmontage,1,1.0,1.0,1.0,1.0,1.0,1.0,1.0,1.0,2020-06-29,2020-06-29,0.3411405295315682,0.3411405295315682,0,0.0,,0,0,0,0.0,Umgebung,1.0,0.0,10
baeretower,baeretower,Zentrum Bären / BäreTower,15,daemmung / hauptleitungen / terrasse,END,Endmontage,2,4.0,2.0,2.0,2.0,2.0,14.0,6.0,1.0,2021-02-26,2021-03-11,0.5875763747454175,0.6008146639511202,0,0.0,,0,0,0,0.0,Ausbau,1.0,0.0,30
baeretower,baeretower,Zentrum Bären / BäreTower,17,kabelzug / msr / lwl,GROB,Grobmontage,1,15.0,15.0,15.0,15.0,15.0,19.0,19.0,1.0,2020-10-12,2020-10-30,0.4480651731160896,0.4663951120162933,0,0.0,,0,0,0,0.0,Elektro,1.0,0.0,10
baeretower,baeretower,Zentrum Bären / BäreTower,19,decke / verbundstuetzen / betonstuetzen,GROB,Grobmontage,81,667.0,7.0,8.234567901234568,10.0,146.0,768.0,677.0,4.0,2019-08-08,2021-09-13,0.009164969450101833,0.790224032586558,0,0.0,10183.0,35,0,0,667.0,Ausbau,0.9367977528089888,1.0,10
baeretower,baeretower,Zentrum Bären / BäreTower,19,decke / verbundstuetzen / betonstuetzen,END,Endmontage,6,45.0,5.0,7.5,12.5,15.0,564.0,41.0,2.0,2020-06-02,2021-12-17,0.3136456211812627,0.8869653767820774,0,0.0,,0,0,0,0.0,Ausbau,0.06320224719101124,0.0,30
baeretower,baeretower,Zentrum Bären / BäreTower,22,demontage / nachtarbeit / theke,GROB,Grobmontage,10,56.0,5.0,5.6,11.1,12.0,583.0,68.0,3.0,2020-04-28,2021-12-01,0.2780040733197556,0.8706720977596741,0,0.0,,0,0,0,0.0,Umgebung,1.0,0.0,10
baeretower,baeretower,Zentrum Bären / BäreTower,23,verkabelung / verschienung / funktionserhalt,GROB,Grobmontage,1,1.0,1.0,1.0,1.0,1.0,1.0,1.0,1.0,2020-06-17,2020-06-17,0.3289205702647658,0.3289205702647658,0,0.0,,0,0,0,0.0,Umgebung,1.0,0.0,10
baeretower,baeretower,Zentrum Bären / BäreTower,27,abdichtung / schritt / prov,GROB,Grobmontage,1,2.0,2.0,2.0,2.0,2.0,2.0,2.0,1.0,2020-05-18,2020-05-19,0.2983706720977597,0.29938900203665986,0,0.0,,0,0,0,0.0,Gebäudehülle,0.00784313725490196,0.0,10
baeretower,baeretower,Zentrum Bären / BäreTower,27,abdichtung / schritt / prov,END,Endmontage,53,253.0,3.0,4.773584905660377,9.000000000000021,20.0,576.0,208.0,4.0,2020-03-31,2021-10-27,0.2494908350305499,0.835030549898167,0,0.0,1016.0,29,0,0,0.0,Gebäudehülle,0.9921568627450981,0.0,30
baeretower,baeretower,Zentrum Bären / BäreTower,30,boden / zimmermann / nebenraeume,END,Endmontage,62,362.0,3.5,5.838709677419355,10.0,10.0,376.0,286.0,4.0,2020-12-07,2021-12-17,0.505091649694501,0.8869653767820774,0,0.0,2204.0,28,0,0,300.0,Ausbau,1.0,0.8287292817679558,30
baeretower,baeretower,Zentrum Bären / BäreTower,31,einbringen / aufstellen / anbringen,FEIN,Feinmontage,1,1.0,1.0,1.0,1.0,1.0,1.0,1.0,1.0,2021-01-05,2021-01-05,0.5346232179226069,0.5346232179226069,0,0.0,,1,0,0,1.0,Ausbau,1.0,1.0,20
baeretower,baeretower,Zentrum Bären / BäreTower,33,beleuchtung / feinmontage / einbau komponenten,END,Endmontage,1,15.0,15.0,15.0,15.0,15.0,21.0,21.0,1.0,2022-03-18,2022-04-07,0.9796334012219959,1.0,0,0.0,,0,0,0,15.0,Elektro,1.0,1.0,30
baeretower,baeretower,Zentrum Bären / BäreTower,35,lueftung / montage / monobloecke,FEIN,Feinmontage,31,97.0,3.0,3.129032258064516,3.0,5.0,365.0,90.0,2.0,2020-12-21,2021-12-20,0.5193482688391039,0.890020366598778,0,0.0,174.0,28,0,0,0.0,Sanitär,1.0,0.0,20
baeretower,baeretower,Zentrum Bären / BäreTower,36,montage / zone / leuchten,GROB,Grobmontage,4,36.0,10.5,9.0,11.7,12.0,152.0,52.0,1.0,2020-06-11,2020-11-09,0.3228105906313646,0.47657841140529533,0,0.0,,0,0,0,0.0,Umgebung,0.021608643457382955,0.0,10
baeretower,baeretower,Zentrum Bären / BäreTower,36,montage / zone / leuchten,FEIN,Feinmontage,9,56.0,5.0,6.222222222222222,15.0,15.0,749.0,74.0,2.0,2019-10-03,2021-10-20,0.06619144602851323,0.8279022403258656,0,0.0,45.0,1,0,0,0.0,Lüftung,0.03361344537815126,0.0,20
baeretower,baeretower,Zentrum Bären / BäreTower,36,montage / zone / leuchten,END,Endmontage,283,1574.0,2.0,5.561837455830389,18.0,80.0,553.0,525.0,12.0,2020-06-16,2021-12-20,0.32790224032586557,0.890020366598778,0,0.0,9241.0,35,0,0,0.0,Ausbau,0.9447779111644657,0.0,30
baeretower,baeretower,Zentrum Bären / BäreTower,37,installieren / einmessen / wandverkleidung,GROB,Grobmontage,1,10.0,10.0,10.0,10.0,10.0,12.0,12.0,1.0,2020-06-15,2020-06-26,0.3268839103869654,0.3380855397148676,0,0.0,,0,0,0,0.0,Umgebung,1.0,0.0,10
baeretower,baeretower,Zentrum Bären / BäreTower,39,montieren / aufmalen / equipment,END,Endmontage,2,12.0,6.0,6.0,9.2,10.0,141.0,16.0,1.0,2020-11-23,2021-04-12,0.4908350305498982,0.6334012219959266,0,0.0,,0,0,0,0.0,Ausbau,1.0,0.0,30
baeretower,baeretower,Zentrum Bären / BäreTower,41,stuetzen / loggia / versetzen,FEIN,Feinmontage,32,100.0,3.0,3.125,3.900000000000002,4.0,351.0,88.0,3.0,2020-12-16,2021-12-01,0.5142566191446029,0.8706720977596741,0,0.0,336.0,28,0,0,0.0,Sanitär,0.17985611510791366,0.0,20
baeretower,baeretower,Zentrum Bären / BäreTower,41,stuetzen / loggia / versetzen,END,Endmontage,219,456.0,2.0,2.0821917808219177,3.0,10.0,401.0,256.0,6.0,2020-10-22,2021-11-26,0.45824847250509165,0.8655804480651731,0,0.0,1388.0,28,0,0,327.0,Gebäudehülle,0.8201438848920863,0.7171052631578947,30
baeretower,baeretower,Zentrum Bären / BäreTower,45,schreinerarbeiten / restarbeiten / abdichtungsarbeiten,GROB,Grobmontage,2,3.0,1.5,1.5,1.9,2.0,5.0,3.0,1.0,2020-06-18,2020-06-22,0.329938900203666,0.3340122199592668,0,0.0,,0,0,0,0.0,Gebäudehülle,0.038461538461538464,0.0,10
baeretower,baeretower,Zentrum Bären / BäreTower,45,schreinerarbeiten / restarbeiten / abdichtungsarbeiten,END,Endmontage,1,75.0,75.0,75.0,75.0,75.0,114.0,114.0,1.0,2020-09-24,2021-01-15,0.42973523421588594,0.544806517311609,0,0.0,,0,0,0,0.0,Gebäudehülle,0.9615384615384616,0.0,30
baeretower,baeretower,Zentrum Bären / BäreTower,46,anschluss / schaltschraenke / feldgeraete,GROB,Grobmontage,11,291.0,4.0,26.454545454545453,80.0,80.0,209.0,171.0,3.0,2020-07-09,2021-02-02,0.3513238289205703,0.5631364562118126,0,0.0,,0,0,0,0.0,Umgebung,1.0,0.0,10
baeretower,baeretower,Zentrum Bären / BäreTower,54,einbauen / doppelboden / schreiner,GROB,Grobmontage,2,4.0,2.0,2.0,2.8,3.0,4.0,4.0,1.0,2020-06-23,2020-06-26,0.335030549898167,0.3380855397148676,0,0.0,,0,0,0,0.0,Sanitär,0.4444444444444444,0.0,10
baeretower,baeretower,Zentrum Bären / BäreTower,54,einbauen / doppelboden / schreiner,END,Endmontage,1,5.0,5.0,5.0,5.0,5.0,5.0,5.0,1.0,2020-08-17,2020-08-21,0.3910386965376782,0.395112016293279,0,0.0,,0,0,0,5.0,Ausbau,0.5555555555555556,1.0,30
baeretower,baeretower,Zentrum Bären / BäreTower,56,sprinkler / spriessfrei / gruppe,GROB,Grobmontage,1,6.0,6.0,6.0,6.0,6.0,10.0,10.0,1.0,2020-05-18,2020-05-27,0.2983706720977597,0.3075356415478615,0,0.0,,0,0,0,0.0,Umgebung,1.0,0.0,10
baeretower,baeretower,Zentrum Bären / BäreTower,57,abbruch / achse / betonwaende,GROB,Grobmontage,31,62.0,2.0,2.0,2.0,2.0,367.0,44.0,2.0,2020-09-07,2021-09-08,0.4124236252545825,0.785132382892057,0,0.0,232.0,28,0,0,62.0,Ausbau,1.0,1.0,10
baeretower,baeretower,Zentrum Bären / BäreTower,58,erstellen / konzept / ausschreibung,GROB,Grobmontage,2,22.0,11.0,11.0,18.2,20.0,31.0,31.0,2.0,2020-05-18,2020-06-17,0.2983706720977597,0.3289205702647658,0,0.0,,0,0,0,0.0,Umgebung,0.12429378531073447,0.0,10
baeretower,baeretower,Zentrum Bären / BäreTower,58,erstellen / konzept / ausschreibung,FEIN,Feinmontage,28,140.0,5.0,5.0,5.0,5.0,356.0,135.0,4.0,2020-10-07,2021-09-27,0.4429735234215886,0.8044806517311609,0,0.0,280.0,27,0,0,0.0,Sanitär,0.7909604519774012,0.0,20
baeretower,baeretower,Zentrum Bären / BäreTower,58,erstellen / konzept / ausschreibung,END,Endmontage,3,15.0,5.0,5.0,5.0,5.0,133.0,21.0,1.0,2020-09-23,2021-02-02,0.4287169042769857,0.5631364562118126,0,0.0,10.0,1,0,0,0.0,Ausbau,0.0847457627118644,0.0,30
baeretower,baeretower,Zentrum Bären / BäreTower,59,technik / raeumung / deckenelemente,GROB,Grobmontage,4,298.0,70.0,74.5,92.60000000000001,98.0,265.0,265.0,3.0,2020-11-05,2021-07-27,0.4725050916496945,0.7413441955193483,0,0.0,,3,0,0,0.0,Ausbau,0.7468671679197995,0.0,10
baeretower,baeretower,Zentrum Bären / BäreTower,59,technik / raeumung / deckenelemente,END,Endmontage,5,101.0,10.0,20.2,44.0,60.0,171.0,99.0,3.0,2020-05-27,2020-11-13,0.3075356415478615,0.48065173116089616,0,0.0,100.0,2,0,0,101.0,Ausbau,0.2531328320802005,1.0,30
baeretower,baeretower,Zentrum Bären / BäreTower,60,rueckbau / kofferblech / tragender,GROB,Grobmontage,1,5.0,5.0,5.0,5.0,5.0,7.0,7.0,1.0,2020-05-05,2020-05-11,0.285132382892057,0.29124236252545826,0,0.0,,0,0,0,0.0,Konstruktion,1.0,0.0,10
baeretower,baeretower,Zentrum Bären / BäreTower,61,fassade / riegel / haupttrassen,END,Endmontage,31,62.0,2.0,2.0,2.0,2.0,361.0,57.0,3.0,2020-11-09,2021-11-04,0.47657841140529533,0.8431771894093686,0,0.0,116.0,28,0,0,62.0,Gebäudehülle,1.0,1.0,30
baeretower,baeretower,Zentrum Bären / BäreTower,62,fassadengeruest / abbau / aufbau,END,Endmontage,1,323.0,323.0,323.0,323.0,323.0,473.0,473.0,1.0,2020-05-15,2021-08-30,0.2953156822810591,0.7759674134419552,0,0.0,,0,0,0,323.0,Gebäudehülle,1.0,1.0,30
baeretower,baeretower,Zentrum Bären / BäreTower,65,decken / waende / streichen,END,Endmontage,1,12.0,12.0,12.0,12.0,12.0,25.0,25.0,1.0,2020-12-21,2021-01-14,0.5193482688391039,0.5437881873727087,0,0.0,,1,0,0,12.0,Ausbau,1.0,1.0,30
baeretower,baeretower,Zentrum Bären / BäreTower,66,feldgeraete / beschriftung / hauptkanaele,GROB,Grobmontage,4,34.0,8.5,8.5,10.0,10.0,32.0,32.0,3.0,2021-05-07,2021-06-07,0.6588594704684317,0.6904276985743381,0,0.0,,1,0,0,34.0,Ausbau,1.0,1.0,10
baeretower,baeretower,Zentrum Bären / BäreTower,67,grobmontage / korridor / steigzone,GROB,Grobmontage,1,1.0,1.0,1.0,1.0,1.0,1.0,1.0,1.0,2020-06-02,2020-06-02,0.3136456211812627,0.3136456211812627,0,0.0,,0,0,0,0.0,Umgebung,1.0,0.0,10
baeretower,baeretower,Zentrum Bären / BäreTower,69,fertigstellen / trockenbauwaende / glaswaende,GROB,Grobmontage,1,24.0,24.0,24.0,24.0,24.0,32.0,32.0,1.0,2020-06-02,2020-07-03,0.3136456211812627,0.34521384928716903,0,0.0,,0,0,0,0.0,Konstruktion,0.6153846153846154,0.0,10
baeretower,baeretower,Zentrum Bären / BäreTower,69,fertigstellen / trockenbauwaende / glaswaende,END,Endmontage,1,15.0,15.0,15.0,15.0,15.0,31.0,31.0,1.0,2020-05-19,2020-06-18,0.29938900203665986,0.329938900203666,0,0.0,,0,0,0,15.0,Umgebung,0.38461538461538464,1.0,30
baeretower,baeretower,Zentrum Bären / BäreTower,70,lift / shift / climb,FEIN,Feinmontage,10,360.0,30.0,36.0,53.499999999999986,85.0,373.0,269.0,3.0,2020-09-28,2021-10-05,0.43380855397148677,0.8126272912423625,0,0.0,,0,0,0,0.0,Transport,1.0,0.0,20
baeretower,baeretower,Zentrum Bären / BäreTower,73,anlage / usv / bereit,END,Endmontage,33,51.0,1.0,1.5454545454545454,1.0,15.0,538.0,49.0,2.0,2020-07-01,2021-12-20,0.34317718940936864,0.890020366598778,0,0.0,58.0,28,0,0,51.0,Sicherheit,1.0,1.0,30
baeretower,baeretower,Zentrum Bären / BäreTower,74,verlegen / parkett / naturstein,GROB,Grobmontage,1,15.0,15.0,15.0,15.0,15.0,21.0,21.0,1.0,2020-07-14,2020-08-03,0.3564154786150713,0.37678207739307534,0,0.0,,0,0,0,0.0,Konstruktion,0.3191489361702128,0.0,10
baeretower,baeretower,Zentrum Bären / BäreTower,74,verlegen / parkett / naturstein,FEIN,Feinmontage,29,29.0,1.0,1.0,1.0,1.0,361.0,21.0,2.0,2020-10-13,2021-10-08,0.44908350305498984,0.8156822810590632,0,0.0,58.0,28,0,0,0.0,Sanitär,0.6170212765957447,0.0,20
baeretower,baeretower,Zentrum Bären / BäreTower,74,verlegen / parkett / naturstein,END,Endmontage,1,3.0,3.0,3.0,3.0,3.0,3.0,3.0,1.0,2021-01-19,2021-01-21,0.5488798370672098,0.5509164969450102,0,0.0,,1,0,0,0.0,Ausbau,0.06382978723404255,0.0,30
baeretower,baeretower,Zentrum Bären / BäreTower,76,lieferung / montage / isp,FEIN,Feinmontage,4,20.0,5.0,5.0,5.0,5.0,54.0,20.0,1.0,2020-10-05,2020-11-27,0.4409368635437882,0.49490835030549896,0,0.0,,1,0,0,0.0,Sanitär,1.0,0.0,20
baeretower,baeretower,Zentrum Bären / BäreTower,77,etappe / spundwaende / ziehen,GROB,Grobmontage,9,56.0,5.0,6.222222222222222,10.4,12.0,222.0,52.0,3.0,2020-01-27,2020-09-04,0.18431771894093688,0.4093686354378819,0,0.0,,0,0,0,56.0,Umgebung,1.0,1.0,10
baeretower,baeretower,Zentrum Bären / BäreTower,78,innere / spezialverglasungen / buero,END,Endmontage,1,10.0,10.0,10.0,10.0,10.0,12.0,12.0,1.0,2021-09-20,2021-10-01,0.7973523421588594,0.8085539714867617,0,0.0,,0,0,0,10.0,Gebäudehülle,1.0,1.0,30
baeretower,baeretower,Zentrum Bären / BäreTower,79,sanitaer / halterung / montage,FEIN,Feinmontage,31,155.0,5.0,5.0,5.0,5.0,369.0,141.0,4.0,2020-12-17,2021-12-20,0.515274949083503,0.890020366598778,0,0.0,580.0,28,0,0,0.0,Sanitär,1.0,0.0,20
burckhardt,burckhardt,Burckhardt Laborgebäude,0,tueren / einhaengen / montage,END,Endmontage,14,70.0,5.0,5.0,5.0,5.0,131.0,40.0,2.0,2027-01-11,2027-05-21,0.7371854613233924,0.8583410997204101,0,0.0,,8,3,2,0.0,Ausbau,1.0,0.0,30
burckhardt,burckhardt,Burckhardt Laborgebäude,1,leitungen / haupt / vorbereitung,GROB,Grobmontage,50,505.0,10.0,10.1,15.0,15.0,589.0,335.0,4.0,2025-11-24,2027-07-05,0.35228331780055916,0.9002795899347623,0,0.0,,11,4,4,450.0,Sanitär,0.7214285714285714,0.8910891089108911,10
burckhardt,burckhardt,Burckhardt Laborgebäude,1,leitungen / haupt / vorbereitung,FEIN,Feinmontage,10,195.0,20.0,19.5,20.0,20.0,243.0,218.0,2.0,2026-03-02,2026-10-30,0.44361602982292636,0.6691519105312209,0,0.0,,10,2,1,0.0,Heizung,0.2785714285714286,0.0,20
burckhardt,burckhardt,Burckhardt Laborgebäude,2,brandschutzabschluesse / anschliessen / anschluesse,END,Endmontage,21,205.0,10.0,9.761904761904763,20.0,30.0,229.0,161.0,4.0,2026-07-27,2027-03-12,0.5806150978564771,0.7931034482758621,0,0.0,,10,2,4,205.0,Ausstattung,1.0,1.0,30
burckhardt,burckhardt,Burckhardt Laborgebäude,3,malerarbeiten / finish / decke,END,Endmontage,3,25.0,10.0,8.333333333333334,10.0,10.0,376.0,32.0,1.0,2026-04-13,2027-04-23,0.4827586206896552,0.8322460391425909,0,0.0,,2,2,3,5.0,Ausstattung,1.0,0.2,30
burckhardt,burckhardt,Burckhardt Laborgebäude,4,unterlagsboden / betonieren / ergaenzen,GROB,Grobmontage,12,65.0,5.0,5.416666666666667,5.0,10.0,523.0,67.0,1.0,2025-12-08,2027-05-14,0.36533084808946875,0.8518173345759553,0,0.0,,11,1,1,65.0,Sonstige,0.8125,1.0,10
burckhardt,burckhardt,Burckhardt Laborgebäude,4,unterlagsboden / betonieren / ergaenzen,END,Endmontage,1,15.0,15.0,15.0,15.0,15.0,19.0,19.0,1.0,2026-06-15,2026-07-03,0.5414725069897484,0.5582479030754893,0,0.0,,1,1,1,0.0,Ausbau,0.1875,0.0,30
burckhardt,burckhardt,Burckhardt Laborgebäude,6,schliessen / waende / schotts,GROB,Grobmontage,10,50.0,5.0,5.0,5.0,5.0,68.0,50.0,1.0,2025-03-31,2025-06-06,0.13047530288909598,0.1929170549860205,0,0.0,,10,0,1,0.0,Konstruktion,0.08,0.0,10
burckhardt,burckhardt,Burckhardt Laborgebäude,6,schliessen / waende / schotts,END,Endmontage,52,575.0,10.0,11.057692307692308,15.0,15.0,425.0,391.0,4.0,2026-01-05,2027-03-05,0.391425908667288,0.7865796831314072,0,0.0,,11,3,2,260.0,Ausbau,0.92,0.45217391304347826,30
burckhardt,burckhardt,Burckhardt Laborgebäude,7,reinigung / oberhalb / obergeschosse,END,Endmontage,32,260.0,5.0,8.125,19.50000000000001,20.0,717.0,257.0,3.0,2025-11-03,2027-10-20,0.33271202236719477,1.0,0,0.0,,11,3,2,170.0,Sonstige,1.0,0.6538461538461539,30
burckhardt,burckhardt,Burckhardt Laborgebäude,8,stahlbau / dach / trassen,GROB,Grobmontage,9,45.0,5.0,5.0,5.0,5.0,75.0,45.0,1.0,2025-11-17,2026-01-30,0.34575955265610436,0.4147250698974837,0,0.0,,9,1,1,0.0,Heizung,0.06206896551724138,0.0,10
burckhardt,burckhardt,Burckhardt Laborgebäude,8,stahlbau / dach / trassen,FEIN,Feinmontage,1,5.0,5.0,5.0,5.0,5.0,8.0,8.0,1.0,2026-01-12,2026-01-19,0.3979496738117428,0.4044734389561976,0,0.0,,1,1,1,0.0,Elektro,0.006896551724137931,0.0,20
burckhardt,burckhardt,Burckhardt Laborgebäude,8,stahlbau / dach / trassen,END,Endmontage,92,675.0,5.0,7.336956521739131,10.0,20.0,488.0,358.0,8.0,2026-02-02,2027-06-04,0.4175209692451072,0.8713886300093197,0,0.0,,11,2,10,0.0,Ausbau,0.9310344827586207,0.0,30
burckhardt,burckhardt,Burckhardt Laborgebäude,9,fertigstellung / lbw / mauerwerk,GROB,Grobmontage,2,60.0,30.0,30.0,38.0,40.0,124.0,80.0,1.0,2025-10-06,2026-02-06,0.3066169617893756,0.4212488350419385,0,0.0,,0,0,1,0.0,Konstruktion,0.8,0.0,10
burckhardt,burckhardt,Burckhardt Laborgebäude,9,fertigstellung / lbw / mauerwerk,FEIN,Feinmontage,1,15.0,15.0,15.0,15.0,15.0,19.0,19.0,1.0,2026-08-17,2026-09-04,0.6001863932898416,0.6169617893755824,0,0.0,,1,1,1,0.0,Lüftung,0.2,0.0,20
burckhardt,burckhardt,Burckhardt Laborgebäude,10,elektro / installation / feinmontage,GROB,Grobmontage,12,70.0,5.0,5.833333333333333,5.0,15.0,110.0,74.0,1.0,2025-10-27,2026-02-13,0.32618825722274,0.4277726001863933,0,0.0,,11,1,2,0.0,Elektro,0.3888888888888889,0.0,10
burckhardt,burckhardt,Burckhardt Laborgebäude,10,elektro / installation / feinmontage,FEIN,Feinmontage,11,110.0,10.0,10.0,10.0,10.0,218.0,166.0,2.0,2026-10-19,2027-05-24,0.6589002795899348,0.8611369990680335,0,0.0,,11,1,1,110.0,Elektro,0.6111111111111112,1.0,20
burckhardt,burckhardt,Burckhardt Laborgebäude,11,ulk / endmontage / nshv,FEIN,Feinmontage,21,310.0,20.0,14.761904761904763,20.0,30.0,306.0,279.0,5.0,2026-01-19,2026-11-20,0.4044734389561976,0.6887232059645852,0,0.0,,11,2,1,0.0,Elektro,0.4732824427480916,0.0,20
burckhardt,burckhardt,Burckhardt Laborgebäude,11,ulk / endmontage / nshv,END,Endmontage,29,345.0,10.0,11.89655172413793,20.0,20.0,299.0,286.0,3.0,2026-08-03,2027-05-28,0.587138863000932,0.8648648648648649,0,0.0,,10,3,2,0.0,Elektro,0.5267175572519084,0.0,30
burckhardt,burckhardt,Burckhardt Laborgebäude,12,installation / rueckbauen / aufhaengung,GROB,Grobmontage,5,75.0,15.0,15.0,15.0,15.0,85.0,85.0,3.0,2027-01-11,2027-04-05,0.7371854613233924,0.8154706430568499,0,0.0,,0,1,1,0.0,Konstruktion,1.0,0.0,10
burckhardt,burckhardt,Burckhardt Laborgebäude,15,daemmung / hauptleitungen / terrasse,GROB,Grobmontage,1,5.0,5.0,5.0,5.0,5.0,8.0,8.0,1.0,2026-04-06,2026-04-13,0.4762348555452004,0.4827586206896552,0,0.0,,1,1,1,0.0,Konstruktion,0.0136986301369863,0.0,10
burckhardt,burckhardt,Burckhardt Laborgebäude,15,daemmung / hauptleitungen / terrasse,FEIN,Feinmontage,20,315.0,17.5,15.75,20.0,30.0,313.0,277.0,3.0,2026-02-09,2026-12-18,0.424044734389562,0.7148182665424044,0,0.0,,11,2,1,0.0,Heizung,0.863013698630137,0.0,20
burckhardt,burckhardt,Burckhardt Laborgebäude,15,daemmung / hauptleitungen / terrasse,END,Endmontage,9,45.0,5.0,5.0,5.0,5.0,250.0,47.0,2.0,2025-11-10,2026-07-17,0.33923578751164957,0.5712954333643989,0,0.0,,7,2,1,0.0,Ausbau,0.1232876712328767,0.0,30
burckhardt,burckhardt,Burckhardt Laborgebäude,16,produktion / avor bestellung / apa,GROB,Grobmontage,2,40.0,20.0,20.0,28.0,30.0,75.0,52.0,1.0,2025-11-03,2026-01-16,0.33271202236719477,0.4016775396085741,0,0.0,,2,0,1,0.0,Konstruktion,1.0,0.0,10
burckhardt,burckhardt,Burckhardt Laborgebäude,17,kabelzug / msr / lwl,FEIN,Feinmontage,21,710.0,35.0,33.80952380952381,40.0,60.0,369.0,369.0,6.0,2026-02-02,2027-02-05,0.4175209692451072,0.7604846225535881,0,0.0,,11,2,2,0.0,Elektro,1.0,0.0,20
burckhardt,burckhardt,Burckhardt Laborgebäude,19,decke / verbundstuetzen / betonstuetzen,GROB,Grobmontage,11,70.0,5.0,6.363636363636363,10.0,15.0,361.0,107.0,2.0,2025-05-30,2026-05-25,0.1863932898415657,0.5219012115563839,0,0.0,,10,2,2,70.0,Ausbau,0.25,1.0,10
burckhardt,burckhardt,Burckhardt Laborgebäude,19,decke / verbundstuetzen / betonstuetzen,END,Endmontage,20,210.0,10.0,10.5,10.500000000000007,15.0,327.0,226.0,3.0,2026-06-08,2027-04-30,0.5349487418452936,0.8387698042870456,0,0.0,,10,2,2,0.0,Ausbau,0.75,0.0,30
burckhardt,burckhardt,Burckhardt Laborgebäude,20,cns / verkleidung / seite,END,Endmontage,16,240.0,15.0,15.0,15.0,15.0,432.0,318.0,1.0,2025-12-15,2027-02-19,0.3718546132339236,0.7735321528424977,0,0.0,,10,2,1,150.0,Ausbau,1.0,0.625,30
burckhardt,burckhardt,Burckhardt Laborgebäude,22,demontage / nachtarbeit / theke,GROB,Grobmontage,7,75.0,10.0,10.714285714285714,12.000000000000002,15.0,425.0,79.0,2.0,2026-01-05,2027-03-05,0.391425908667288,0.7865796831314072,0,0.0,,0,1,0,0.0,Konstruktion,1.0,0.0,10
burckhardt,burckhardt,Burckhardt Laborgebäude,23,verkabelung / verschienung / funktionserhalt,FEIN,Feinmontage,13,185.0,10.0,14.23076923076923,27.00000000000001,40.0,264.0,180.0,3.0,2026-06-01,2027-02-19,0.5284249767008388,0.7735321528424977,0,0.0,,11,4,1,0.0,Elektro,1.0,0.0,20
burckhardt,burckhardt,Burckhardt Laborgebäude,24,blitzschutz / brandschott / brandschutzdecke,GROB,Grobmontage,11,110.0,10.0,10.0,10.0,10.0,222.0,132.0,1.0,2026-02-23,2026-10-02,0.43709226467847156,0.6430568499534017,0,0.0,,11,1,1,0.0,Sicherheit,0.6875,0.0,10
burckhardt,burckhardt,Burckhardt Laborgebäude,24,blitzschutz / brandschott / brandschutzdecke,END,Endmontage,10,50.0,5.0,5.0,5.0,5.0,201.0,50.0,1.0,2026-02-02,2026-08-21,0.4175209692451072,0.6039142590866728,0,0.0,,10,3,1,0.0,Ausbau,0.3125,0.0,30
burckhardt,burckhardt,Burckhardt Laborgebäude,26,kaelte / gewerbliche / kuehlzellen,FEIN,Feinmontage,1,5.0,5.0,5.0,5.0,5.0,5.0,5.0,1.0,2026-05-11,2026-05-15,0.5088536812674743,0.5125815470643057,0,0.0,,1,1,1,5.0,Kälte,1.0,1.0,20
burckhardt,burckhardt,Burckhardt Laborgebäude,27,abdichtung / schritt / prov,END,Endmontage,2,40.0,20.0,20.0,20.0,20.0,103.0,52.0,1.0,2026-02-23,2026-06-05,0.43709226467847156,0.53215284249767,0,0.0,,0,0,1,0.0,Gebäudehülle,1.0,0.0,30
burckhardt,burckhardt,Burckhardt Laborgebäude,29,einbringung / aufstellung / montage,END,Endmontage,2,10.0,5.0,5.0,5.0,5.0,124.0,10.0,1.0,2026-08-03,2026-12-04,0.587138863000932,0.7017707362534948,0,0.0,,1,1,1,0.0,Ausstattung,1.0,0.0,30
burckhardt,burckhardt,Burckhardt Laborgebäude,30,boden / zimmermann / nebenraeume,GROB,Grobmontage,9,165.0,15.0,18.333333333333332,30.0,30.0,159.0,153.0,3.0,2024-12-09,2025-05-16,0.0260950605778192,0.1733457595526561,0,0.0,,9,0,1,0.0,Ausbau,0.75,0.0,10
burckhardt,burckhardt,Burckhardt Laborgebäude,30,boden / zimmermann / nebenraeume,END,Endmontage,10,55.0,5.0,5.5,5.499999999999998,10.0,397.0,59.0,2.0,2026-02-16,2027-03-19,0.43056849953401677,0.7996272134203168,0,0.0,,8,3,1,55.0,Ausbau,0.25,1.0,30
burckhardt,burckhardt,Burckhardt Laborgebäude,33,beleuchtung / feinmontage / einbau komponenten,FEIN,Feinmontage,1,15.0,15.0,15.0,15.0,15.0,19.0,19.0,1.0,2027-01-11,2027-01-29,0.7371854613233924,0.7539608574091333,0,0.0,,1,1,1,0.0,Elektro,1.0,0.0,20
burckhardt,burckhardt,Burckhardt Laborgebäude,35,lueftung / montage / monobloecke,GROB,Grobmontage,11,110.0,10.0,10.0,10.0,10.0,110.0,106.0,2.0,2025-11-17,2026-03-06,0.34575955265610436,0.4473438956197577,0,0.0,,11,1,1,0.0,Lüftung,0.6470588235294118,0.0,10
burckhardt,burckhardt,Burckhardt Laborgebäude,35,lueftung / montage / monobloecke,FEIN,Feinmontage,11,60.0,5.0,5.454545454545454,5.0,10.0,229.0,62.0,1.0,2026-03-23,2026-11-06,0.46318732525629075,0.6756756756756757,0,0.0,,11,3,1,60.0,Lüftung,0.35294117647058826,1.0,20
burckhardt,burckhardt,Burckhardt Laborgebäude,36,montage / zone / leuchten,GROB,Grobmontage,1,25.0,25.0,25.0,25.0,25.0,33.0,33.0,1.0,2026-09-14,2026-10-16,0.6262814538676608,0.6561043802423113,0,0.0,,0,1,1,0.0,Elektro,0.01466275659824047,0.0,10
burckhardt,burckhardt,Burckhardt Laborgebäude,36,montage / zone / leuchten,FEIN,Feinmontage,56,900.0,15.0,16.071428571428573,20.0,70.0,474.0,393.0,9.0,2026-01-26,2027-05-14,0.4109972041006524,0.8518173345759553,0,0.0,,11,4,7,0.0,Lüftung,0.5278592375366569,0.0,20
burckhardt,burckhardt,Burckhardt Laborgebäude,36,montage / zone / leuchten,END,Endmontage,90,780.0,10.0,8.666666666666666,15.0,20.0,565.0,461.0,6.0,2025-11-10,2027-05-28,0.33923578751164957,0.8648648648648649,0,0.0,,11,4,8,0.0,Ausbau,0.4574780058651026,0.0,30
burckhardt,burckhardt,Burckhardt Laborgebäude,41,stuetzen / loggia / versetzen,END,Endmontage,45,445.0,10.0,9.88888888888889,15.0,15.0,442.0,378.0,3.0,2025-12-08,2027-02-22,0.36533084808946875,0.7763280521901211,0,0.0,,10,3,2,445.0,Ausbau,1.0,1.0,30
burckhardt,burckhardt,Burckhardt Laborgebäude,46,anschluss / schaltschraenke / feldgeraete,GROB,Grobmontage,1,15.0,15.0,15.0,15.0,15.0,19.0,19.0,1.0,2026-07-27,2026-08-14,0.5806150978564771,0.5973904939422181,0,0.0,,1,1,1,0.0,Lüftung,1.0,0.0,10
burckhardt,burckhardt,Burckhardt Laborgebäude,49,einbau / lueftungskanaele / sbb,GROB,Grobmontage,7,125.0,15.0,17.857142857142858,25.0,25.0,208.0,175.0,1.0,2025-08-25,2026-03-20,0.2674743709226468,0.4603914259086673,0,0.0,,0,0,1,0.0,Gebäudehülle,0.5319148936170213,0.0,10
burckhardt,burckhardt,Burckhardt Laborgebäude,49,einbau / lueftungskanaele / sbb,END,Endmontage,11,110.0,10.0,10.0,10.0,10.0,208.0,145.0,2.0,2025-11-10,2026-06-05,0.33923578751164957,0.53215284249767,0,0.0,,9,2,1,0.0,Ausbau,0.46808510638297873,0.0,30
burckhardt,burckhardt,Burckhardt Laborgebäude,50,heizung / halterungen / uebergeordnete,GROB,Grobmontage,11,55.0,5.0,5.0,5.0,5.0,89.0,55.0,1.0,2025-11-24,2026-02-20,0.35228331780055916,0.4342963653308481,0,0.0,,11,1,1,0.0,Heizung,0.7333333333333333,0.0,10
burckhardt,burckhardt,Burckhardt Laborgebäude,50,heizung / halterungen / uebergeordnete,FEIN,Feinmontage,1,20.0,20.0,20.0,20.0,20.0,26.0,26.0,1.0,2026-06-22,2026-07-17,0.5479962721342032,0.5712954333643989,0,0.0,,1,1,1,0.0,Heizung,0.26666666666666666,0.0,20
burckhardt,burckhardt,Burckhardt Laborgebäude,54,einbauen / doppelboden / schreiner,END,Endmontage,8,50.0,5.0,6.25,7.999999999999998,15.0,152.0,49.0,2.0,2026-10-19,2027-03-19,0.6589002795899348,0.7996272134203168,0,0.0,,8,1,0,50.0,Ausbau,1.0,1.0,30
burckhardt,burckhardt,Burckhardt Laborgebäude,56,sprinkler / spriessfrei / gruppe,GROB,Grobmontage,11,55.0,5.0,5.0,5.0,5.0,89.0,55.0,1.0,2025-12-01,2026-02-27,0.35880708294501396,0.4408201304753029,0,0.0,,11,1,1,0.0,Sprinkler,1.0,0.0,10
burckhardt,burckhardt,Burckhardt Laborgebäude,57,abbruch / achse / betonwaende,GROB,Grobmontage,10,110.0,10.0,11.0,11.499999999999995,25.0,183.0,130.0,3.0,2025-02-28,2025-08-29,0.1015843429636533,0.2712022367194781,0,0.0,,3,0,1,110.0,Konstruktion,1.0,1.0,10
burckhardt,burckhardt,Burckhardt Laborgebäude,58,erstellen / konzept / ausschreibung,END,Endmontage,2,20.0,10.0,10.0,10.0,10.0,89.0,24.0,1.0,2026-01-26,2026-04-24,0.4109972041006524,0.4930102516309413,0,0.0,,0,0,1,0.0,Gebäudehülle,1.0,0.0,30
burckhardt,burckhardt,Burckhardt Laborgebäude,59,technik / raeumung / deckenelemente,GROB,Grobmontage,11,75.0,5.0,6.818181818181818,10.0,20.0,586.0,83.0,1.0,2025-02-17,2026-09-25,0.09133271202236719,0.6365330848089469,0,0.0,,9,1,3,0.0,Sanitär,0.8823529411764706,0.0,10
burckhardt,burckhardt,Burckhardt Laborgebäude,59,technik / raeumung / deckenelemente,END,Endmontage,1,10.0,10.0,10.0,10.0,10.0,12.0,12.0,1.0,2027-06-21,2027-07-02,0.8872320596458527,0.8974836905871388,0,0.0,,0,1,1,10.0,Sonstige,0.11764705882352941,1.0,30
burckhardt,burckhardt,Burckhardt Laborgebäude,60,rueckbau / kofferblech / tragender,GROB,Grobmontage,22,400.0,15.0,18.181818181818183,24.50000000000001,45.0,323.0,259.0,5.0,2025-01-20,2025-12-08,0.06523765144454799,0.36533084808946875,0,0.0,,9,0,2,0.0,Konstruktion,1.0,0.0,10
burckhardt,burckhardt,Burckhardt Laborgebäude,61,fassade / riegel / haupttrassen,GROB,Grobmontage,1,10.0,10.0,10.0,10.0,10.0,12.0,12.0,1.0,2025-11-17,2025-11-28,0.34575955265610436,0.3560111835973905,0,0.0,,0,0,1,0.0,Konstruktion,0.05714285714285714,0.0,10
burckhardt,burckhardt,Burckhardt Laborgebäude,61,fassade / riegel / haupttrassen,END,Endmontage,10,165.0,10.0,16.5,23.999999999999986,60.0,229.0,173.0,2.0,2026-01-12,2026-08-28,0.3979496738117428,0.6104380242311277,0,0.0,,1,0,2,20.0,Gebäudehülle,0.9428571428571428,0.12121212121212122,30
burckhardt,burckhardt,Burckhardt Laborgebäude,62,fassadengeruest / abbau / aufbau,GROB,Grobmontage,2,10.0,5.0,5.0,5.0,5.0,299.0,10.0,1.0,2025-11-10,2026-09-04,0.33923578751164957,0.6169617893755824,0,0.0,,0,0,1,0.0,Gebäudehülle,0.2,0.0,10
burckhardt,burckhardt,Burckhardt Laborgebäude,62,fassadengeruest / abbau / aufbau,END,Endmontage,2,40.0,20.0,20.0,20.0,20.0,362.0,52.0,1.0,2025-07-07,2026-07-03,0.22180801491146318,0.5582479030754893,0,0.0,,0,0,1,0.0,Gebäudehülle,0.8,0.0,30
burckhardt,burckhardt,Burckhardt Laborgebäude,65,decken / waende / streichen,END,Endmontage,44,335.0,5.0,7.613636363636363,13.500000000000014,25.0,463.0,334.0,4.0,2025-11-03,2027-02-08,0.33271202236719477,0.7632805219012115,0,0.0,,11,3,3,275.0,Ausbau,1.0,0.8208955223880597,30
burckhardt,burckhardt,Burckhardt Laborgebäude,67,grobmontage / korridor / steigzone,GROB,Grobmontage,10,120.0,10.0,12.0,20.0,20.0,110.0,101.0,3.0,2024-12-09,2025-03-28,0.0260950605778192,0.1276794035414725,0,0.0,,9,0,1,0.0,Konstruktion,1.0,0.0,10
burckhardt,burckhardt,Burckhardt Laborgebäude,69,fertigstellen / trockenbauwaende / glaswaende,END,Endmontage,10,100.0,10.0,10.0,10.0,10.0,215.0,115.0,2.0,2026-07-13,2027-02-12,0.5675675675675675,0.7670083876980429,0,0.0,,9,2,2,100.0,Ausstattung,1.0,1.0,30
burckhardt,burckhardt,Burckhardt Laborgebäude,71,stromschiene / mediensaeulen / vorgezogene,FEIN,Feinmontage,9,45.0,5.0,5.0,5.0,5.0,187.0,45.0,1.0,2026-01-26,2026-07-31,0.4109972041006524,0.5843429636533085,0,0.0,,9,1,1,45.0,Ausstattung,1.0,1.0,20
burckhardt,burckhardt,Burckhardt Laborgebäude,73,anlage / usv / bereit,END,Endmontage,4,50.0,12.5,12.5,15.0,15.0,201.0,62.0,1.0,2026-03-23,2026-10-09,0.46318732525629075,0.6495806150978565,0,0.0,,1,1,2,50.0,Gebäudehülle,1.0,1.0,30
burckhardt,burckhardt,Burckhardt Laborgebäude,75,prov / bodenaufbau / baulift,GROB,Grobmontage,3,345.0,20.0,115.0,256.0,315.0,985.0,498.0,1.0,2024-11-11,2027-07-23,0.0,0.9170549860205033,0,0.0,,0,1,2,325.0,Transport,1.0,0.9420289855072463,10
burckhardt,burckhardt,Burckhardt Laborgebäude,76,lieferung / montage / isp,FEIN,Feinmontage,8,60.0,5.0,7.5,11.5,15.0,117.0,68.0,1.0,2026-03-30,2026-07-24,0.46971109040074555,0.5778191985088537,0,0.0,,1,1,2,0.0,Lüftung,1.0,0.0,20
burckhardt,burckhardt,Burckhardt Laborgebäude,78,innere / spezialverglasungen / buero,END,Endmontage,9,45.0,5.0,5.0,5.0,5.0,173.0,45.0,1.0,2026-01-05,2026-06-26,0.391425908667288,0.5517241379310345,0,0.0,,9,1,1,45.0,Gebäudehülle,1.0,1.0,30
burckhardt,burckhardt,Burckhardt Laborgebäude,79,sanitaer / halterung / montage,GROB,Grobmontage,11,55.0,5.0,5.0,5.0,5.0,89.0,55.0,1.0,2025-11-24,2026-02-20,0.35228331780055916,0.4342963653308481,0,0.0,,11,1,1,0.0,Sanitär,0.7333333333333333,0.0,10
burckhardt,burckhardt,Burckhardt Laborgebäude,79,sanitaer / halterung / montage,FEIN,Feinmontage,1,20.0,20.0,20.0,20.0,20.0,26.0,26.0,1.0,2026-07-13,2026-08-07,0.5675675675675675,0.5908667287977633,0,0.0,,1,1,1,0.0,Sanitär,0.26666666666666666,0.0,20
dc30,dc30,DC30 Rechenzentrum,0,tueren / einhaengen / montage,FEIN,Feinmontage,3,15.0,5.0,5.0,5.0,5.0,107.0,19.0,1.0,2026-12-03,2027-03-19,0.6463700234192038,0.8946135831381733,0,0.0,,1,1,0,0.0,Elektro,0.028517110266159697,0.0,20
dc30,dc30,DC30 Rechenzentrum,0,tueren / einhaengen / montage,END,Endmontage,54,511.0,10.0,9.462962962962964,12.0,21.0,211.0,201.0,6.0,2026-09-07,2027-04-05,0.4426229508196721,0.9344262295081968,0,0.0,,6,8,0,0.0,Ausbau,0.9714828897338403,0.0,30
dc30,dc30,DC30 Rechenzentrum,1,leitungen / haupt / vorbereitung,GROB,Grobmontage,4,20.0,5.0,5.0,5.0,5.0,51.0,12.0,2.0,2026-07-20,2026-09-08,0.32786885245901637,0.4449648711943794,0,0.0,,2,1,0,20.0,Elektro,0.06557377049180328,1.0,10
dc30,dc30,DC30 Rechenzentrum,1,leitungen / haupt / vorbereitung,FEIN,Feinmontage,36,285.0,5.0,7.916666666666667,15.0,15.0,264.0,161.0,6.0,2026-04-27,2027-01-15,0.13114754098360656,0.747072599531616,0,0.0,,2,11,0,0.0,Heizung,0.9344262295081968,0.0,20
dc30,dc30,DC30 Rechenzentrum,2,brandschutzabschluesse / anschliessen / anschluesse,FEIN,Feinmontage,99,939.0,5.0,9.484848484848484,20.0,31.0,224.0,213.0,13.0,2026-09-15,2027-04-26,0.4613583138173302,0.9836065573770492,0,0.0,,6,14,0,0.0,Automation,1.0,0.0,20
dc30,dc30,DC30 Rechenzentrum,3,malerarbeiten / finish / decke,END,Endmontage,131,1021.0,5.0,7.793893129770993,11.0,46.0,407.0,367.0,24.0,2026-03-09,2027-04-19,0.01639344262295082,0.9672131147540983,0,0.0,,6,11,0,0.0,Ausbau,1.0,0.0,30
dc30,dc30,DC30 Rechenzentrum,4,unterlagsboden / betonieren / ergaenzen,GROB,Grobmontage,36,213.0,5.0,5.916666666666667,5.0,16.0,179.0,133.0,4.0,2026-09-14,2027-03-11,0.45901639344262296,0.8758782201405152,0,0.0,,3,4,0,0.0,Konstruktion,1.0,0.0,10
dc30,dc30,DC30 Rechenzentrum,6,schliessen / waende / schotts,END,Endmontage,47,257.0,5.0,5.468085106382978,5.0,16.0,214.0,145.0,6.0,2026-06-22,2027-01-21,0.26229508196721313,0.7611241217798594,0,0.0,,5,4,0,31.0,Ausbau,1.0,0.12062256809338522,30
dc30,dc30,DC30 Rechenzentrum,7,reinigung / oberhalb / obergeschosse,END,Endmontage,69,346.0,5.0,5.0144927536231885,5.0,7.0,245.0,194.0,5.0,2026-09-01,2027-05-03,0.42857142857142855,1.0,0,0.0,,4,6,0,0.0,Sonstige,1.0,0.0,30
dc30,dc30,DC30 Rechenzentrum,8,stahlbau / dach / trassen,GROB,Grobmontage,87,607.0,5.0,6.977011494252873,10.0,21.0,318.0,217.0,8.0,2026-04-07,2027-02-18,0.08430913348946135,0.8266978922716628,0,0.0,,4,7,0,0.0,Elektro,0.2625432525951557,0.0,10
dc30,dc30,DC30 Rechenzentrum,8,stahlbau / dach / trassen,FEIN,Feinmontage,189,1532.0,5.0,8.105820105820106,11.0,82.0,368.0,358.0,25.0,2026-03-23,2027-03-25,0.04918032786885246,0.9086651053864169,0,0.0,,6,15,0,0.0,Elektro,0.6626297577854672,0.0,20
dc30,dc30,DC30 Rechenzentrum,8,stahlbau / dach / trassen,END,Endmontage,27,173.0,5.0,6.407407407407407,10.0,16.0,203.0,149.0,3.0,2026-07-24,2027-02-11,0.3372365339578454,0.810304449648712,0,0.0,,5,6,0,0.0,Ausbau,0.07482698961937716,0.0,30
dc30,dc30,DC30 Rechenzentrum,9,fertigstellung / lbw / mauerwerk,FEIN,Feinmontage,170,1841.0,10.0,10.829411764705883,17.0,27.0,319.0,319.0,16.0,2026-05-29,2027-04-12,0.20608899297423888,0.9508196721311475,7,0.041176470588235294,,6,14,0,0.0,Kälte,0.9972914409534128,0.0,20
dc30,dc30,DC30 Rechenzentrum,9,fertigstellung / lbw / mauerwerk,END,Endmontage,1,5.0,5.0,5.0,5.0,5.0,5.0,5.0,1.0,2026-06-08,2026-06-12,0.22950819672131148,0.2388758782201405,0,0.0,,1,1,0,0.0,Ausbau,0.0027085590465872156,0.0,30
dc30,dc30,DC30 Rechenzentrum,11,ulk / endmontage / nshv,GROB,Grobmontage,36,314.0,10.0,8.722222222222221,10.5,11.0,189.0,181.0,7.0,2026-06-11,2026-12-16,0.23653395784543327,0.6768149882903981,0,0.0,,3,9,0,0.0,Elektro,0.5567375886524822,0.0,10
dc30,dc30,DC30 Rechenzentrum,11,ulk / endmontage / nshv,FEIN,Feinmontage,31,250.0,5.0,8.064516129032258,10.0,49.0,375.0,244.0,3.0,2026-03-16,2027-03-25,0.03278688524590164,0.9086651053864169,0,0.0,,6,7,0,0.0,Sprinkler,0.4432624113475177,0.0,20
dc30,dc30,DC30 Rechenzentrum,12,installation / rueckbauen / aufhaengung,FEIN,Feinmontage,285,2392.0,9.0,8.39298245614035,10.0,42.0,358.0,306.0,23.0,2026-04-13,2027-04-05,0.09836065573770492,0.9344262295081968,9,0.031578947368421054,,6,13,0,0.0,Elektro,1.0,0.0,20
dc30,dc30,DC30 Rechenzentrum,13,start / termin / natursteinsockel aussen,FEIN,Feinmontage,18,98.0,5.0,5.444444444444445,6.0,10.0,105.0,76.0,4.0,2026-07-28,2026-11-09,0.34660421545667447,0.5901639344262295,0,0.0,,3,2,0,0.0,Kälte,1.0,0.0,20
dc30,dc30,DC30 Rechenzentrum,14,fzag / treppenhaus / beauftragen,END,Endmontage,1,5.0,5.0,5.0,5.0,5.0,5.0,5.0,1.0,2026-09-28,2026-10-02,0.4918032786885246,0.5011709601873536,0,0.0,,1,1,0,0.0,Ausbau,1.0,0.0,30
dc30,dc30,DC30 Rechenzentrum,15,daemmung / hauptleitungen / terrasse,END,Endmontage,6,56.0,7.5,9.333333333333334,15.5,21.0,127.0,58.0,2.0,2026-09-14,2027-01-18,0.45901639344262296,0.7540983606557377,0,0.0,,2,4,0,0.0,Gebäudehülle,1.0,0.0,30
dc30,dc30,DC30 Rechenzentrum,17,kabelzug / msr / lwl,GROB,Grobmontage,2,10.0,5.0,5.0,5.0,5.0,12.0,10.0,1.0,2026-08-03,2026-08-14,0.36065573770491804,0.3864168618266979,0,0.0,,1,1,0,0.0,Elektro,0.0052603892688058915,0.0,10
dc30,dc30,DC30 Rechenzentrum,17,kabelzug / msr / lwl,FEIN,Feinmontage,216,1891.0,5.0,8.75462962962963,16.0,26.0,305.0,265.0,21.0,2026-06-12,2027-04-12,0.2388758782201405,0.9508196721311475,0,0.0,,5,16,0,0.0,Elektro,0.9947396107311941,0.0,20
dc30,dc30,DC30 Rechenzentrum,19,decke / verbundstuetzen / betonstuetzen,FEIN,Feinmontage,39,205.0,5.0,5.256410256410256,5.200000000000003,16.0,340.0,172.0,5.0,2026-03-16,2027-02-18,0.03278688524590164,0.8266978922716628,0,0.0,,4,3,0,0.0,Sprinkler,0.4691075514874142,0.0,20
dc30,dc30,DC30 Rechenzentrum,19,decke / verbundstuetzen / betonstuetzen,END,Endmontage,24,232.0,10.0,9.666666666666666,10.0,21.0,249.0,148.0,6.0,2026-06-01,2027-02-04,0.21311475409836064,0.7939110070257611,0,0.0,,4,4,0,0.0,Ausbau,0.5308924485125858,0.0,30
dc30,dc30,DC30 Rechenzentrum,20,cns / verkleidung / seite,FEIN,Feinmontage,6,160.0,27.5,26.666666666666668,30.0,30.0,130.0,127.0,4.0,2026-07-28,2026-12-04,0.34660421545667447,0.6487119437939111,0,0.0,,1,2,0,0.0,Elektro,1.0,0.0,20
dc30,dc30,DC30 Rechenzentrum,23,verkabelung / verschienung / funktionserhalt,FEIN,Feinmontage,345,3205.0,5.0,9.289855072463768,20.0,75.0,371.0,371.0,42.0,2026-04-07,2027-04-12,0.08430913348946135,0.9508196721311475,0,0.0,,6,17,0,0.0,Elektro,1.0,0.0,20
dc30,dc30,DC30 Rechenzentrum,24,blitzschutz / brandschott / brandschutzdecke,FEIN,Feinmontage,55,288.0,5.0,5.236363636363636,6.0,6.0,340.0,171.0,19.0,2026-03-09,2027-02-11,0.01639344262295082,0.810304449648712,1,0.01818181818181818,,6,9,0,0.0,Elektro,0.7659574468085106,0.0,20
dc30,dc30,DC30 Rechenzentrum,24,blitzschutz / brandschott / brandschutzdecke,END,Endmontage,18,88.0,5.0,4.888888888888889,5.0,5.0,243.0,65.0,8.0,2026-07-17,2027-03-16,0.32084309133489464,0.8875878220140515,0,0.0,,2,6,0,0.0,Ausbau,0.23404255319148937,0.0,30
dc30,dc30,DC30 Rechenzentrum,26,kaelte / gewerbliche / kuehlzellen,FEIN,Feinmontage,276,1767.0,5.0,6.4021739130434785,10.0,38.0,347.0,310.0,23.0,2026-04-20,2027-04-01,0.11475409836065574,0.9250585480093677,6,0.021739130434782608,,6,12,0,513.0,Kälte,1.0,0.2903225806451613,20
dc30,dc30,DC30 Rechenzentrum,27,abdichtung / schritt / prov,END,Endmontage,26,346.0,13.0,13.307692307692308,16.0,26.0,266.0,249.0,5.0,2026-06-24,2027-03-16,0.26697892271662765,0.8875878220140515,0,0.0,,2,5,0,326.0,Gebäudehülle,1.0,0.9421965317919075,30
dc30,dc30,DC30 Rechenzentrum,29,einbringung / aufstellung / montage,FEIN,Feinmontage,20,132.0,5.0,6.6,10.600000000000009,16.0,178.0,129.0,3.0,2026-08-18,2027-02-11,0.3957845433255269,0.810304449648712,0,0.0,,4,3,0,0.0,Kälte,1.0,0.0,20
dc30,dc30,DC30 Rechenzentrum,30,boden / zimmermann / nebenraeume,GROB,Grobmontage,5,24.0,5.0,4.8,5.0,5.0,67.0,30.0,1.0,2026-07-28,2026-10-02,0.34660421545667447,0.5011709601873536,0,0.0,,1,2,0,0.0,Automation,0.03619909502262444,0.0,10
dc30,dc30,DC30 Rechenzentrum,30,boden / zimmermann / nebenraeume,FEIN,Feinmontage,72,426.0,5.0,5.916666666666667,5.0,16.0,185.0,166.0,8.0,2026-08-25,2027-02-25,0.41217798594847777,0.8430913348946136,0,0.0,,3,4,0,0.0,Elektro,0.6425339366515838,0.0,20
dc30,dc30,DC30 Rechenzentrum,30,boden / zimmermann / nebenraeume,END,Endmontage,36,213.0,5.0,5.916666666666667,5.0,16.0,179.0,159.0,3.0,2026-09-07,2027-03-04,0.4426229508196721,0.8594847775175644,0,0.0,,3,4,0,0.0,Ausbau,0.3212669683257919,0.0,30
dc30,dc30,DC30 Rechenzentrum,31,einbringen / aufstellen / anbringen,END,Endmontage,18,101.0,5.0,5.611111111111111,5.0,16.0,137.0,113.0,2.0,2026-10-12,2027-02-25,0.5245901639344263,0.8430913348946136,0,0.0,,3,2,0,0.0,Ausbau,1.0,0.0,30
dc30,dc30,DC30 Rechenzentrum,33,beleuchtung / feinmontage / einbau komponenten,FEIN,Feinmontage,117,660.0,5.0,5.641025641025641,6.0,22.0,365.0,305.0,7.0,2026-04-13,2027-04-12,0.09836065573770492,0.9508196721311475,0,0.0,,6,13,0,0.0,Elektro,1.0,0.0,20
dc30,dc30,DC30 Rechenzentrum,35,lueftung / montage / monobloecke,FEIN,Feinmontage,219,1834.0,5.0,8.374429223744292,15.0,59.0,338.0,336.0,28.0,2026-03-30,2027-03-02,0.06557377049180328,0.8548009367681498,3,0.0136986301369863,,6,11,0,460.0,Lüftung,0.9765708200212992,0.25081788440567065,20
dc30,dc30,DC30 Rechenzentrum,35,lueftung / montage / monobloecke,END,Endmontage,9,44.0,5.0,4.888888888888889,5.0,5.0,116.0,34.0,3.0,2026-07-28,2026-11-20,0.34660421545667447,0.6159250585480094,0,0.0,,1,3,0,0.0,Ausbau,0.023429179978700747,0.0,30
dc30,dc30,DC30 Rechenzentrum,36,montage / zone / leuchten,GROB,Grobmontage,62,539.0,5.0,8.693548387096774,10.0,69.0,250.0,237.0,20.0,2026-03-16,2026-11-20,0.03278688524590164,0.6159250585480094,0,0.0,,3,14,0,0.0,Konstruktion,0.20883378535451375,0.0,10
dc30,dc30,DC30 Rechenzentrum,36,montage / zone / leuchten,FEIN,Feinmontage,205,1747.0,5.0,8.521951219512195,15.0,69.0,373.0,357.0,35.0,2026-03-16,2027-03-23,0.03278688524590164,0.9039812646370023,1,0.004878048780487805,,6,14,0,0.0,Elektro,0.6768694304533127,0.0,20
dc30,dc30,DC30 Rechenzentrum,36,montage / zone / leuchten,END,Endmontage,33,295.0,5.0,8.93939393939394,15.0,36.0,291.0,189.0,9.0,2026-03-30,2027-01-14,0.06557377049180328,0.7447306791569087,0,0.0,,2,9,0,0.0,Gebäudehülle,0.11429678419217358,0.0,30
dc30,dc30,DC30 Rechenzentrum,37,installieren / einmessen / wandverkleidung,FEIN,Feinmontage,72,935.0,13.5,12.98611111111111,15.0,26.0,275.0,275.0,11.0,2026-05-13,2027-02-11,0.1686182669789227,0.810304449648712,19,0.2638888888888889,,3,4,0,0.0,Kälte,1.0,0.0,20
dc30,dc30,DC30 Rechenzentrum,39,montieren / aufmalen / equipment,FEIN,Feinmontage,18,103.0,5.0,5.722222222222222,6.0,15.0,91.0,78.0,5.0,2026-08-11,2026-11-09,0.3793911007025761,0.5901639344262295,0,0.0,,3,2,0,0.0,Sprinkler,1.0,0.0,20
dc30,dc30,DC30 Rechenzentrum,41,stuetzen / loggia / versetzen,END,Endmontage,3,15.0,5.0,5.0,5.0,5.0,93.0,17.0,1.0,2026-09-17,2026-12-18,0.46604215456674475,0.6814988290398126,0,0.0,,1,1,0,15.0,Transport,1.0,1.0,30
dc30,dc30,DC30 Rechenzentrum,44,rlt / kanaele / bsk,FEIN,Feinmontage,71,636.0,10.0,8.95774647887324,11.0,15.0,208.0,164.0,17.0,2026-03-16,2026-10-09,0.03278688524590164,0.5175644028103045,0,0.0,,5,4,0,0.0,Elektro,1.0,0.0,20
dc30,dc30,DC30 Rechenzentrum,46,anschluss / schaltschraenke / feldgeraete,FEIN,Feinmontage,81,838.0,10.0,10.345679012345679,10.0,51.0,389.0,224.0,11.0,2026-03-02,2027-03-25,0.0,0.9086651053864169,0,0.0,,6,11,0,0.0,Elektro,1.0,0.0,20
dc30,dc30,DC30 Rechenzentrum,48,mock / metall / deckensegel,END,Endmontage,1,10.0,10.0,10.0,10.0,10.0,14.0,14.0,1.0,2027-02-02,2027-02-15,0.7892271662763466,0.819672131147541,0,0.0,,1,1,0,0.0,Gebäudehülle,1.0,0.0,30
dc30,dc30,DC30 Rechenzentrum,49,einbau / lueftungskanaele / sbb,FEIN,Feinmontage,3,15.0,5.0,5.0,5.0,5.0,72.0,19.0,1.0,2026-09-24,2026-12-04,0.48243559718969553,0.6487119437939111,0,0.0,,1,1,0,0.0,Elektro,0.5,0.0,20
dc30,dc30,DC30 Rechenzentrum,49,einbau / lueftungskanaele / sbb,END,Endmontage,3,15.0,5.0,5.0,5.0,5.0,89.0,17.0,1.0,2026-08-17,2026-11-13,0.39344262295081966,0.5995316159250585,0,0.0,,1,1,0,0.0,Ausbau,0.5,0.0,30
dc30,dc30,DC30 Rechenzentrum,50,heizung / halterungen / uebergeordnete,FEIN,Feinmontage,3,16.0,5.0,5.333333333333333,5.8,6.0,44.0,20.0,1.0,2026-08-20,2026-10-02,0.40046838407494145,0.5011709601873536,0,0.0,,1,1,0,0.0,Kälte,1.0,0.0,20
dc30,dc30,DC30 Rechenzentrum,52,anstrich / ral / weissputz,END,Endmontage,9,56.0,5.0,6.222222222222222,7.200000000000002,16.0,153.0,53.0,3.0,2026-08-26,2027-01-25,0.41451990632318503,0.7704918032786885,0,0.0,,4,2,0,56.0,Ausbau,1.0,1.0,30
dc30,dc30,DC30 Rechenzentrum,54,einbauen / doppelboden / schreiner,FEIN,Feinmontage,21,122.0,5.0,5.809523809523809,10.0,10.0,116.0,69.0,7.0,2026-07-28,2026-11-20,0.34660421545667447,0.6159250585480094,0,0.0,,1,3,0,0.0,Elektro,1.0,0.0,20
dc30,dc30,DC30 Rechenzentrum,57,abbruch / achse / betonwaende,FEIN,Feinmontage,3,150.0,50.0,50.0,50.0,50.0,117.0,117.0,3.0,2026-08-03,2026-11-27,0.36065573770491804,0.6323185011709602,0,0.0,,3,2,0,0.0,Sonstige,1.0,0.0,20
dc30,dc30,DC30 Rechenzentrum,60,rueckbau / kofferblech / tragender,GROB,Grobmontage,12,73.0,5.0,6.083333333333333,6.0,16.0,142.0,78.0,2.0,2026-10-12,2027-03-02,0.5245901639344263,0.8548009367681498,0,0.0,,1,5,0,0.0,Gebäudehülle,1.0,0.0,10
dc30,dc30,DC30 Rechenzentrum,61,fassade / riegel / haupttrassen,GROB,Grobmontage,12,62.0,5.0,5.166666666666667,5.9,6.0,84.0,53.0,4.0,2026-07-24,2026-10-15,0.3372365339578454,0.531615925058548,0,0.0,,1,4,0,0.0,Konstruktion,0.9253731343283582,0.0,10
dc30,dc30,DC30 Rechenzentrum,61,fassade / riegel / haupttrassen,END,Endmontage,1,5.0,5.0,5.0,5.0,5.0,5.0,5.0,1.0,2026-03-23,2026-03-27,0.04918032786885246,0.0585480093676815,0,0.0,,1,1,0,0.0,Gebäudehülle,0.07462686567164178,0.0,30
dc30,dc30,DC30 Rechenzentrum,63,bodenbelag / bodenplatte / bodenbelaege,END,Endmontage,9,73.0,9.0,8.11111111111111,10.0,10.0,74.0,64.0,3.0,2026-07-28,2026-10-09,0.34660421545667447,0.5175644028103045,0,0.0,,1,3,0,0.0,Ausbau,1.0,0.0,30
dc30,dc30,DC30 Rechenzentrum,65,decken / waende / streichen,FEIN,Feinmontage,36,186.0,5.0,5.166666666666667,6.0,6.0,136.0,79.0,12.0,2026-05-06,2026-09-18,0.1522248243559719,0.468384074941452,0,0.0,,3,4,0,0.0,Sprinkler,0.6992481203007519,0.0,20
dc30,dc30,DC30 Rechenzentrum,65,decken / waende / streichen,END,Endmontage,16,80.0,5.0,5.0,5.0,5.0,253.0,66.0,4.0,2026-06-08,2027-02-15,0.22950819672131148,0.819672131147541,0,0.0,,5,2,0,45.0,Ausbau,0.3007518796992481,0.5625,30
dc30,dc30,DC30 Rechenzentrum,66,feldgeraete / beschriftung / hauptkanaele,FEIN,Feinmontage,36,213.0,5.0,5.916666666666667,5.0,16.0,178.0,135.0,4.0,2026-08-25,2027-02-18,0.41217798594847777,0.8266978922716628,0,0.0,,3,4,0,0.0,Automation,1.0,0.0,20
dc30,dc30,DC30 Rechenzentrum,67,grobmontage / korridor / steigzone,GROB,Grobmontage,36,206.0,5.0,5.722222222222222,6.0,24.0,135.0,116.0,7.0,2026-05-21,2026-10-02,0.1873536299765808,0.5011709601873536,0,0.0,,3,4,0,0.0,Elektro,1.0,0.0,10
dc30,dc30,DC30 Rechenzentrum,68,beschichtung / epoxy / raeume,GROB,Grobmontage,2,15.0,7.5,7.5,9.5,10.0,14.0,14.0,2.0,2026-07-29,2026-08-11,0.34894613583138173,0.3793911007025761,0,0.0,,2,2,0,0.0,Ausbau,0.01824817518248175,0.0,10
dc30,dc30,DC30 Rechenzentrum,68,beschichtung / epoxy / raeume,END,Endmontage,136,807.0,5.0,5.9338235294117645,5.0,59.0,332.0,329.0,10.0,2026-04-07,2027-03-04,0.08430913348946135,0.8594847775175644,1,0.007352941176470588,,5,12,0,0.0,Ausbau,0.9817518248175182,0.0,30
dc30,dc30,DC30 Rechenzentrum,69,fertigstellen / trockenbauwaende / glaswaende,END,Endmontage,36,180.0,5.0,5.0,5.0,5.0,129.0,124.0,4.0,2026-08-17,2026-12-23,0.39344262295081966,0.6932084309133489,0,0.0,,3,2,0,0.0,Ausbau,1.0,0.0,30
dc30,dc30,DC30 Rechenzentrum,70,lift / shift / climb,FEIN,Feinmontage,68,372.0,5.0,5.470588235294118,5.0,16.0,227.0,210.0,9.0,2026-07-28,2027-03-11,0.34660421545667447,0.8758782201405152,0,0.0,,5,8,0,0.0,Transport,1.0,0.0,20
dc30,dc30,DC30 Rechenzentrum,71,stromschiene / mediensaeulen / vorgezogene,FEIN,Feinmontage,84,878.0,10.0,10.452380952380953,15.0,65.0,298.0,298.0,15.0,2026-04-27,2027-02-18,0.13114754098360656,0.8266978922716628,0,0.0,,4,7,0,0.0,Elektro,1.0,0.0,20
dc30,dc30,DC30 Rechenzentrum,72,dobo / hobo / flur,FEIN,Feinmontage,147,894.0,5.0,6.081632653061225,10.0,21.0,227.0,211.0,14.0,2026-07-28,2027-03-11,0.34660421545667447,0.8758782201405152,1,0.006802721088435374,,4,6,0,0.0,Elektro,0.49392265193370166,0.0,20
dc30,dc30,DC30 Rechenzentrum,72,dobo / hobo / flur,END,Endmontage,137,916.0,5.0,6.686131386861314,10.0,21.0,234.0,228.0,13.0,2026-07-28,2027-03-18,0.34660421545667447,0.892271662763466,1,0.0072992700729927005,,5,6,0,91.0,Ausbau,0.5060773480662983,0.09934497816593886,30
dc30,dc30,DC30 Rechenzentrum,73,anlage / usv / bereit,FEIN,Feinmontage,1,5.0,5.0,5.0,5.0,5.0,7.0,7.0,1.0,2026-08-28,2026-09-03,0.41920374707259955,0.4332552693208431,0,0.0,,1,1,0,0.0,Transport,1.0,0.0,20
dc30,dc30,DC30 Rechenzentrum,74,verlegen / parkett / naturstein,FEIN,Feinmontage,6,31.0,5.0,5.166666666666667,5.5,6.0,59.0,26.0,3.0,2026-09-15,2026-11-12,0.4613583138173302,0.5971896955503513,0,0.0,,1,2,0,0.0,Elektro,0.6888888888888889,0.0,20
dc30,dc30,DC30 Rechenzentrum,74,verlegen / parkett / naturstein,END,Endmontage,3,14.0,5.0,4.666666666666667,5.0,5.0,18.0,12.0,2.0,2026-07-28,2026-08-14,0.34660421545667447,0.3864168618266979,0,0.0,,1,1,0,14.0,Gebäudehülle,0.3111111111111111,1.0,30
dc30,dc30,DC30 Rechenzentrum,75,prov / bodenaufbau / baulift,GROB,Grobmontage,36,204.0,5.0,5.666666666666667,5.0,16.0,182.0,139.0,4.0,2026-10-13,2027-04-12,0.5269320843091335,0.9508196721311475,0,0.0,,3,4,0,204.0,Automation,1.0,1.0,10
dc30,dc30,DC30 Rechenzentrum,76,lieferung / montage / isp,FEIN,Feinmontage,91,531.0,5.0,5.835164835164835,6.0,16.0,340.0,221.0,10.0,2026-05-15,2027-04-19,0.17330210772833723,0.9672131147540983,0,0.0,,6,13,0,0.0,Automation,1.0,0.0,20
dc30,dc30,DC30 Rechenzentrum,78,innere / spezialverglasungen / buero,FEIN,Feinmontage,6,60.0,10.0,10.0,10.0,10.0,117.0,50.0,2.0,2026-07-20,2026-11-13,0.32786885245901637,0.5995316159250585,0,0.0,,5,2,0,0.0,Sprinkler,0.6,0.0,20
dc30,dc30,DC30 Rechenzentrum,78,innere / spezialverglasungen / buero,END,Endmontage,4,40.0,10.0,10.0,10.0,10.0,82.0,38.0,2.0,2026-08-03,2026-10-23,0.36065573770491804,0.550351288056206,0,0.0,,4,2,0,40.0,Sprinkler,0.4,1.0,30
dc30,dc30,DC30 Rechenzentrum,79,sanitaer / halterung / montage,FEIN,Feinmontage,81,449.0,5.0,5.54320987654321,6.0,16.0,248.0,214.0,16.0,2026-04-20,2026-12-23,0.11475409836065574,0.6932084309133489,0,0.0,,5,8,0,0.0,Sanitär,1.0,0.0,20
elp_v6,elp,ELP Masterterminplan V6,0,tueren / einhaengen / montage,END,Endmontage,17,36.0,1.0,2.1176470588235294,5.200000000000003,10.0,929.0,54.0,2.0,2024-08-12,2027-02-26,0.13711702661978906,0.6032144650929181,0,0.0,,3,17,1,0.0,Elektro,1.0,0.0,30
elp_v6,elp,ELP Masterterminplan V6,1,leitungen / haupt / vorbereitung,GROB,Grobmontage,22,180.0,5.0,8.181818181818182,15.0,29.0,1031.0,153.0,9.0,2024-06-17,2027-04-13,0.1089904570567554,0.6263184329482672,0,0.0,,3,8,3,60.0,Ausbau,0.18163471241170534,0.3333333333333333,10
elp_v6,elp,ELP Masterterminplan V6,1,leitungen / haupt / vorbereitung,FEIN,Feinmontage,250,811.0,2.0,3.244,5.0,15.0,1062.0,292.0,17.0,2024-07-15,2027-06-11,0.12305374183827222,0.6559517830236062,0,0.0,,3,17,3,0.0,Heizung,0.8183652875882946,0.0,20
elp_v6,elp,ELP Masterterminplan V6,2,brandschutzabschluesse / anschliessen / anschluesse,FEIN,Feinmontage,1,15.0,15.0,15.0,15.0,15.0,22.0,22.0,1.0,2026-08-31,2026-09-21,0.5133098945253641,0.5238573581115018,0,0.0,,1,1,1,0.0,Elektro,0.009398496240601503,0.0,20
elp_v6,elp,ELP Masterterminplan V6,2,brandschutzabschluesse / anschliessen / anschluesse,END,Endmontage,111,1581.0,5.0,14.243243243243244,15.0,550.0,1361.0,1102.0,13.0,2023-11-13,2027-08-04,0.0,0.683073832245103,0,0.0,,3,18,5,681.0,Elektro,0.9906015037593985,0.4307400379506641,30
elp_v6,elp,ELP Masterterminplan V6,3,malerarbeiten / finish / decke,END,Endmontage,23,211.0,10.0,9.173913043478262,10.0,10.0,611.0,157.0,6.0,2025-04-07,2026-12-08,0.25665494726268206,0.5630336514314415,0,0.0,,3,13,0,131.0,Ausbau,1.0,0.6208530805687204,30
elp_v6,elp,ELP Masterterminplan V6,4,unterlagsboden / betonieren / ergaenzen,GROB,Grobmontage,40,415.0,10.0,10.375,20.0,20.0,774.0,294.0,9.0,2025-06-10,2027-07-23,0.2887995981918634,0.6770467101958815,0,0.0,,3,15,0,415.0,Ausbau,0.9764705882352941,1.0,10
elp_v6,elp,ELP Masterterminplan V6,4,unterlagsboden / betonieren / ergaenzen,END,Endmontage,1,10.0,10.0,10.0,10.0,10.0,12.0,12.0,1.0,2025-04-07,2025-04-18,0.25665494726268206,0.2621798091411351,0,0.0,,1,1,0,0.0,Ausbau,0.023529411764705882,0.0,30
elp_v6,elp,ELP Masterterminplan V6,6,schliessen / waende / schotts,END,Endmontage,18,288.0,10.0,16.0,31.400000000000027,65.0,897.0,252.0,4.0,2024-04-26,2026-10-09,0.08287292817679558,0.532898041185334,0,0.0,,4,6,1,246.0,Konstruktion,1.0,0.8541666666666666,30
elp_v6,elp,ELP Masterterminplan V6,7,reinigung / oberhalb / obergeschosse,END,Endmontage,20,193.0,10.0,9.65,20.0,20.0,519.0,189.0,3.0,2025-09-12,2027-02-12,0.33601205424409847,0.5961828227021597,0,0.0,,3,15,2,80.0,Sonstige,1.0,0.41450777202072536,30
elp_v6,elp,ELP Masterterminplan V6,8,stahlbau / dach / trassen,GROB,Grobmontage,19,43.0,2.0,2.263157894736842,3.0,3.0,223.0,18.0,5.0,2026-01-23,2026-09-02,0.40281265695630336,0.5143144148669011,0,0.0,,3,4,2,0.0,Sonstige,0.04455958549222798,0.0,10
elp_v6,elp,ELP Masterterminplan V6,8,stahlbau / dach / trassen,FEIN,Feinmontage,72,540.0,5.0,7.5,10.0,50.0,1081.0,323.0,13.0,2024-07-29,2027-07-14,0.13008538422903063,0.6725263686589653,0,0.0,,3,17,1,0.0,Elektro,0.5595854922279793,0.0,20
elp_v6,elp,ELP Masterterminplan V6,8,stahlbau / dach / trassen,END,Endmontage,63,382.0,5.0,6.063492063492063,10.0,15.0,1095.0,231.0,12.0,2024-08-12,2027-08-11,0.13711702661978906,0.6865896534404822,0,0.0,,3,14,1,0.0,Elektro,0.39585492227979274,0.0,30
elp_v6,elp,ELP Masterterminplan V6,10,elektro / installation / feinmontage,FEIN,Feinmontage,79,386.0,5.0,4.886075949367089,5.0,20.0,512.0,217.0,13.0,2026-01-26,2027-06-21,0.40431943746860877,0.6609743847312908,3,0.0379746835443038,,3,18,2,336.0,Elektro,0.7689243027888446,0.8704663212435233,20
elp_v6,elp,ELP Masterterminplan V6,10,elektro / installation / feinmontage,END,Endmontage,63,116.0,1.0,1.8412698412698412,4.0,5.0,1061.0,93.0,11.0,2024-08-12,2027-07-08,0.13711702661978906,0.6695128076343546,0,0.0,,3,17,1,0.0,Elektro,0.23107569721115537,0.0,30
elp_v6,elp,ELP Masterterminplan V6,11,ulk / endmontage / nshv,GROB,Grobmontage,15,66.0,1.0,4.4,10.0,10.0,107.0,28.0,5.0,2026-07-15,2026-10-29,0.4897036664992466,0.5429432446007032,0,0.0,,3,4,1,0.0,Sonstige,0.11301369863013698,0.0,10
elp_v6,elp,ELP Masterterminplan V6,11,ulk / endmontage / nshv,FEIN,Feinmontage,9,39.0,5.0,4.333333333333333,5.0,5.0,173.0,41.0,3.0,2026-06-04,2026-11-23,0.4691109994977398,0.5554997488699146,0,0.0,,3,6,1,0.0,Sonstige,0.06678082191780822,0.0,20
elp_v6,elp,ELP Masterterminplan V6,11,ulk / endmontage / nshv,END,Endmontage,84,479.0,5.0,5.7023809523809526,10.0,20.0,1045.0,280.0,9.0,2024-07-08,2027-05-18,0.11953792064289302,0.6438975389251632,0,0.0,,3,19,4,377.0,Sonstige,0.8202054794520548,0.7870563674321504,30
elp_v6,elp,ELP Masterterminplan V6,12,installation / rueckbauen / aufhaengung,GROB,Grobmontage,15,155.0,5.0,10.333333333333334,20.0,20.0,211.0,64.0,5.0,2026-01-27,2026-08-25,0.4048216976393772,0.5102963335007534,0,0.0,,3,4,1,0.0,Sonstige,0.48589341692789967,0.0,10
elp_v6,elp,ELP Masterterminplan V6,12,installation / rueckbauen / aufhaengung,FEIN,Feinmontage,11,134.0,15.0,12.181818181818182,16.0,18.0,399.0,176.0,2.0,2026-04-10,2027-05-13,0.44148669010547464,0.6413862380713209,1,0.09090909090909091,,2,3,5,5.0,Elektro,0.4200626959247649,0.03731343283582089,20
elp_v6,elp,ELP Masterterminplan V6,12,installation / rueckbauen / aufhaengung,END,Endmontage,2,30.0,15.0,15.0,15.0,15.0,43.0,43.0,2.0,2026-06-18,2026-07-30,0.47614264188849825,0.4972375690607735,0,0.0,,1,1,2,0.0,Lüftung,0.09404388714733543,0.0,30
elp_v6,elp,ELP Masterterminplan V6,13,start / termin / natursteinsockel aussen,END,Endmontage,2,130.0,65.0,65.0,65.0,65.0,469.0,185.0,1.0,2027-06-17,2028-09-27,0.6589653440482169,0.8940231039678553,0,0.0,,0,0,0,130.0,Sonstige,1.0,1.0,30
elp_v6,elp,ELP Masterterminplan V6,14,fzag / treppenhaus / beauftragen,END,Endmontage,2,6.0,3.0,3.0,4.6,5.0,636.0,10.0,1.0,2025-10-01,2027-06-28,0.34555499748869917,0.66449020592667,0,0.0,,2,2,1,0.0,Ausbau,1.0,0.0,30
elp_v6,elp,ELP Masterterminplan V6,15,daemmung / hauptleitungen / terrasse,GROB,Grobmontage,1,3.0,3.0,3.0,3.0,3.0,3.0,3.0,1.0,2026-09-07,2026-09-09,0.5168257157207433,0.5178302360622803,0,0.0,,1,1,0,0.0,Gebäudehülle,0.02459016393442623,0.0,10
elp_v6,elp,ELP Masterterminplan V6,15,daemmung / hauptleitungen / terrasse,END,Endmontage,12,119.0,10.0,9.916666666666666,10.0,15.0,414.0,95.0,4.0,2025-07-29,2026-09-15,0.3134103465595178,0.520843797086891,0,0.0,,3,9,2,0.0,Ausbau,0.9754098360655737,0.0,30
elp_v6,elp,ELP Masterterminplan V6,17,kabelzug / msr / lwl,FEIN,Feinmontage,73,1005.0,15.0,13.767123287671232,20.0,30.0,1088.0,350.0,16.0,2024-07-15,2027-07-07,0.12305374183827222,0.6690105474635861,0,0.0,,3,18,1,15.0,Elektro,0.9940652818991098,0.014925373134328358,20
elp_v6,elp,ELP Masterterminplan V6,17,kabelzug / msr / lwl,END,Endmontage,4,6.0,1.5,1.5,2.0,2.0,18.0,6.0,2.0,2025-05-19,2025-06-05,0.2777498744349573,0.2862882973380211,0,0.0,,1,1,0,0.0,Elektro,0.005934718100890208,0.0,30
elp_v6,elp,ELP Masterterminplan V6,18,ende termin / daemmung / start ende,END,Endmontage,3,30.0,10.0,10.0,10.0,10.0,856.0,40.0,1.0,2024-12-09,2027-04-13,0.19688598694123555,0.6263184329482672,0,0.0,,1,3,0,30.0,Ausbau,1.0,1.0,30
elp_v6,elp,ELP Masterterminplan V6,19,decke / verbundstuetzen / betonstuetzen,GROB,Grobmontage,65,516.0,5.0,7.938461538461539,12.0,30.0,912.0,444.0,6.0,2024-05-14,2026-11-11,0.09191361125062783,0.5494726268206931,0,0.0,,4,32,2,396.0,Konstruktion,1.0,0.7674418604651163,10
elp_v6,elp,ELP Masterterminplan V6,20,cns / verkleidung / seite,END,Endmontage,18,160.0,5.0,8.88888888888889,23.000000000000007,40.0,534.0,212.0,3.0,2025-04-07,2026-09-22,0.25665494726268206,0.5243596182822702,0,0.0,,3,3,0,71.0,Ausbau,1.0,0.44375,30
elp_v6,elp,ELP Masterterminplan V6,21,dichtheitspruefung / medienversorgung / ende,GROB,Grobmontage,5,34.0,7.0,6.8,9.0,9.0,296.0,49.0,2.0,2025-05-19,2026-03-10,0.2777498744349573,0.42591662481165243,0,0.0,,1,3,1,34.0,Konstruktion,1.0,1.0,10
elp_v6,elp,ELP Masterterminplan V6,22,demontage / nachtarbeit / theke,GROB,Grobmontage,18,80.0,2.0,4.444444444444445,10.0,10.0,518.0,107.0,4.0,2025-05-15,2026-10-14,0.27574083375188346,0.5354093420391763,0,0.0,,2,2,1,20.0,Sonstige,0.26143790849673204,0.25,10
elp_v6,elp,ELP Masterterminplan V6,22,demontage / nachtarbeit / theke,FEIN,Feinmontage,14,113.0,7.0,8.071428571428571,15.0,20.0,1179.0,41.0,10.0,2026-02-03,2029-04-26,0.4083375188347564,1.0,1,0.07142857142857142,,1,2,9,0.0,Lüftung,0.369281045751634,0.0,20
elp_v6,elp,ELP Masterterminplan V6,22,demontage / nachtarbeit / theke,END,Endmontage,30,113.0,1.0,3.7666666666666666,10.0,15.0,298.0,46.0,7.0,2025-05-13,2026-03-06,0.27473631341034654,0.4239075841285786,0,0.0,,1,2,9,0.0,Ausbau,0.369281045751634,0.0,30
elp_v6,elp,ELP Masterterminplan V6,23,verkabelung / verschienung / funktionserhalt,END,Endmontage,1,5.0,5.0,5.0,5.0,5.0,9.0,9.0,1.0,2026-03-30,2026-04-07,0.4359618282270216,0.43997990959316924,0,0.0,,1,1,1,0.0,Elektro,1.0,0.0,30
elp_v6,elp,ELP Masterterminplan V6,26,kaelte / gewerbliche / kuehlzellen,FEIN,Feinmontage,5,33.0,1.0,6.6,15.0,15.0,431.0,50.0,1.0,2025-05-20,2026-07-24,0.2782521346057258,0.49422400803616273,0,0.0,,1,3,1,18.0,Kälte,1.0,0.5454545454545454,20
elp_v6,elp,ELP Masterterminplan V6,27,abdichtung / schritt / prov,GROB,Grobmontage,2,92.0,46.0,46.0,78.8,87.0,610.0,132.0,1.0,2025-02-03,2026-10-05,0.2250125565042692,0.5308890005022602,0,0.0,,1,2,1,0.0,Gebäudehülle,0.9484536082474226,0.0,10
elp_v6,elp,ELP Masterterminplan V6,27,abdichtung / schritt / prov,END,Endmontage,1,5.0,5.0,5.0,5.0,5.0,5.0,5.0,1.0,2024-02-05,2024-02-09,0.04218985434455048,0.04419889502762431,0,0.0,,1,1,1,5.0,Konstruktion,0.05154639175257732,1.0,30
elp_v6,elp,ELP Masterterminplan V6,29,einbringung / aufstellung / montage,GROB,Grobmontage,9,14.0,1.0,1.5555555555555556,2.6000000000000005,5.0,153.0,23.0,2.0,2026-05-08,2026-10-07,0.45554997488699145,0.531893520843797,0,0.0,,3,9,1,0.0,Lüftung,1.0,0.0,10
elp_v6,elp,ELP Masterterminplan V6,30,boden / zimmermann / nebenraeume,END,Endmontage,11,103.0,15.0,9.363636363636363,15.0,15.0,558.0,95.0,4.0,2025-05-15,2026-11-23,0.27574083375188346,0.5554997488699146,0,0.0,,2,6,0,95.0,Ausbau,1.0,0.9223300970873787,30
elp_v6,elp,ELP Masterterminplan V6,31,einbringen / aufstellen / anbringen,GROB,Grobmontage,25,101.0,3.0,4.04,5.0,15.0,1032.0,102.0,7.0,2024-06-17,2027-04-14,0.1089904570567554,0.6268206931190357,0,0.0,,3,11,3,0.0,Lüftung,0.4279661016949153,0.0,10
elp_v6,elp,ELP Masterterminplan V6,31,einbringen / aufstellen / anbringen,FEIN,Feinmontage,17,135.0,5.0,7.9411764705882355,20.0,20.0,866.0,174.0,3.0,2024-09-02,2027-01-15,0.14766449020592667,0.5821195379206429,0,0.0,,2,12,2,125.0,Ausbau,0.5720338983050848,0.9259259259259259,20
elp_v6,elp,ELP Masterterminplan V6,32,wmp / erstellung / dks,GROB,Grobmontage,1,48.0,48.0,48.0,48.0,48.0,86.0,86.0,1.0,2025-11-24,2026-02-17,0.37267704671019586,0.4153691612255148,0,0.0,,1,1,1,0.0,Konstruktion,1.0,0.0,10
elp_v6,elp,ELP Masterterminplan V6,33,beleuchtung / feinmontage / einbau komponenten,GROB,Grobmontage,1,15.0,15.0,15.0,15.0,15.0,21.0,21.0,1.0,2026-02-19,2026-03-11,0.41637368156705173,0.4264188849824209,0,0.0,,1,1,1,0.0,Elektro,0.1171875,0.0,10
elp_v6,elp,ELP Masterterminplan V6,33,beleuchtung / feinmontage / einbau komponenten,END,Endmontage,17,113.0,5.0,6.647058823529412,10.0,10.0,929.0,135.0,3.0,2024-08-12,2027-02-26,0.13711702661978906,0.6032144650929181,0,0.0,,3,16,2,23.0,Elektro,0.8828125,0.20353982300884957,30
elp_v6,elp,ELP Masterterminplan V6,35,lueftung / montage / monobloecke,FEIN,Feinmontage,75,345.0,3.0,4.6,8.0,20.0,914.0,194.0,8.0,2024-07-15,2027-01-14,0.12305374183827222,0.5816172777498745,0,0.0,,3,17,3,93.0,Lüftung,1.0,0.26956521739130435,20
elp_v6,elp,ELP Masterterminplan V6,36,montage / zone / leuchten,GROB,Grobmontage,279,799.0,2.0,2.8637992831541217,5.0,10.0,376.0,210.0,18.0,2026-05-08,2027-05-18,0.45554997488699145,0.6438975389251632,0,0.0,,3,9,4,0.0,Elektro,0.5694939415538133,0.0,10
elp_v6,elp,ELP Masterterminplan V6,36,montage / zone / leuchten,FEIN,Feinmontage,188,410.0,2.0,2.1808510638297873,3.0,20.0,1074.0,248.0,11.0,2024-07-15,2027-06-23,0.12305374183827222,0.6619789050728278,0,0.0,,3,14,4,0.0,Elektro,0.29223093371347114,0.0,20
elp_v6,elp,ELP Masterterminplan V6,36,montage / zone / leuchten,END,Endmontage,21,194.0,5.0,9.238095238095237,25.0,30.0,1003.0,229.0,3.0,2024-07-01,2027-03-30,0.11602209944751381,0.6192867905575088,0,0.0,,2,4,0,0.0,Ausbau,0.1382751247327156,0.0,30
elp_v6,elp,ELP Masterterminplan V6,38,test / integrale / ibs,END,Endmontage,46,449.0,10.0,9.76086956521739,15.0,15.0,454.0,166.0,9.0,2026-06-03,2027-08-30,0.4686087393269714,0.6961325966850829,1,0.021739130434782608,,3,9,1,0.0,Sonstige,1.0,0.0,30
elp_v6,elp,ELP Masterterminplan V6,39,montieren / aufmalen / equipment,GROB,Grobmontage,11,100.0,10.0,9.090909090909092,10.0,15.0,848.0,110.0,3.0,2024-06-03,2026-09-28,0.10195881466599699,0.527373179306881,0,0.0,,3,11,0,0.0,Ausbau,0.5988023952095808,0.0,10
elp_v6,elp,ELP Masterterminplan V6,39,montieren / aufmalen / equipment,FEIN,Feinmontage,7,35.0,5.0,5.0,5.0,5.0,90.0,47.0,2.0,2026-04-01,2026-06-29,0.43696634856855854,0.4816675037669513,0,0.0,,1,6,0,0.0,Sonstige,0.20958083832335328,0.0,20
elp_v6,elp,ELP Masterterminplan V6,39,montieren / aufmalen / equipment,END,Endmontage,4,32.0,5.0,8.0,15.500000000000004,20.0,143.0,52.0,1.0,2026-04-29,2026-09-18,0.45102963335007534,0.5223505775991963,0,0.0,,3,4,1,0.0,Sprinkler,0.19161676646706588,0.0,30
elp_v6,elp,ELP Masterterminplan V6,41,stuetzen / loggia / versetzen,FEIN,Feinmontage,1,5.0,5.0,5.0,5.0,5.0,8.0,8.0,1.0,2026-09-08,2026-09-15,0.5173279758915118,0.520843797086891,0,0.0,,1,1,0,0.0,Sanitär,0.011682242990654205,0.0,20
elp_v6,elp,ELP Masterterminplan V6,41,stuetzen / loggia / versetzen,END,Endmontage,26,423.0,10.0,16.26923076923077,14.5,180.0,719.0,452.0,6.0,2025-03-03,2027-02-19,0.23907584128578604,0.5996986438975389,1,0.038461538461538464,,3,14,4,422.0,Ausbau,0.9883177570093458,0.9976359338061466,30
elp_v6,elp,ELP Masterterminplan V6,42,treppen / ausgleichsschicht / stahleinlagen,GROB,Grobmontage,1,5.0,5.0,5.0,5.0,5.0,5.0,5.0,1.0,2024-04-08,2024-04-12,0.07383224510296334,0.07584128578603717,0,0.0,,1,1,1,0.0,Konstruktion,1.0,0.0,10
elp_v6,elp,ELP Masterterminplan V6,45,schreinerarbeiten / restarbeiten / abdichtungsarbeiten,GROB,Grobmontage,1,30.0,30.0,30.0,30.0,30.0,49.0,49.0,1.0,2026-04-01,2026-05-19,0.43696634856855854,0.4610748367654445,0,0.0,,1,1,1,0.0,Konstruktion,0.7692307692307693,0.0,10
elp_v6,elp,ELP Masterterminplan V6,45,schreinerarbeiten / restarbeiten / abdichtungsarbeiten,FEIN,Feinmontage,1,4.0,4.0,4.0,4.0,4.0,4.0,4.0,1.0,2026-02-17,2026-02-20,0.4153691612255148,0.41687594173782017,0,0.0,,1,1,0,0.0,Lüftung,0.10256410256410256,0.0,20
elp_v6,elp,ELP Masterterminplan V6,45,schreinerarbeiten / restarbeiten / abdichtungsarbeiten,END,Endmontage,1,5.0,5.0,5.0,5.0,5.0,8.0,8.0,1.0,2026-10-27,2026-11-03,0.5419387242591662,0.5454545454545454,0,0.0,,1,1,0,0.0,Ausbau,0.1282051282051282,0.0,30
elp_v6,elp,ELP Masterterminplan V6,46,anschluss / schaltschraenke / feldgeraete,GROB,Grobmontage,1,10.0,10.0,10.0,10.0,10.0,14.0,14.0,1.0,2026-06-23,2026-07-06,0.4786539427423405,0.48518332496233046,0,0.0,,1,1,1,0.0,Konstruktion,0.018018018018018018,0.0,10
elp_v6,elp,ELP Masterterminplan V6,46,anschluss / schaltschraenke / feldgeraete,FEIN,Feinmontage,47,435.0,10.0,9.25531914893617,20.0,20.0,384.0,181.0,10.0,2026-07-03,2027-07-21,0.4836765444500251,0.6760421898543445,0,0.0,,3,9,1,0.0,Elektro,0.7837837837837838,0.0,20
elp_v6,elp,ELP Masterterminplan V6,46,anschluss / schaltschraenke / feldgeraete,END,Endmontage,22,110.0,5.0,5.0,5.0,20.0,1081.0,59.0,11.0,2024-02-12,2027-01-27,0.045705675539929685,0.5881466599698644,0,0.0,,4,5,4,20.0,Sonstige,0.1981981981981982,0.18181818181818182,30
elp_v6,elp,ELP Masterterminplan V6,49,einbau / lueftungskanaele / sbb,GROB,Grobmontage,2,39.0,19.5,19.5,27.1,29.0,138.0,51.0,1.0,2025-11-03,2026-03-20,0.36212958312405824,0.430939226519337,0,0.0,,1,1,1,0.0,Konstruktion,0.22941176470588234,0.0,10
elp_v6,elp,ELP Masterterminplan V6,49,einbau / lueftungskanaele / sbb,FEIN,Feinmontage,2,14.0,7.0,7.0,8.6,9.0,15.0,15.0,2.0,2026-05-05,2026-05-19,0.4540431943746861,0.4610748367654445,0,0.0,,1,2,1,0.0,Kälte,0.08235294117647059,0.0,20
elp_v6,elp,ELP Masterterminplan V6,49,einbau / lueftungskanaele / sbb,END,Endmontage,11,117.0,5.0,10.636363636363637,20.0,20.0,264.0,91.0,4.0,2026-05-07,2027-01-25,0.455047714716223,0.5871421396283275,0,0.0,,2,6,0,5.0,Ausbau,0.6882352941176471,0.042735042735042736,30
elp_v6,elp,ELP Masterterminplan V6,52,anstrich / ral / weissputz,END,Endmontage,39,217.0,5.0,5.564102564102564,10.0,10.0,259.0,175.0,6.0,2026-05-08,2027-01-21,0.45554997488699145,0.5851330989452537,0,0.0,,3,11,0,50.0,Ausbau,1.0,0.2304147465437788,30
elp_v6,elp,ELP Masterterminplan V6,54,einbauen / doppelboden / schreiner,END,Endmontage,15,88.0,5.0,5.866666666666666,10.0,10.0,504.0,113.0,2.0,2025-08-22,2027-01-07,0.32546459065796085,0.5781014565544952,0,0.0,,3,7,0,83.0,Ausbau,1.0,0.9431818181818182,30
elp_v6,elp,ELP Masterterminplan V6,56,sprinkler / spriessfrei / gruppe,GROB,Grobmontage,15,850.0,60.0,56.666666666666664,120.0,120.0,1188.0,697.0,5.0,2023-11-13,2027-02-12,0.0,0.5961828227021597,0,0.0,,2,9,2,850.0,Konstruktion,1.0,1.0,10
elp_v6,elp,ELP Masterterminplan V6,57,abbruch / achse / betonwaende,GROB,Grobmontage,56,802.0,10.0,14.321428571428571,20.0,120.0,869.0,449.0,7.0,2024-01-22,2026-06-08,0.03515821195379206,0.47112004018081366,0,0.0,,4,22,5,460.0,Konstruktion,0.9876847290640394,0.57356608478803,10
elp_v6,elp,ELP Masterterminplan V6,57,abbruch / achse / betonwaende,END,Endmontage,4,10.0,2.0,2.5,4.4,5.0,129.0,13.0,1.0,2025-05-14,2025-09-19,0.27523857358111503,0.33952787543947766,0,0.0,,2,2,1,0.0,Konstruktion,0.012315270935960592,0.0,30
elp_v6,elp,ELP Masterterminplan V6,58,erstellen / konzept / ausschreibung,GROB,Grobmontage,26,337.0,10.0,12.961538461538462,27.0,54.0,445.0,338.0,9.0,2025-06-20,2026-09-07,0.29382219989954794,0.5168257157207433,0,0.0,,3,5,2,0.0,Sicherheit,0.6673267326732674,0.0,10
elp_v6,elp,ELP Masterterminplan V6,58,erstellen / konzept / ausschreibung,FEIN,Feinmontage,16,117.0,7.5,7.3125,10.0,10.0,250.0,142.0,3.0,2026-05-07,2027-01-11,0.455047714716223,0.580110497237569,0,0.0,,3,16,0,0.0,Sicherheit,0.2316831683168317,0.0,20
elp_v6,elp,ELP Masterterminplan V6,58,erstellen / konzept / ausschreibung,END,Endmontage,5,51.0,10.0,10.2,16.0,20.0,789.0,78.0,2.0,2025-05-15,2027-07-12,0.27574083375188346,0.6715218483174284,0,0.0,,2,3,2,0.0,Ausbau,0.100990099009901,0.0,30
elp_v6,elp,ELP Masterterminplan V6,59,technik / raeumung / deckenelemente,GROB,Grobmontage,2,59.0,29.5,29.5,41.1,44.0,149.0,88.0,1.0,2026-04-22,2026-09-17,0.44751381215469616,0.521848317428428,0,0.0,,1,1,1,0.0,Konstruktion,0.053297199638663056,0.0,10
elp_v6,elp,ELP Masterterminplan V6,59,technik / raeumung / deckenelemente,END,Endmontage,70,1048.0,10.0,14.971428571428572,20.0,91.0,1105.0,543.0,14.0,2024-08-08,2027-08-17,0.13510798593671522,0.6896032144650929,1,0.014285714285714285,,3,22,4,249.0,Automation,0.9467028003613369,0.23759541984732824,30
elp_v6,elp,ELP Masterterminplan V6,60,rueckbau / kofferblech / tragender,GROB,Grobmontage,5,79.0,15.0,15.8,27.4,29.0,75.0,73.0,2.0,2026-03-02,2026-05-15,0.42189854344550476,0.4590657960823707,0,0.0,,1,1,1,0.0,Konstruktion,0.6370967741935484,0.0,10
elp_v6,elp,ELP Masterterminplan V6,60,rueckbau / kofferblech / tragender,FEIN,Feinmontage,2,30.0,15.0,15.0,15.0,15.0,23.0,23.0,2.0,2026-03-16,2026-04-07,0.4289301858362632,0.43997990959316924,0,0.0,,1,2,1,0.0,Konstruktion,0.24193548387096775,0.0,20
elp_v6,elp,ELP Masterterminplan V6,60,rueckbau / kofferblech / tragender,END,Endmontage,2,15.0,7.5,7.5,9.5,10.0,40.0,17.0,1.0,2026-02-09,2026-03-20,0.41135107985936714,0.430939226519337,0,0.0,,1,1,2,0.0,Konstruktion,0.12096774193548387,0.0,30
elp_v6,elp,ELP Masterterminplan V6,61,fassade / riegel / haupttrassen,END,Endmontage,5,75.0,15.0,15.0,20.0,20.0,866.0,104.0,1.0,2024-09-30,2027-02-12,0.1617277749874435,0.5961828227021597,0,0.0,,1,3,1,75.0,Gebäudehülle,1.0,1.0,30
elp_v6,elp,ELP Masterterminplan V6,62,fassadengeruest / abbau / aufbau,GROB,Grobmontage,6,85.0,15.0,14.166666666666666,15.0,15.0,125.0,125.0,2.0,2026-05-29,2026-09-30,0.46609743847312907,0.5283776996484179,0,0.0,,1,1,1,0.0,Sonstige,0.3811659192825112,0.0,10
elp_v6,elp,ELP Masterterminplan V6,62,fassadengeruest / abbau / aufbau,END,Endmontage,4,138.0,28.0,34.5,61.50000000000001,75.0,254.0,193.0,2.0,2026-02-04,2026-10-15,0.4088397790055249,0.5359116022099447,0,0.0,,1,2,2,138.0,Konstruktion,0.6188340807174888,1.0,30
elp_v6,elp,ELP Masterterminplan V6,64,zla / kommerz / halle,END,Endmontage,2,6.0,3.0,3.0,4.6,5.0,810.0,6.0,1.0,2023-11-13,2026-01-30,0.0,0.40632847815168255,0,0.0,,1,1,1,0.0,Lüftung,1.0,0.0,30
elp_v6,elp,ELP Masterterminplan V6,65,decken / waende / streichen,GROB,Grobmontage,13,230.0,20.0,17.692307692307693,25.0,40.0,864.0,186.0,4.0,2024-06-24,2026-11-04,0.1125062782521346,0.5459568056253139,0,0.0,,3,13,1,0.0,Sonstige,0.6824925816023739,0.0,10
elp_v6,elp,ELP Masterterminplan V6,65,decken / waende / streichen,END,Endmontage,11,107.0,10.0,9.727272727272727,15.0,20.0,547.0,93.0,4.0,2025-06-03,2026-12-01,0.28528377699648416,0.5595178302360623,0,0.0,,3,7,1,105.0,Ausbau,0.31750741839762614,0.9813084112149533,30
elp_v6,elp,ELP Masterterminplan V6,66,feldgeraete / beschriftung / hauptkanaele,FEIN,Feinmontage,223,557.0,2.0,2.497757847533632,5.0,15.0,1065.0,227.0,14.0,2024-07-15,2027-06-14,0.12305374183827222,0.6574585635359116,0,0.0,,3,19,3,0.0,Heizung,1.0,0.0,20
elp_v6,elp,ELP Masterterminplan V6,67,grobmontage / korridor / steigzone,GROB,Grobmontage,9,285.0,5.0,31.666666666666668,62.000000000000036,230.0,635.0,406.0,2.0,2025-01-20,2026-10-16,0.2179809141135108,0.5364138623807132,0,0.0,,3,8,2,255.0,Sonstige,1.0,0.8947368421052632,10
elp_v6,elp,ELP Masterterminplan V6,68,beschichtung / epoxy / raeume,END,Endmontage,2,20.0,10.0,10.0,10.0,10.0,15.0,15.0,2.0,2026-07-17,2026-07-31,0.49070818684078354,0.4977398292315419,0,0.0,,1,1,0,20.0,Ausbau,1.0,1.0,30
elp_v6,elp,ELP Masterterminplan V6,69,fertigstellen / trockenbauwaende / glaswaende,GROB,Grobmontage,1,10.0,10.0,10.0,10.0,10.0,15.0,15.0,1.0,2026-05-26,2026-06-09,0.4645906579608237,0.47162230035158215,0,0.0,,1,1,0,0.0,Sanitär,0.060240963855421686,0.0,10
elp_v6,elp,ELP Masterterminplan V6,69,fertigstellen / trockenbauwaende / glaswaende,END,Endmontage,17,156.0,10.0,9.176470588235293,10.0,15.0,856.0,151.0,4.0,2024-12-09,2027-04-13,0.19688598694123555,0.6263184329482672,0,0.0,,3,14,1,105.0,Ausbau,0.9397590361445783,0.6730769230769231,30
elp_v6,elp,ELP Masterterminplan V6,70,lift / shift / climb,FEIN,Feinmontage,1,10.0,10.0,10.0,10.0,10.0,12.0,12.0,1.0,2026-02-16,2026-02-27,0.4148669010547464,0.4203917629331994,0,0.0,,1,1,1,10.0,Konstruktion,1.0,1.0,20
elp_v6,elp,ELP Masterterminplan V6,73,anlage / usv / bereit,FEIN,Feinmontage,2,6.0,3.0,3.0,3.0,3.0,3.0,3.0,2.0,2026-10-07,2026-10-09,0.531893520843797,0.532898041185334,0,0.0,,1,1,1,0.0,Lüftung,0.015873015873015872,0.0,20
elp_v6,elp,ELP Masterterminplan V6,73,anlage / usv / bereit,END,Endmontage,80,372.0,2.0,4.65,10.0,60.0,1335.0,243.0,12.0,2023-11-13,2027-07-09,0.0,0.6700150678051231,2,0.025,,3,16,5,251.0,Elektro,0.9841269841269841,0.6747311827956989,30
elp_v6,elp,ELP Masterterminplan V6,75,prov / bodenaufbau / baulift,GROB,Grobmontage,7,118.0,20.0,16.857142857142858,26.000000000000007,35.0,494.0,128.0,3.0,2025-07-01,2026-11-06,0.299347061778001,0.5469613259668509,0,0.0,,2,3,2,93.0,Umgebung,0.8740740740740741,0.788135593220339,10
elp_v6,elp,ELP Masterterminplan V6,75,prov / bodenaufbau / baulift,FEIN,Feinmontage,1,5.0,5.0,5.0,5.0,5.0,8.0,8.0,1.0,2027-01-07,2027-01-14,0.5781014565544952,0.5816172777498745,0,0.0,,1,1,1,0.0,Lüftung,0.037037037037037035,0.0,20
elp_v6,elp,ELP Masterterminplan V6,75,prov / bodenaufbau / baulift,END,Endmontage,2,12.0,6.0,6.0,9.2,10.0,55.0,23.0,1.0,2025-07-02,2025-08-25,0.29984932194876945,0.3269713711702662,0,0.0,,2,2,1,0.0,Ausbau,0.08888888888888889,0.0,30
elp_v6,elp,ELP Masterterminplan V6,76,lieferung / montage / isp,FEIN,Feinmontage,55,55.0,1.0,1.0,1.0,1.0,344.0,55.0,7.0,2026-06-10,2027-05-19,0.4721245605223506,0.6443997990959317,0,0.0,,3,9,0,0.0,Elektro,0.6875,0.0,20
elp_v6,elp,ELP Masterterminplan V6,76,lieferung / montage / isp,END,Endmontage,1,25.0,25.0,25.0,25.0,25.0,40.0,40.0,1.0,2025-04-25,2025-06-03,0.26569563033651433,0.28528377699648416,0,0.0,,1,1,0,0.0,Elektro,0.3125,0.0,30
elp_v6,elp,ELP Masterterminplan V6,77,etappe / spundwaende / ziehen,GROB,Grobmontage,15,257.0,10.0,17.133333333333333,45.999999999999986,72.0,458.0,284.0,3.0,2025-09-17,2026-12-18,0.33852335509794074,0.5680562531391261,0,0.0,,2,6,3,212.0,Konstruktion,1.0,0.8249027237354085,10
elp_v6,elp,ELP Masterterminplan V6,78,innere / spezialverglasungen / buero,END,Endmontage,1,50.0,50.0,50.0,50.0,50.0,72.0,72.0,1.0,2027-05-03,2027-07-13,0.6363636363636364,0.6720241084881969,0,0.0,,0,0,0,50.0,Ausbau,1.0,1.0,30
elp_v6,elp,ELP Masterterminplan V6,79,sanitaer / halterung / montage,FEIN,Feinmontage,73,148.0,2.0,2.0273972602739727,2.0,5.0,1053.0,123.0,7.0,2024-07-22,2027-06-09,0.12656956303365144,0.6549472626820693,0,0.0,,3,18,1,1.0,Sanitär,0.31223628691983124,0.006756756756756757,20
elp_v6,elp,ELP Masterterminplan V6,79,sanitaer / halterung / montage,END,Endmontage,59,326.0,5.0,5.52542372881356,5.0,15.0,426.0,159.0,11.0,2026-05-15,2027-07-14,0.4590657960823707,0.6725263686589653,0,0.0,,3,13,1,0.0,Sanitär,0.6877637130801688,0.0,30
elp_v7,elp,ELP Masterterminplan V7,0,tueren / einhaengen / montage,END,Endmontage,5,5.0,1.0,1.0,1.0,1.0,127.0,14.0,1.0,2027-04-20,2027-08-24,0.7044943820224719,0.7752808988764045,0,0.0,,1,5,1,0.0,Elektro,1.0,0.0,30
elp_v7,elp,ELP Masterterminplan V7,1,leitungen / haupt / vorbereitung,GROB,Grobmontage,8,88.0,10.0,11.0,18.999999999999993,40.0,1356.0,109.0,2.0,2023-11-13,2027-07-30,0.0,0.7612359550561798,0,0.0,,2,2,2,18.0,Ausbau,0.4512820512820513,0.20454545454545456,10
elp_v7,elp,ELP Masterterminplan V7,1,leitungen / haupt / vorbereitung,FEIN,Feinmontage,31,107.0,3.0,3.4516129032258065,5.0,5.0,182.0,83.0,6.0,2027-02-05,2027-08-05,0.6629213483146067,0.7646067415730337,0,0.0,,1,5,3,0.0,Sanitär,0.5487179487179488,0.0,20
elp_v7,elp,ELP Masterterminplan V7,2,brandschutzabschluesse / anschliessen / anschluesse,END,Endmontage,28,755.0,5.0,26.964285714285715,11.500000000000004,550.0,1424.0,948.0,8.0,2023-11-13,2027-10-06,0.0,0.799438202247191,0,0.0,,3,11,5,600.0,Elektro,1.0,0.7947019867549668,30
elp_v7,elp,ELP Masterterminplan V7,3,malerarbeiten / finish / decke,END,Endmontage,12,105.0,10.0,8.75,10.0,10.0,240.0,122.0,2.0,2027-02-23,2027-10-20,0.6730337078651686,0.8073033707865168,0,0.0,,3,7,0,55.0,Ausbau,1.0,0.5238095238095238,30
elp_v7,elp,ELP Masterterminplan V7,4,unterlagsboden / betonieren / ergaenzen,GROB,Grobmontage,17,178.0,10.0,10.470588235294118,17.0,20.0,937.0,214.0,3.0,2025-04-23,2027-11-15,0.29606741573033707,0.8219101123595506,0,0.0,,3,7,1,168.0,Ausbau,1.0,0.9438202247191011,10
elp_v7,elp,ELP Masterterminplan V7,6,schliessen / waende / schotts,END,Endmontage,4,40.0,10.0,10.0,13.5,15.0,988.0,51.0,1.0,2025-01-06,2027-09-20,0.23595505617977527,0.7904494382022472,0,0.0,,2,1,1,40.0,Konstruktion,1.0,1.0,30
elp_v7,elp,ELP Masterterminplan V7,7,reinigung / oberhalb / obergeschosse,END,Endmontage,2,15.0,7.5,7.5,9.5,10.0,78.0,22.0,1.0,2027-02-11,2027-04-29,0.6662921348314607,0.7095505617977528,0,0.0,,1,2,0,0.0,Sonstige,1.0,0.0,30
elp_v7,elp,ELP Masterterminplan V7,8,stahlbau / dach / trassen,GROB,Grobmontage,3,16.0,3.0,5.333333333333333,8.6,10.0,899.0,17.0,2.0,2024-08-14,2027-01-29,0.1544943820224719,0.6589887640449438,0,0.0,,2,1,1,0.0,Sonstige,0.14545454545454545,0.0,10
elp_v7,elp,ELP Masterterminplan V7,8,stahlbau / dach / trassen,FEIN,Feinmontage,9,55.0,5.0,6.111111111111111,10.0,10.0,193.0,70.0,2.0,2027-02-05,2027-08-16,0.6629213483146067,0.7707865168539326,0,0.0,,1,5,1,0.0,Elektro,0.5,0.0,20
elp_v7,elp,ELP Masterterminplan V7,8,stahlbau / dach / trassen,END,Endmontage,8,39.0,5.0,4.875,6.499999999999999,10.0,194.0,54.0,2.0,2027-02-18,2027-08-30,0.6702247191011236,0.7786516853932585,0,0.0,,1,4,1,0.0,Elektro,0.35454545454545455,0.0,30
elp_v7,elp,ELP Masterterminplan V7,9,fertigstellung / lbw / mauerwerk,GROB,Grobmontage,6,116.0,13.0,19.333333333333332,35.0,45.0,275.0,156.0,1.0,2023-11-13,2024-08-13,0.0,0.15393258426966291,0,0.0,,1,0,1,0.0,Konstruktion,1.0,0.0,10
elp_v7,elp,ELP Masterterminplan V7,10,elektro / installation / feinmontage,FEIN,Feinmontage,8,40.0,5.0,5.0,5.0,5.0,172.0,44.0,3.0,2027-02-05,2027-07-26,0.6629213483146067,0.7589887640449439,0,0.0,,1,5,1,35.0,Elektro,0.6349206349206349,0.875,20
elp_v7,elp,ELP Masterterminplan V7,10,elektro / installation / feinmontage,END,Endmontage,8,23.0,4.0,2.875,4.0,4.0,130.0,34.0,4.0,2027-04-20,2027-08-27,0.7044943820224719,0.7769662921348315,0,0.0,,1,5,1,0.0,Elektro,0.36507936507936506,0.0,30
elp_v7,elp,ELP Masterterminplan V7,11,ulk / endmontage / nshv,GROB,Grobmontage,8,51.0,5.0,6.375,10.0,10.0,431.0,64.0,2.0,2026-06-01,2027-08-05,0.5230337078651686,0.7646067415730337,0,0.0,,3,5,2,0.0,Sonstige,0.4180327868852459,0.0,10
elp_v7,elp,ELP Masterterminplan V7,11,ulk / endmontage / nshv,FEIN,Feinmontage,1,5.0,5.0,5.0,5.0,5.0,7.0,7.0,1.0,2027-03-11,2027-03-17,0.6820224719101123,0.6853932584269663,0,0.0,,1,1,1,0.0,Sonstige,0.040983606557377046,0.0,20
elp_v7,elp,ELP Masterterminplan V7,11,ulk / endmontage / nshv,END,Endmontage,14,66.0,5.0,4.714285714285714,5.0,5.0,1377.0,73.0,3.0,2023-11-13,2027-08-20,0.0,0.7730337078651686,0,0.0,,1,5,2,45.0,Sonstige,0.5409836065573771,0.6818181818181818,30
elp_v7,elp,ELP Masterterminplan V7,12,installation / rueckbauen / aufhaengung,GROB,Grobmontage,2,10.0,5.0,5.0,5.0,5.0,7.0,7.0,2.0,2027-01-20,2027-01-26,0.6539325842696629,0.6573033707865169,0,0.0,,1,1,0,0.0,Sonstige,0.30303030303030304,0.0,10
elp_v7,elp,ELP Masterterminplan V7,12,installation / rueckbauen / aufhaengung,FEIN,Feinmontage,5,23.0,1.0,4.6,10.0,10.0,1377.0,25.0,3.0,2023-11-13,2027-08-20,0.0,0.7730337078651686,0,0.0,,1,1,0,23.0,Ausbau,0.696969696969697,1.0,20
elp_v7,elp,ELP Masterterminplan V7,13,start / termin / natursteinsockel aussen,END,Endmontage,2,130.0,65.0,65.0,65.0,65.0,469.0,185.0,1.0,2027-06-17,2028-09-27,0.7370786516853932,1.0,0,0.0,,0,0,0,130.0,Sonstige,1.0,1.0,30
elp_v7,elp,ELP Masterterminplan V7,14,fzag / treppenhaus / beauftragen,GROB,Grobmontage,1,3.0,3.0,3.0,3.0,3.0,5.0,5.0,1.0,2023-12-29,2024-01-02,0.025842696629213482,0.028089887640449437,0,0.0,,1,0,1,0.0,Konstruktion,1.0,0.0,10
elp_v7,elp,ELP Masterterminplan V7,15,daemmung / hauptleitungen / terrasse,GROB,Grobmontage,4,39.0,10.0,9.75,11.4,12.0,919.0,40.0,2.0,2024-10-17,2027-04-23,0.1904494382022472,0.7061797752808989,0,0.0,,2,2,1,0.0,Gebäudehülle,0.609375,0.0,10
elp_v7,elp,ELP Masterterminplan V7,15,daemmung / hauptleitungen / terrasse,END,Endmontage,3,25.0,10.0,8.333333333333334,10.0,10.0,28.0,28.0,2.0,2027-01-19,2027-02-15,0.653370786516854,0.6685393258426966,0,0.0,,2,2,0,0.0,Ausbau,0.390625,0.0,30
elp_v7,elp,ELP Masterterminplan V7,17,kabelzug / msr / lwl,FEIN,Feinmontage,10,120.0,15.0,12.0,15.0,15.0,179.0,101.0,5.0,2027-02-05,2027-08-02,0.6629213483146067,0.7629213483146068,0,0.0,,1,5,1,0.0,Elektro,1.0,0.0,20
elp_v7,elp,ELP Masterterminplan V7,18,ende termin / daemmung / start ende,END,Endmontage,1,10.0,10.0,10.0,10.0,10.0,15.0,15.0,1.0,2027-07-16,2027-07-30,0.753370786516854,0.7612359550561798,0,0.0,,1,1,0,10.0,Ausbau,1.0,1.0,30
elp_v7,elp,ELP Masterterminplan V7,19,decke / verbundstuetzen / betonstuetzen,GROB,Grobmontage,53,515.0,10.0,9.716981132075471,12.0,15.0,1290.0,513.0,6.0,2023-11-13,2027-05-25,0.0,0.7241573033707865,0,0.0,,3,36,1,465.0,Konstruktion,1.0,0.9029126213592233,10
elp_v7,elp,ELP Masterterminplan V7,20,cns / verkleidung / seite,END,Endmontage,4,39.0,12.0,9.75,14.0,14.0,1373.0,51.0,1.0,2023-11-13,2027-08-16,0.0,0.7707865168539326,0,0.0,,1,3,1,39.0,Konstruktion,1.0,1.0,30
elp_v7,elp,ELP Masterterminplan V7,21,dichtheitspruefung / medienversorgung / ende,GROB,Grobmontage,1,7.0,7.0,7.0,7.0,7.0,10.0,10.0,1.0,2025-05-19,2025-05-28,0.3106741573033708,0.31573033707865167,0,0.0,,1,1,1,7.0,Konstruktion,1.0,1.0,10
elp_v7,elp,ELP Masterterminplan V7,22,demontage / nachtarbeit / theke,GROB,Grobmontage,4,19.0,5.0,4.75,7.1000000000000005,8.0,1228.0,19.0,2.0,2023-11-13,2027-03-24,0.0,0.6893258426966292,0,0.0,,2,2,1,1.0,Sonstige,1.0,0.05263157894736842,10
elp_v7,elp,ELP Masterterminplan V7,27,abdichtung / schritt / prov,GROB,Grobmontage,6,72.0,14.5,12.0,18.0,20.0,464.0,96.0,1.0,2024-01-15,2025-04-22,0.03539325842696629,0.2955056179775281,0,0.0,,1,0,1,0.0,Konstruktion,0.5413533834586466,0.0,10
elp_v7,elp,ELP Masterterminplan V7,27,abdichtung / schritt / prov,END,Endmontage,4,61.0,20.0,15.25,20.0,20.0,1328.0,82.0,1.0,2023-11-13,2027-07-02,0.0,0.7455056179775281,0,0.0,,2,1,1,61.0,Gebäudehülle,0.45864661654135336,1.0,30
elp_v7,elp,ELP Masterterminplan V7,29,einbringung / aufstellung / montage,GROB,Grobmontage,1,1.0,1.0,1.0,1.0,1.0,2.0,2.0,1.0,2027-05-10,2027-05-11,0.7157303370786516,0.7162921348314607,0,0.0,,1,1,1,0.0,Lüftung,1.0,0.0,10
elp_v7,elp,ELP Masterterminplan V7,30,boden / zimmermann / nebenraeume,END,Endmontage,3,26.0,10.0,8.666666666666666,14.0,15.0,1237.0,39.0,1.0,2023-11-13,2027-04-02,0.0,0.6943820224719102,0,0.0,,2,2,0,26.0,Gebäudehülle,1.0,1.0,30
elp_v7,elp,ELP Masterterminplan V7,31,einbringen / aufstellen / anbringen,GROB,Grobmontage,5,40.0,5.0,8.0,14.000000000000002,20.0,133.0,43.0,3.0,2027-01-15,2027-05-27,0.6511235955056179,0.7252808988764045,0,0.0,,1,5,0,0.0,Ausbau,0.7272727272727273,0.0,10
elp_v7,elp,ELP Masterterminplan V7,31,einbringen / aufstellen / anbringen,FEIN,Feinmontage,1,15.0,15.0,15.0,15.0,15.0,23.0,23.0,1.0,2027-04-21,2027-05-13,0.7050561797752809,0.7174157303370786,0,0.0,,1,1,0,15.0,Ausbau,0.2727272727272727,1.0,20
elp_v7,elp,ELP Masterterminplan V7,32,wmp / erstellung / dks,GROB,Grobmontage,1,7.0,7.0,7.0,7.0,7.0,9.0,9.0,1.0,2023-12-18,2023-12-26,0.019662921348314606,0.024157303370786518,0,0.0,,1,0,1,0.0,Konstruktion,1.0,0.0,10
elp_v7,elp,ELP Masterterminplan V7,33,beleuchtung / feinmontage / einbau komponenten,END,Endmontage,4,25.0,5.0,6.25,8.5,10.0,133.0,39.0,1.0,2027-04-20,2027-08-30,0.7044943820224719,0.7786516853932585,0,0.0,,1,4,1,0.0,Elektro,1.0,0.0,30
elp_v7,elp,ELP Masterterminplan V7,35,lueftung / montage / monobloecke,FEIN,Feinmontage,7,37.0,4.0,5.285714285714286,8.0,8.0,134.0,40.0,3.0,2027-03-18,2027-07-29,0.6859550561797753,0.7606741573033707,0,0.0,,1,4,1,0.0,Lüftung,1.0,0.0,20
elp_v7,elp,ELP Masterterminplan V7,36,montage / zone / leuchten,GROB,Grobmontage,41,915.0,5.0,22.317073170731707,50.0,148.0,421.0,412.0,10.0,2026-04-23,2027-06-17,0.501123595505618,0.7370786516853932,0,0.0,,3,8,4,0.0,Konstruktion,0.915,0.0,10
elp_v7,elp,ELP Masterterminplan V7,36,montage / zone / leuchten,FEIN,Feinmontage,19,37.0,2.0,1.9473684210526316,2.1999999999999993,5.0,174.0,46.0,3.0,2027-02-05,2027-07-28,0.6629213483146067,0.7601123595505618,0,0.0,,1,5,3,0.0,Elektro,0.037,0.0,20
elp_v7,elp,ELP Masterterminplan V7,36,montage / zone / leuchten,END,Endmontage,4,48.0,7.5,12.0,24.000000000000004,30.0,166.0,65.0,1.0,2027-02-01,2027-07-16,0.6606741573033708,0.753370786516854,0,0.0,,1,1,0,0.0,Ausbau,0.048,0.0,30
elp_v7,elp,ELP Masterterminplan V7,38,test / integrale / ibs,END,Endmontage,5,25.0,5.0,5.0,5.0,5.0,74.0,34.0,2.0,2027-05-11,2027-07-23,0.7162921348314607,0.7573033707865169,0,0.0,,1,2,1,0.0,Sonstige,1.0,0.0,30
elp_v7,elp,ELP Masterterminplan V7,39,montieren / aufmalen / equipment,GROB,Grobmontage,5,32.0,5.0,6.4,10.0,10.0,149.0,52.0,2.0,2026-12-23,2027-05-20,0.6382022471910113,0.7213483146067415,0,0.0,,1,5,0,0.0,Konstruktion,0.8648648648648649,0.0,10
elp_v7,elp,ELP Masterterminplan V7,39,montieren / aufmalen / equipment,END,Endmontage,1,5.0,5.0,5.0,5.0,5.0,8.0,8.0,1.0,2027-08-23,2027-08-30,0.7747191011235955,0.7786516853932585,0,0.0,,1,1,1,0.0,Sprinkler,0.13513513513513514,0.0,30
elp_v7,elp,ELP Masterterminplan V7,40,onboarding / garderobenschraenke / elektrische schiebetueren,GROB,Grobmontage,1,12.0,12.0,12.0,12.0,12.0,16.0,16.0,1.0,2024-04-08,2024-04-23,0.08258426966292134,0.09101123595505618,0,0.0,,1,0,1,0.0,Konstruktion,1.0,0.0,10
elp_v7,elp,ELP Masterterminplan V7,41,stuetzen / loggia / versetzen,GROB,Grobmontage,3,32.0,11.0,10.666666666666666,11.0,11.0,790.0,32.0,2.0,2024-04-24,2026-06-22,0.09157303370786517,0.5348314606741573,0,0.0,,2,1,1,0.0,Konstruktion,0.0943952802359882,0.0,10
elp_v7,elp,ELP Masterterminplan V7,41,stuetzen / loggia / versetzen,END,Endmontage,17,307.0,10.0,18.058823529411764,47.0,80.0,1384.0,417.0,6.0,2023-11-13,2027-08-27,0.0,0.7769662921348315,0,0.0,,4,8,2,275.0,Ausbau,0.9056047197640118,0.8957654723127035,30
elp_v7,elp,ELP Masterterminplan V7,45,schreinerarbeiten / restarbeiten / abdichtungsarbeiten,GROB,Grobmontage,2,20.0,10.0,10.0,10.0,10.0,764.0,29.0,1.0,2025-03-26,2027-04-28,0.2803370786516854,0.7089887640449438,0,0.0,,1,1,1,0.0,Gebäudehülle,1.0,0.0,10
elp_v7,elp,ELP Masterterminplan V7,46,anschluss / schaltschraenke / feldgeraete,GROB,Grobmontage,2,10.0,5.0,5.0,5.0,5.0,5.0,5.0,2.0,2027-03-01,2027-03-05,0.6764044943820224,0.6786516853932584,0,0.0,,1,1,1,0.0,Sonstige,0.2857142857142857,0.0,10
elp_v7,elp,ELP Masterterminplan V7,46,anschluss / schaltschraenke / feldgeraete,FEIN,Feinmontage,5,25.0,5.0,5.0,5.0,5.0,89.0,28.0,2.0,2027-04-05,2027-07-02,0.696067415730337,0.7455056179775281,0,0.0,,1,2,1,0.0,Elektro,0.7142857142857143,0.0,20
elp_v7,elp,ELP Masterterminplan V7,49,einbau / lueftungskanaele / sbb,GROB,Grobmontage,7,49.0,9.0,7.0,10.0,10.0,476.0,65.0,1.0,2023-12-27,2025-04-15,0.024719101123595506,0.2915730337078652,0,0.0,,1,0,1,0.0,Konstruktion,0.3656716417910448,0.0,10
elp_v7,elp,ELP Masterterminplan V7,49,einbau / lueftungskanaele / sbb,END,Endmontage,7,85.0,14.0,12.142857142857142,20.0,20.0,202.0,52.0,4.0,2027-01-13,2027-08-02,0.65,0.7629213483146068,0,0.0,,2,3,0,5.0,Ausbau,0.6343283582089553,0.058823529411764705,30
elp_v7,elp,ELP Masterterminplan V7,52,anstrich / ral / weissputz,END,Endmontage,12,60.0,5.0,5.0,5.0,5.0,189.0,69.0,4.0,2027-02-16,2027-08-23,0.6691011235955057,0.7747191011235955,0,0.0,,2,5,0,5.0,Ausbau,1.0,0.08333333333333333,30
elp_v7,elp,ELP Masterterminplan V7,54,einbauen / doppelboden / schreiner,END,Endmontage,7,46.0,5.0,6.571428571428571,12.000000000000002,15.0,1415.0,64.0,1.0,2023-11-13,2027-09-27,0.0,0.7943820224719101,0,0.0,,2,4,0,46.0,Ausbau,1.0,1.0,30
elp_v7,elp,ELP Masterterminplan V7,56,sprinkler / spriessfrei / gruppe,GROB,Grobmontage,1,5.0,5.0,5.0,5.0,5.0,5.0,5.0,1.0,2023-11-13,2023-11-17,0.0,0.0022471910112359553,0,0.0,,1,1,1,5.0,Konstruktion,1.0,1.0,10
elp_v7,elp,ELP Masterterminplan V7,57,abbruch / achse / betonwaende,GROB,Grobmontage,30,304.0,10.0,10.133333333333333,12.300000000000004,20.0,1058.0,294.0,7.0,2023-11-13,2026-10-05,0.0,0.5938202247191011,0,0.0,,4,14,3,233.0,Konstruktion,1.0,0.7664473684210527,10
elp_v7,elp,ELP Masterterminplan V7,58,erstellen / konzept / ausschreibung,GROB,Grobmontage,2,10.0,5.0,5.0,5.0,5.0,5.0,5.0,2.0,2027-02-22,2027-02-26,0.6724719101123595,0.6747191011235955,0,0.0,,1,1,0,0.0,Sicherheit,0.2,0.0,10
elp_v7,elp,ELP Masterterminplan V7,58,erstellen / konzept / ausschreibung,FEIN,Feinmontage,5,40.0,10.0,8.0,10.0,10.0,172.0,49.0,2.0,2027-02-05,2027-07-26,0.6629213483146067,0.7589887640449439,0,0.0,,1,5,0,0.0,Sicherheit,0.8,0.0,20
elp_v7,elp,ELP Masterterminplan V7,59,technik / raeumung / deckenelemente,GROB,Grobmontage,1,17.0,17.0,17.0,17.0,17.0,23.0,23.0,1.0,2026-06-01,2026-06-23,0.5230337078651686,0.5353932584269663,0,0.0,,1,1,1,0.0,Konstruktion,0.11971830985915492,0.0,10
elp_v7,elp,ELP Masterterminplan V7,59,technik / raeumung / deckenelemente,END,Endmontage,11,125.0,10.0,11.363636363636363,15.0,25.0,123.0,103.0,4.0,2027-04-26,2027-08-26,0.7078651685393258,0.7764044943820225,0,0.0,,2,6,2,25.0,Automation,0.8802816901408451,0.2,30
elp_v7,elp,ELP Masterterminplan V7,60,rueckbau / kofferblech / tragender,GROB,Grobmontage,2,70.0,35.0,35.0,55.0,60.0,240.0,107.0,1.0,2025-07-02,2026-02-26,0.33539325842696627,0.4696629213483146,0,0.0,,1,1,1,0.0,Konstruktion,1.0,0.0,10
elp_v7,elp,ELP Masterterminplan V7,61,fassade / riegel / haupttrassen,END,Endmontage,2,16.0,8.0,8.0,13.6,15.0,1300.0,24.0,1.0,2023-11-13,2027-06-04,0.0,0.7297752808988764,0,0.0,,1,1,0,16.0,Gebäudehülle,1.0,1.0,30
elp_v7,elp,ELP Masterterminplan V7,62,fassadengeruest / abbau / aufbau,GROB,Grobmontage,1,10.0,10.0,10.0,10.0,10.0,23.0,23.0,1.0,2026-12-21,2027-01-12,0.6370786516853932,0.6494382022471911,0,0.0,,1,1,0,0.0,Sonstige,0.11627906976744186,0.0,10
elp_v7,elp,ELP Masterterminplan V7,62,fassadengeruest / abbau / aufbau,END,Endmontage,2,76.0,38.0,38.0,67.6,75.0,1068.0,110.0,1.0,2023-11-13,2026-10-15,0.0,0.599438202247191,0,0.0,,1,1,1,76.0,Konstruktion,0.8837209302325582,1.0,30
elp_v7,elp,ELP Masterterminplan V7,63,bodenbelag / bodenplatte / bodenbelaege,GROB,Grobmontage,1,2.0,2.0,2.0,2.0,2.0,2.0,2.0,1.0,2024-08-28,2024-08-29,0.16235955056179777,0.16292134831460675,0,0.0,,1,0,1,0.0,Konstruktion,1.0,0.0,10
elp_v7,elp,ELP Masterterminplan V7,65,decken / waende / streichen,GROB,Grobmontage,5,45.0,10.0,9.0,10.0,10.0,172.0,52.0,2.0,2027-01-15,2027-07-05,0.6511235955056179,0.7471910112359551,0,0.0,,1,5,0,0.0,Sonstige,0.5921052631578947,0.0,10
elp_v7,elp,ELP Masterterminplan V7,65,decken / waende / streichen,END,Endmontage,4,31.0,10.0,7.75,10.0,10.0,1387.0,41.0,1.0,2023-11-13,2027-08-30,0.0,0.7786516853932585,0,0.0,,1,2,1,21.0,Ausbau,0.40789473684210525,0.6774193548387096,30
elp_v7,elp,ELP Masterterminplan V7,66,feldgeraete / beschriftung / hauptkanaele,FEIN,Feinmontage,25,85.0,3.0,3.4,5.0,5.0,175.0,44.0,7.0,2027-02-05,2027-07-29,0.6629213483146067,0.7606741573033707,0,0.0,,1,5,3,0.0,Heizung,1.0,0.0,20
elp_v7,elp,ELP Masterterminplan V7,67,grobmontage / korridor / steigzone,GROB,Grobmontage,3,15.0,5.0,5.0,5.0,5.0,64.0,21.0,1.0,2026-12-16,2027-02-17,0.6342696629213483,0.6696629213483146,0,0.0,,1,3,0,0.0,Sonstige,1.0,0.0,10
elp_v7,elp,ELP Masterterminplan V7,68,beschichtung / epoxy / raeume,END,Endmontage,3,30.0,10.0,10.0,10.0,10.0,46.0,30.0,2.0,2027-06-22,2027-08-06,0.7398876404494382,0.7651685393258427,0,0.0,,2,2,0,30.0,Umgebung,1.0,1.0,30
elp_v7,elp,ELP Masterterminplan V7,69,fertigstellen / trockenbauwaende / glaswaende,END,Endmontage,5,36.0,10.0,7.2,10.0,10.0,1384.0,53.0,1.0,2023-11-13,2027-08-27,0.0,0.7769662921348315,0,0.0,,2,3,0,21.0,Ausbau,1.0,0.5833333333333334,30
elp_v7,elp,ELP Masterterminplan V7,73,anlage / usv / bereit,FEIN,Feinmontage,1,1.0,1.0,1.0,1.0,1.0,1.0,1.0,1.0,2027-02-16,2027-02-16,0.6691011235955057,0.6691011235955057,0,0.0,,1,1,1,0.0,Lüftung,0.02702702702702703,0.0,20
elp_v7,elp,ELP Masterterminplan V7,73,anlage / usv / bereit,END,Endmontage,10,36.0,2.0,3.6,10.0,10.0,233.0,33.0,4.0,2027-01-05,2027-08-25,0.645505617977528,0.7758426966292135,0,0.0,,2,6,1,20.0,Elektro,0.972972972972973,0.5555555555555556,30
elp_v7,elp,ELP Masterterminplan V7,75,prov / bodenaufbau / baulift,GROB,Grobmontage,6,160.0,10.0,26.666666666666668,60.0,80.0,1384.0,197.0,2.0,2023-11-20,2027-09-03,0.003932584269662922,0.7808988764044944,0,0.0,,2,4,0,150.0,Umgebung,0.9411764705882353,0.9375,10
elp_v7,elp,ELP Masterterminplan V7,75,prov / bodenaufbau / baulift,END,Endmontage,1,10.0,10.0,10.0,10.0,10.0,14.0,14.0,1.0,2027-05-19,2027-06-01,0.7207865168539326,0.7280898876404495,0,0.0,,1,1,0,0.0,Ausbau,0.058823529411764705,0.0,30
elp_v7,elp,ELP Masterterminplan V7,76,lieferung / montage / isp,FEIN,Feinmontage,5,5.0,1.0,1.0,1.0,1.0,87.0,4.0,2.0,2027-03-17,2027-06-11,0.6853932584269663,0.7337078651685394,0,0.0,,1,2,0,0.0,Elektro,0.5,0.0,20
elp_v7,elp,ELP Masterterminplan V7,76,lieferung / montage / isp,END,Endmontage,1,5.0,5.0,5.0,5.0,5.0,8.0,8.0,1.0,2027-04-15,2027-04-22,0.7016853932584269,0.7056179775280899,0,0.0,,1,1,0,0.0,Ausbau,0.5,0.0,30
elp_v7,elp,ELP Masterterminplan V7,79,sanitaer / halterung / montage,FEIN,Feinmontage,10,20.0,2.0,2.0,2.0,2.0,174.0,22.0,3.0,2027-02-05,2027-07-28,0.6629213483146067,0.7601123595505618,0,0.0,,1,5,1,0.0,Sanitär,0.38461538461538464,0.0,20
elp_v7,elp,ELP Masterterminplan V7,79,sanitaer / halterung / montage,END,Endmontage,6,32.0,5.0,5.333333333333333,7.5,10.0,88.0,31.0,4.0,2027-06-04,2027-08-30,0.7297752808988764,0.7786516853932585,0,0.0,,1,3,1,0.0,Sanitär,0.6153846153846154,0.0,30
frankfurt_four,frankfurt_four,Frankfurt Four RT4,0,tueren / einhaengen / montage,END,Endmontage,21,105.0,5.0,5.0,5.0,5.0,380.0,110.0,2.0,2022-03-14,2023-03-28,0.09395973154362416,0.7298657718120806,0,0.0,120.0,3,6,0,15.0,Ausbau,1.0,0.14285714285714285,30
frankfurt_four,frankfurt_four,Frankfurt Four RT4,1,leitungen / haupt / vorbereitung,GROB,Grobmontage,1,120.0,120.0,120.0,120.0,120.0,176.0,176.0,1.0,2023-03-14,2023-09-05,0.7063758389261745,1.0,0,0.0,,0,0,0,120.0,Gebäudehülle,1.0,1.0,10
frankfurt_four,frankfurt_four,Frankfurt Four RT4,3,malerarbeiten / finish / decke,END,Endmontage,20,79.0,2.0,3.95,10.0,10.0,361.0,104.0,2.0,2022-04-01,2023-03-27,0.12416107382550336,0.7281879194630873,0,0.0,266.0,5,6,0,79.0,Ausbau,1.0,1.0,30
frankfurt_four,frankfurt_four,Frankfurt Four RT4,6,schliessen / waende / schotts,END,Endmontage,31,155.0,5.0,5.0,5.0,5.0,218.0,167.0,2.0,2022-02-11,2022-09-16,0.04194630872483222,0.40604026845637586,0,0.0,300.0,5,5,0,10.0,Ausbau,1.0,0.06451612903225806,30
frankfurt_four,frankfurt_four,Frankfurt Four RT4,7,reinigung / oberhalb / obergeschosse,END,Endmontage,15,39.0,2.0,2.6,5.0,5.0,372.0,48.0,1.0,2022-04-20,2023-04-26,0.15604026845637584,0.7785234899328859,0,0.0,78.0,3,5,0,0.0,Sonstige,1.0,0.0,30
frankfurt_four,frankfurt_four,Frankfurt Four RT4,9,fertigstellung / lbw / mauerwerk,FEIN,Feinmontage,3,15.0,5.0,5.0,5.0,5.0,154.0,21.0,1.0,2022-03-18,2022-08-18,0.10067114093959731,0.3573825503355705,0,0.0,15.0,3,1,0,0.0,Transport,0.17647058823529413,0.0,20
frankfurt_four,frankfurt_four,Frankfurt Four RT4,9,fertigstellung / lbw / mauerwerk,END,Endmontage,14,70.0,5.0,5.0,5.0,5.0,168.0,77.0,2.0,2022-03-25,2022-09-08,0.11241610738255034,0.3926174496644295,0,0.0,85.0,5,2,0,0.0,Ausbau,0.8235294117647058,0.0,30
frankfurt_four,frankfurt_four,Frankfurt Four RT4,10,elektro / installation / feinmontage,FEIN,Feinmontage,3,30.0,10.0,10.0,10.0,10.0,170.0,44.0,1.0,2022-10-25,2023-04-12,0.4714765100671141,0.7550335570469798,0,0.0,60.0,3,1,0,0.0,Elektro,0.7142857142857143,0.0,20
frankfurt_four,frankfurt_four,Frankfurt Four RT4,10,elektro / installation / feinmontage,END,Endmontage,12,12.0,1.0,1.0,1.0,1.0,165.0,12.0,1.0,2022-04-19,2022-09-30,0.15436241610738255,0.42953020134228187,0,0.0,24.0,3,4,0,0.0,Elektro,0.2857142857142857,0.0,30
frankfurt_four,frankfurt_four,Frankfurt Four RT4,11,ulk / endmontage / nshv,END,Endmontage,3,3.0,1.0,1.0,1.0,1.0,152.0,3.0,1.0,2022-11-04,2023-04-04,0.48825503355704697,0.7416107382550335,0,0.0,6.0,3,1,0,0.0,Transport,1.0,0.0,30
frankfurt_four,frankfurt_four,Frankfurt Four RT4,12,installation / rueckbauen / aufhaengung,GROB,Grobmontage,3,15.0,5.0,5.0,5.0,5.0,75.0,15.0,1.0,2022-01-17,2022-04-01,0.0,0.12416107382550336,0,0.0,60.0,3,1,0,0.0,Sanitär,1.0,0.0,10
frankfurt_four,frankfurt_four,Frankfurt Four RT4,19,decke / verbundstuetzen / betonstuetzen,GROB,Grobmontage,15,72.0,5.0,4.8,5.0,5.0,257.0,86.0,2.0,2022-01-24,2022-10-07,0.01174496644295302,0.4412751677852349,0,0.0,219.0,3,2,0,15.0,Ausbau,0.5454545454545454,0.20833333333333334,10
frankfurt_four,frankfurt_four,Frankfurt Four RT4,19,decke / verbundstuetzen / betonstuetzen,END,Endmontage,12,60.0,5.0,5.0,5.0,5.0,173.0,72.0,1.0,2022-03-21,2022-09-09,0.10570469798657718,0.39429530201342283,0,0.0,120.0,3,4,0,0.0,Ausbau,0.45454545454545453,0.0,30
frankfurt_four,frankfurt_four,Frankfurt Four RT4,30,boden / zimmermann / nebenraeume,END,Endmontage,2,10.0,5.0,5.0,5.0,5.0,37.0,14.0,1.0,2022-05-10,2022-06-15,0.18959731543624161,0.25,0,0.0,10.0,2,1,0,10.0,Ausbau,1.0,1.0,30
frankfurt_four,frankfurt_four,Frankfurt Four RT4,35,lueftung / montage / monobloecke,GROB,Grobmontage,3,15.0,5.0,5.0,5.0,5.0,81.0,21.0,1.0,2022-02-04,2022-04-25,0.030201342281879196,0.1644295302013423,0,0.0,45.0,3,1,0,0.0,Lüftung,0.25,0.0,10
frankfurt_four,frankfurt_four,Frankfurt Four RT4,35,lueftung / montage / monobloecke,FEIN,Feinmontage,3,15.0,5.0,5.0,5.0,5.0,163.0,21.0,1.0,2022-11-08,2023-04-19,0.4949664429530201,0.7667785234899329,0,0.0,30.0,3,1,0,0.0,Lüftung,0.25,0.0,20
frankfurt_four,frankfurt_four,Frankfurt Four RT4,35,lueftung / montage / monobloecke,END,Endmontage,15,30.0,2.0,2.0,2.0,2.0,356.0,44.0,1.0,2022-04-13,2023-04-03,0.14429530201342283,0.7399328859060402,0,0.0,60.0,3,5,0,0.0,Lüftung,0.5,0.0,30
frankfurt_four,frankfurt_four,Frankfurt Four RT4,36,montage / zone / leuchten,FEIN,Feinmontage,24,120.0,5.0,5.0,5.0,5.0,208.0,139.0,2.0,2022-03-28,2022-10-21,0.1174496644295302,0.46476510067114096,0,0.0,310.0,5,5,0,0.0,Kälte,1.0,0.0,20
frankfurt_four,frankfurt_four,Frankfurt Four RT4,41,stuetzen / loggia / versetzen,END,Endmontage,1,5.0,5.0,5.0,5.0,5.0,7.0,7.0,1.0,2022-02-11,2022-02-17,0.04194630872483222,0.05201342281879195,0,0.0,5.0,1,1,0,5.0,Gebäudehülle,1.0,1.0,30
frankfurt_four,frankfurt_four,Frankfurt Four RT4,52,anstrich / ral / weissputz,END,Endmontage,12,24.0,2.0,2.0,2.0,2.0,172.0,46.0,1.0,2022-02-25,2022-08-15,0.06543624161073826,0.3523489932885906,0,0.0,48.0,3,4,0,0.0,Ausbau,1.0,0.0,30
frankfurt_four,frankfurt_four,Frankfurt Four RT4,54,einbauen / doppelboden / schreiner,END,Endmontage,4,20.0,5.0,5.0,5.0,5.0,28.0,28.0,1.0,2022-03-01,2022-03-28,0.07214765100671142,0.1174496644295302,0,0.0,80.0,1,4,0,0.0,Ausbau,1.0,0.0,30
frankfurt_four,frankfurt_four,Frankfurt Four RT4,56,sprinkler / spriessfrei / gruppe,GROB,Grobmontage,8,25.0,2.0,3.125,5.0,5.0,168.0,40.0,1.0,2022-04-08,2022-09-22,0.13590604026845637,0.4161073825503356,0,0.0,50.0,5,2,0,0.0,Ausbau,0.45454545454545453,0.0,10
frankfurt_four,frankfurt_four,Frankfurt Four RT4,56,sprinkler / spriessfrei / gruppe,END,Endmontage,15,30.0,2.0,2.0,2.0,2.0,354.0,31.0,1.0,2022-04-11,2023-03-30,0.14093959731543623,0.7332214765100671,0,0.0,60.0,3,5,0,0.0,Sprinkler,0.5454545454545454,0.0,30
frankfurt_four,frankfurt_four,Frankfurt Four RT4,61,fassade / riegel / haupttrassen,END,Endmontage,3,6.0,2.0,2.0,2.0,2.0,12.0,8.0,1.0,2022-02-21,2022-03-04,0.0587248322147651,0.07718120805369127,0,0.0,12.0,3,2,0,0.0,Gebäudehülle,1.0,0.0,30
frankfurt_four,frankfurt_four,Frankfurt Four RT4,65,decken / waende / streichen,GROB,Grobmontage,15,40.0,2.0,2.6666666666666665,5.0,5.0,157.0,51.0,1.0,2022-04-12,2022-09-15,0.14261744966442952,0.40436241610738255,0,0.0,110.0,5,2,0,0.0,Ausbau,0.4,0.0,10
frankfurt_four,frankfurt_four,Frankfurt Four RT4,65,decken / waende / streichen,END,Endmontage,12,60.0,5.0,5.0,5.0,5.0,173.0,77.0,1.0,2022-04-04,2022-09-23,0.12919463087248323,0.41778523489932884,0,0.0,120.0,3,4,0,60.0,Gebäudehülle,0.6,1.0,30
frankfurt_four,frankfurt_four,Frankfurt Four RT4,72,dobo / hobo / flur,FEIN,Feinmontage,8,40.0,5.0,5.0,5.0,5.0,147.0,58.0,1.0,2022-03-29,2022-08-22,0.11912751677852348,0.3640939597315436,0,0.0,160.0,2,4,0,0.0,Elektro,0.21052631578947367,0.0,20
frankfurt_four,frankfurt_four,Frankfurt Four RT4,72,dobo / hobo / flur,END,Endmontage,27,150.0,5.0,5.555555555555555,7.000000000000011,10.0,396.0,156.0,2.0,2022-02-18,2023-03-20,0.053691275167785234,0.7164429530201343,0,0.0,300.0,3,5,0,30.0,Gebäudehülle,0.7894736842105263,0.2,30
frankfurt_four,frankfurt_four,Frankfurt Four RT4,73,anlage / usv / bereit,END,Endmontage,1,50.0,50.0,50.0,50.0,50.0,78.0,78.0,1.0,2023-04-03,2023-06-19,0.7399328859060402,0.8691275167785235,0,0.0,,0,0,0,50.0,Umgebung,1.0,1.0,30
frankfurt_four,frankfurt_four,Frankfurt Four RT4,74,verlegen / parkett / naturstein,END,Endmontage,3,15.0,5.0,5.0,5.0,5.0,156.0,19.0,1.0,2022-10-10,2023-03-14,0.4463087248322148,0.7063758389261745,0,0.0,30.0,3,1,0,0.0,Ausbau,1.0,0.0,30
frankfurt_four,frankfurt_four,Frankfurt Four RT4,79,sanitaer / halterung / montage,END,Endmontage,5,25.0,5.0,5.0,5.0,5.0,142.0,31.0,1.0,2022-06-09,2022-10-28,0.23993288590604026,0.47651006711409394,0,0.0,50.0,5,1,0,0.0,Sanitär,1.0,0.0,30
pred_bau04,pred_bau04,Roche pRED Bau 04,0,tueren / einhaengen / montage,FEIN,Feinmontage,1,10.0,10.0,10.0,10.0,10.0,14.0,14.0,1.0,2023-01-13,2023-01-26,0.9003663003663004,0.9098901098901099,0,0.0,,1,1,0,0.0,Konstruktion,0.18181818181818182,0.0,20
pred_bau04,pred_bau04,Roche pRED Bau 04,0,tueren / einhaengen / montage,END,Endmontage,6,45.0,5.0,7.5,12.5,20.0,934.0,63.0,3.0,2019-12-10,2022-06-30,0.07252747252747253,0.756043956043956,0,0.0,,2,1,0,45.0,Konstruktion,0.8181818181818182,1.0,30
pred_bau04,pred_bau04,Roche pRED Bau 04,1,leitungen / haupt / vorbereitung,GROB,Grobmontage,67,1423.0,20.0,21.238805970149254,33.999999999999986,74.0,765.0,438.0,14.0,2020-09-30,2022-11-03,0.2886446886446886,0.8483516483516483,0,0.0,,7,6,0,30.0,Ausbau,0.8311915887850467,0.02108222066057625,10
pred_bau04,pred_bau04,Roche pRED Bau 04,1,leitungen / haupt / vorbereitung,FEIN,Feinmontage,4,40.0,10.0,10.0,10.0,10.0,239.0,52.0,2.0,2020-09-30,2021-05-26,0.2886446886446886,0.463003663003663,0,0.0,,3,0,0,0.0,Ausbau,0.02336448598130841,0.0,20
pred_bau04,pred_bau04,Roche pRED Bau 04,1,leitungen / haupt / vorbereitung,END,Endmontage,13,249.0,25.0,19.153846153846153,25.0,25.0,351.0,168.0,6.0,2021-09-03,2022-08-19,0.5362637362637362,0.7926739926739926,3,0.23076923076923078,,5,3,0,0.0,Ausbau,0.14544392523364486,0.0,30
pred_bau04,pred_bau04,Roche pRED Bau 04,3,malerarbeiten / finish / decke,END,Endmontage,5,85.0,5.0,17.0,36.0,40.0,529.0,116.0,2.0,2020-03-31,2021-09-10,0.15457875457875458,0.5413919413919414,0,0.0,,2,1,0,85.0,Konstruktion,1.0,1.0,30
pred_bau04,pred_bau04,Roche pRED Bau 04,4,unterlagsboden / betonieren / ergaenzen,GROB,Grobmontage,1,5.0,5.0,5.0,5.0,5.0,5.0,5.0,1.0,2021-08-23,2021-08-27,0.5282051282051282,0.5311355311355311,0,0.0,,1,1,0,5.0,Konstruktion,0.3333333333333333,1.0,10
pred_bau04,pred_bau04,Roche pRED Bau 04,4,unterlagsboden / betonieren / ergaenzen,END,Endmontage,1,10.0,10.0,10.0,10.0,10.0,14.0,14.0,1.0,2021-06-04,2021-06-17,0.4695970695970696,0.47912087912087914,0,0.0,,1,0,0,0.0,Konstruktion,0.6666666666666666,0.0,30
pred_bau04,pred_bau04,Roche pRED Bau 04,5,vorfertigung / avor / apa,GROB,Grobmontage,5,195.0,40.0,39.0,40.0,40.0,296.0,175.0,3.0,2020-09-03,2021-06-25,0.26886446886446885,0.484981684981685,0,0.0,,5,0,0,0.0,Elektro,1.0,0.0,10
pred_bau04,pred_bau04,Roche pRED Bau 04,6,schliessen / waende / schotts,GROB,Grobmontage,14,173.5,5.0,12.392857142857142,8.500000000000005,103.5,211.0,180.0,3.0,2021-05-21,2021-12-17,0.4593406593406593,0.6131868131868132,1,0.07142857142857142,,5,3,0,0.0,Konstruktion,0.18437832093517534,0.0,10
pred_bau04,pred_bau04,Roche pRED Bau 04,6,schliessen / waende / schotts,END,Endmontage,77,767.5,10.0,9.967532467532468,20.0,25.0,842.0,385.0,10.0,2020-02-20,2022-06-10,0.12527472527472527,0.7413919413919414,6,0.07792207792207792,,8,3,0,190.0,Konstruktion,0.8156216790648246,0.247557003257329,30
pred_bau04,pred_bau04,Roche pRED Bau 04,7,reinigung / oberhalb / obergeschosse,END,Endmontage,26,132.0,5.0,5.076923076923077,5.0,24.0,481.0,89.0,5.0,2021-09-13,2023-01-06,0.5435897435897435,0.8952380952380953,5,0.19230769230769232,,6,3,0,19.0,Konstruktion,1.0,0.14393939393939395,30
pred_bau04,pred_bau04,Roche pRED Bau 04,8,stahlbau / dach / trassen,GROB,Grobmontage,14,170.0,15.0,12.142857142857142,15.0,15.0,670.0,144.0,4.0,2020-10-29,2022-08-29,0.3098901098901099,0.8,0,0.0,,5,3,0,0.0,Ausbau,0.37777777777777777,0.0,10
pred_bau04,pred_bau04,Roche pRED Bau 04,8,stahlbau / dach / trassen,FEIN,Feinmontage,1,5.0,5.0,5.0,5.0,5.0,5.0,5.0,1.0,2021-09-20,2021-09-24,0.5487179487179488,0.5516483516483517,0,0.0,,1,1,0,0.0,Konstruktion,0.011111111111111112,0.0,20
pred_bau04,pred_bau04,Roche pRED Bau 04,8,stahlbau / dach / trassen,END,Endmontage,30,275.0,5.0,9.166666666666666,11.000000000000014,50.0,746.0,250.0,4.0,2020-10-02,2022-10-17,0.29010989010989013,0.8358974358974359,0,0.0,,7,2,0,0.0,Konstruktion,0.6111111111111112,0.0,30
pred_bau04,pred_bau04,Roche pRED Bau 04,9,fertigstellung / lbw / mauerwerk,GROB,Grobmontage,17,401.0,15.0,23.58823529411765,20.0,141.0,305.0,252.0,6.0,2021-03-12,2022-01-10,0.40805860805860805,0.6307692307692307,0,0.0,,4,3,0,0.0,Konstruktion,0.5018773466833542,0.0,10
pred_bau04,pred_bau04,Roche pRED Bau 04,9,fertigstellung / lbw / mauerwerk,FEIN,Feinmontage,2,15.0,7.5,7.5,9.5,10.0,103.0,17.0,1.0,2021-10-11,2022-01-21,0.5641025641025641,0.6388278388278388,0,0.0,,1,2,0,0.0,Ausbau,0.01877346683354193,0.0,20
pred_bau04,pred_bau04,Roche pRED Bau 04,9,fertigstellung / lbw / mauerwerk,END,Endmontage,28,383.0,15.0,13.678571428571429,20.0,24.0,949.0,312.0,7.0,2020-10-23,2023-05-29,0.3054945054945055,1.0,8,0.2857142857142857,,7,3,0,0.0,Ausbau,0.4793491864831039,0.0,30
pred_bau04,pred_bau04,Roche pRED Bau 04,10,elektro / installation / feinmontage,GROB,Grobmontage,10,60.0,5.0,6.0,10.0,10.0,500.0,79.0,2.0,2021-06-08,2022-10-20,0.4725274725274725,0.8380952380952381,0,0.0,,7,3,0,0.0,Konstruktion,0.30456852791878175,0.0,10
pred_bau04,pred_bau04,Roche pRED Bau 04,10,elektro / installation / feinmontage,FEIN,Feinmontage,1,5.0,5.0,5.0,5.0,5.0,7.0,7.0,1.0,2022-09-16,2022-09-22,0.8131868131868132,0.8175824175824176,0,0.0,,1,1,0,5.0,Konstruktion,0.025380710659898477,1.0,20
pred_bau04,pred_bau04,Roche pRED Bau 04,10,elektro / installation / feinmontage,END,Endmontage,5,132.0,10.0,26.4,60.2,87.0,215.0,167.0,2.0,2021-05-03,2021-12-03,0.4461538461538462,0.6029304029304029,0,0.0,,2,1,0,0.0,Konstruktion,0.6700507614213198,0.0,30
pred_bau04,pred_bau04,Roche pRED Bau 04,11,ulk / endmontage / nshv,GROB,Grobmontage,3,25.0,10.0,8.333333333333334,10.0,10.0,43.0,21.0,2.0,2020-10-14,2020-11-25,0.2989010989010989,0.32967032967032966,0,0.0,,2,0,0,0.0,Ausbau,0.21929824561403508,0.0,10
pred_bau04,pred_bau04,Roche pRED Bau 04,11,ulk / endmontage / nshv,END,Endmontage,12,89.0,10.0,7.416666666666667,10.0,10.0,807.0,82.0,2.0,2020-10-28,2023-01-12,0.30915750915750917,0.8996336996336997,0,0.0,,3,3,0,80.0,Konstruktion,0.7807017543859649,0.898876404494382,30
pred_bau04,pred_bau04,Roche pRED Bau 04,12,installation / rueckbauen / aufhaengung,GROB,Grobmontage,15,170.0,5.0,11.333333333333334,24.599999999999994,49.0,464.0,202.0,3.0,2020-10-29,2022-02-04,0.3098901098901099,0.6490842490842491,0,0.0,,6,3,0,0.0,Konstruktion,0.24566473988439305,0.0,10
pred_bau04,pred_bau04,Roche pRED Bau 04,12,installation / rueckbauen / aufhaengung,FEIN,Feinmontage,5,34.0,5.0,6.8,11.0,15.0,697.0,54.0,1.0,2020-07-27,2022-06-23,0.24102564102564103,0.7509157509157509,0,0.0,,3,2,0,34.0,Konstruktion,0.049132947976878616,1.0,20
pred_bau04,pred_bau04,Roche pRED Bau 04,12,installation / rueckbauen / aufhaengung,END,Endmontage,40,488.0,10.0,12.2,25.500000000000007,50.0,561.0,352.0,5.0,2020-12-04,2022-06-17,0.3362637362637363,0.7465201465201465,2,0.05,,6,3,0,0.0,Ausbau,0.7052023121387283,0.0,30
pred_bau04,pred_bau04,Roche pRED Bau 04,13,start / termin / natursteinsockel aussen,GROB,Grobmontage,1,5.0,5.0,5.0,5.0,5.0,7.0,7.0,1.0,2021-02-12,2021-02-18,0.38754578754578756,0.39194139194139194,0,0.0,,1,0,0,0.0,Konstruktion,0.02512562814070352,0.0,10
pred_bau04,pred_bau04,Roche pRED Bau 04,13,start / termin / natursteinsockel aussen,END,Endmontage,17,194.0,10.0,11.411764705882353,15.0,46.0,859.0,249.0,2.0,2020-10-16,2023-02-21,0.30036630036630035,0.928937728937729,3,0.17647058823529413,,6,3,0,139.0,Konstruktion,0.9748743718592965,0.7164948453608248,30
pred_bau04,pred_bau04,Roche pRED Bau 04,14,fzag / treppenhaus / beauftragen,END,Endmontage,8,65.0,5.0,8.125,14.499999999999996,25.0,348.0,70.0,2.0,2021-11-08,2022-10-21,0.5846153846153846,0.8388278388278388,1,0.125,,4,2,0,0.0,Konstruktion,1.0,0.0,30
pred_bau04,pred_bau04,Roche pRED Bau 04,15,daemmung / hauptleitungen / terrasse,GROB,Grobmontage,33,304.5,10.0,9.227272727272727,12.0,29.5,548.0,166.0,8.0,2021-01-20,2022-07-21,0.3706959706959707,0.7714285714285715,0,0.0,,7,4,0,0.0,Ausbau,0.871244635193133,0.0,10
pred_bau04,pred_bau04,Roche pRED Bau 04,15,daemmung / hauptleitungen / terrasse,FEIN,Feinmontage,2,10.0,5.0,5.0,5.0,5.0,77.0,14.0,1.0,2021-03-25,2021-06-09,0.4175824175824176,0.47326007326007324,0,0.0,,2,0,0,0.0,Ausbau,0.02861230329041488,0.0,20
pred_bau04,pred_bau04,Roche pRED Bau 04,15,daemmung / hauptleitungen / terrasse,END,Endmontage,4,35.0,7.5,8.75,13.5,15.0,243.0,36.0,2.0,2021-09-20,2022-05-20,0.5487179487179488,0.726007326007326,1,0.25,,3,0,0,0.0,Konstruktion,0.10014306151645208,0.0,30
pred_bau04,pred_bau04,Roche pRED Bau 04,17,kabelzug / msr / lwl,GROB,Grobmontage,10,190.0,20.0,19.0,20.1,21.0,214.0,144.0,5.0,2021-07-02,2022-01-31,0.4901098901098901,0.6461538461538462,0,0.0,,4,3,0,0.0,Ausbau,0.8444444444444444,0.0,10
pred_bau04,pred_bau04,Roche pRED Bau 04,17,kabelzug / msr / lwl,FEIN,Feinmontage,1,30.0,30.0,30.0,30.0,30.0,57.0,57.0,1.0,2021-12-02,2022-01-27,0.6021978021978022,0.6432234432234433,0,0.0,,1,0,0,0.0,Konstruktion,0.13333333333333333,0.0,20
pred_bau04,pred_bau04,Roche pRED Bau 04,17,kabelzug / msr / lwl,END,Endmontage,1,5.0,5.0,5.0,5.0,5.0,5.0,5.0,1.0,2022-08-22,2022-08-26,0.7948717948717948,0.7978021978021979,1,1.0,,1,1,0,0.0,Konstruktion,0.022222222222222223,0.0,30
pred_bau04,pred_bau04,Roche pRED Bau 04,18,ende termin / daemmung / start ende,GROB,Grobmontage,3,17.0,5.0,5.666666666666667,9.0,10.0,727.0,23.0,1.0,2020-09-16,2022-09-12,0.2783882783882784,0.8102564102564103,0,0.0,,3,1,0,0.0,Konstruktion,0.07391304347826087,0.0,10
pred_bau04,pred_bau04,Roche pRED Bau 04,18,ende termin / daemmung / start ende,FEIN,Feinmontage,1,5.0,5.0,5.0,5.0,5.0,7.0,7.0,1.0,2021-09-09,2021-09-15,0.5406593406593406,0.545054945054945,0,0.0,,1,0,0,0.0,Ausbau,0.021739130434782608,0.0,20
pred_bau04,pred_bau04,Roche pRED Bau 04,18,ende termin / daemmung / start ende,END,Endmontage,22,208.0,7.5,9.454545454545455,19.50000000000001,25.0,805.0,252.0,2.0,2020-11-27,2023-02-09,0.3311355311355311,0.9201465201465201,6,0.2727272727272727,,6,3,0,160.0,Konstruktion,0.9043478260869565,0.7692307692307693,30
pred_bau04,pred_bau04,Roche pRED Bau 04,19,decke / verbundstuetzen / betonstuetzen,GROB,Grobmontage,40,302.0,8.0,7.55,11.100000000000001,15.0,1131.0,263.0,5.0,2019-09-02,2022-10-06,0.0,0.8278388278388278,0,0.0,,7,3,0,232.0,Ausbau,0.6411889596602972,0.7682119205298014,10
pred_bau04,pred_bau04,Roche pRED Bau 04,19,decke / verbundstuetzen / betonstuetzen,END,Endmontage,20,169.0,10.0,8.45,10.0,10.0,201.0,87.0,5.0,2021-10-04,2022-04-22,0.558974358974359,0.7054945054945055,7,0.35,,4,3,0,0.0,Konstruktion,0.35881104033970274,0.0,30
pred_bau04,pred_bau04,Roche pRED Bau 04,21,dichtheitspruefung / medienversorgung / ende,GROB,Grobmontage,88,751.0,5.0,8.534090909090908,6.499999999999986,132.0,667.0,325.0,11.0,2021-01-13,2022-11-10,0.36556776556776555,0.8534798534798534,0,0.0,,8,6,0,90.0,Ausbau,0.9375780274656679,0.11984021304926765,10
pred_bau04,pred_bau04,Roche pRED Bau 04,21,dichtheitspruefung / medienversorgung / ende,FEIN,Feinmontage,3,15.0,5.0,5.0,5.0,5.0,175.0,21.0,1.0,2021-03-18,2021-09-08,0.41245421245421243,0.5399267399267399,0,0.0,,2,0,0,0.0,Ausbau,0.018726591760299626,0.0,20
pred_bau04,pred_bau04,Roche pRED Bau 04,21,dichtheitspruefung / medienversorgung / ende,END,Endmontage,6,35.0,5.0,5.833333333333333,7.5,10.0,417.0,36.0,2.0,2021-06-28,2022-08-18,0.48717948717948717,0.7919413919413919,0,0.0,,4,2,0,0.0,Ausbau,0.04369538077403246,0.0,30
pred_bau04,pred_bau04,Roche pRED Bau 04,23,verkabelung / verschienung / funktionserhalt,GROB,Grobmontage,23,460.0,15.0,20.0,20.0,110.0,392.0,221.0,10.0,2020-10-29,2021-11-24,0.3098901098901099,0.5963369963369963,0,0.0,,6,3,0,0.0,Ausbau,0.7076923076923077,0.0,10
pred_bau04,pred_bau04,Roche pRED Bau 04,23,verkabelung / verschienung / funktionserhalt,FEIN,Feinmontage,7,120.0,10.0,17.142857142857142,33.000000000000014,60.0,460.0,134.0,2.0,2021-09-13,2022-12-16,0.5435897435897435,0.8798534798534798,0,0.0,,4,3,0,120.0,Konstruktion,0.18461538461538463,1.0,20
pred_bau04,pred_bau04,Roche pRED Bau 04,23,verkabelung / verschienung / funktionserhalt,END,Endmontage,3,70.0,25.0,23.333333333333332,29.0,30.0,200.0,94.0,1.0,2021-08-09,2022-02-24,0.517948717948718,0.6637362637362637,0,0.0,,3,1,0,0.0,Ausbau,0.1076923076923077,0.0,30
pred_bau04,pred_bau04,Roche pRED Bau 04,24,blitzschutz / brandschott / brandschutzdecke,GROB,Grobmontage,1,10.0,10.0,10.0,10.0,10.0,12.0,12.0,1.0,2021-10-18,2021-10-29,0.5692307692307692,0.5772893772893772,0,0.0,,1,1,0,0.0,Konstruktion,0.2222222222222222,0.0,10
pred_bau04,pred_bau04,Roche pRED Bau 04,24,blitzschutz / brandschott / brandschutzdecke,END,Endmontage,4,35.0,10.0,8.75,10.0,10.0,320.0,43.0,1.0,2022-01-24,2022-12-09,0.6410256410256411,0.8747252747252747,0,0.0,,2,0,0,0.0,Konstruktion,0.7777777777777778,0.0,30
pred_bau04,pred_bau04,Roche pRED Bau 04,25,prueflauf / wmp / tueren,GROB,Grobmontage,5,100.0,20.0,20.0,20.0,20.0,265.0,75.0,4.0,2020-08-06,2021-04-27,0.24835164835164836,0.44175824175824174,0,0.0,,5,0,0,0.0,Elektro,1.0,0.0,10
pred_bau04,pred_bau04,Roche pRED Bau 04,26,kaelte / gewerbliche / kuehlzellen,GROB,Grobmontage,1,5.0,5.0,5.0,5.0,5.0,5.0,5.0,1.0,2021-06-21,2021-06-25,0.48205128205128206,0.484981684981685,0,0.0,,1,1,0,0.0,Sonstige,0.0057405281285878304,0.0,10
pred_bau04,pred_bau04,Roche pRED Bau 04,26,kaelte / gewerbliche / kuehlzellen,FEIN,Feinmontage,38,866.0,20.0,22.789473684210527,33.00000000000004,70.0,401.0,351.0,7.0,2020-06-04,2021-07-09,0.2021978021978022,0.49523809523809526,0,0.0,,5,1,0,866.0,Kälte,0.9942594718714122,1.0,20
pred_bau04,pred_bau04,Roche pRED Bau 04,27,abdichtung / schritt / prov,END,Endmontage,10,131.0,13.0,13.1,18.4,22.0,483.0,89.0,4.0,2021-01-14,2022-05-11,0.3663003663003663,0.7194139194139194,0,0.0,,4,0,0,131.0,Ausbau,1.0,1.0,30
pred_bau04,pred_bau04,Roche pRED Bau 04,29,einbringung / aufstellung / montage,END,Endmontage,3,105.0,20.0,35.0,64.0,75.0,103.0,103.0,3.0,2021-05-31,2021-09-10,0.4666666666666667,0.5413919413919414,0,0.0,,1,0,0,0.0,Ausbau,1.0,0.0,30
pred_bau04,pred_bau04,Roche pRED Bau 04,30,boden / zimmermann / nebenraeume,END,Endmontage,3,55.0,20.0,18.333333333333332,28.0,30.0,346.0,54.0,2.0,2020-10-28,2021-10-08,0.30915750915750917,0.5619047619047619,0,0.0,,2,1,0,55.0,Sanitär,1.0,1.0,30
pred_bau04,pred_bau04,Roche pRED Bau 04,31,einbringen / aufstellen / anbringen,FEIN,Feinmontage,1,5.0,5.0,5.0,5.0,5.0,5.0,5.0,1.0,2022-12-05,2022-12-09,0.8717948717948718,0.8747252747252747,1,1.0,,1,0,0,5.0,Konstruktion,0.07142857142857142,1.0,20
pred_bau04,pred_bau04,Roche pRED Bau 04,31,einbringen / aufstellen / anbringen,END,Endmontage,7,65.0,10.0,9.285714285714286,10.0,10.0,211.0,50.0,4.0,2022-01-28,2022-08-26,0.643956043956044,0.7978021978021979,3,0.42857142857142855,,5,2,0,0.0,Konstruktion,0.9285714285714286,0.0,30
pred_bau04,pred_bau04,Roche pRED Bau 04,32,wmp / erstellung / dks,GROB,Grobmontage,11,255.0,15.0,23.181818181818183,50.0,50.0,443.0,188.0,4.0,2020-06-04,2021-08-20,0.2021978021978022,0.526007326007326,0,0.0,,5,1,0,0.0,Elektro,1.0,0.0,10
pred_bau04,pred_bau04,Roche pRED Bau 04,33,beleuchtung / feinmontage / einbau komponenten,GROB,Grobmontage,2,92.0,46.0,46.0,74.8,82.0,513.0,126.0,1.0,2021-05-27,2022-10-21,0.46373626373626375,0.8388278388278388,1,0.5,,2,1,0,0.0,Konstruktion,0.09725158562367865,0.0,10
pred_bau04,pred_bau04,Roche pRED Bau 04,33,beleuchtung / feinmontage / einbau komponenten,FEIN,Feinmontage,2,65.0,32.5,32.5,46.5,50.0,100.0,100.0,2.0,2021-11-11,2022-02-18,0.5868131868131868,0.6593406593406593,0,0.0,,2,1,0,0.0,Konstruktion,0.06871035940803383,0.0,20
pred_bau04,pred_bau04,Roche pRED Bau 04,33,beleuchtung / feinmontage / einbau komponenten,END,Endmontage,65,789.0,10.0,12.138461538461538,20.0,25.0,488.0,300.0,18.0,2021-09-06,2023-01-06,0.5384615384615384,0.8952380952380953,27,0.4153846153846154,,7,3,0,20.0,Ausbau,0.8340380549682875,0.025348542458808618,30
pred_bau04,pred_bau04,Roche pRED Bau 04,35,lueftung / montage / monobloecke,GROB,Grobmontage,1,10.0,10.0,10.0,10.0,10.0,14.0,14.0,1.0,2021-02-03,2021-02-16,0.38095238095238093,0.3904761904761905,0,0.0,,1,0,0,0.0,Konstruktion,0.14285714285714285,0.0,10
pred_bau04,pred_bau04,Roche pRED Bau 04,35,lueftung / montage / monobloecke,FEIN,Feinmontage,2,25.0,12.5,12.5,14.5,15.0,329.0,35.0,1.0,2020-04-17,2021-03-11,0.16703296703296702,0.4073260073260073,0,0.0,,1,0,0,25.0,Lüftung,0.35714285714285715,1.0,20
pred_bau04,pred_bau04,Roche pRED Bau 04,35,lueftung / montage / monobloecke,END,Endmontage,3,35.0,10.0,11.666666666666666,14.0,15.0,61.0,59.0,2.0,2021-10-11,2021-12-10,0.5641025641025641,0.608058608058608,0,0.0,,1,1,0,0.0,Konstruktion,0.5,0.0,30
pred_bau04,pred_bau04,Roche pRED Bau 04,36,montage / zone / leuchten,GROB,Grobmontage,1,5.0,5.0,5.0,5.0,5.0,5.0,5.0,1.0,2022-02-07,2022-02-11,0.6512820512820513,0.6542124542124542,0,0.0,,1,0,0,0.0,Ausbau,0.03571428571428571,0.0,10
pred_bau04,pred_bau04,Roche pRED Bau 04,36,montage / zone / leuchten,END,Endmontage,15,135.0,10.0,9.0,12.999999999999998,15.0,278.0,117.0,4.0,2021-09-20,2022-06-24,0.5487179487179488,0.7516483516483516,7,0.4666666666666667,,4,3,0,0.0,Konstruktion,0.9642857142857143,0.0,30
pred_bau04,pred_bau04,Roche pRED Bau 04,37,installieren / einmessen / wandverkleidung,END,Endmontage,42,428.0,10.0,10.19047619047619,14.499999999999993,34.0,691.0,287.0,7.0,2020-12-10,2022-10-31,0.34065934065934067,0.8461538461538461,6,0.14285714285714285,,6,3,0,148.0,Konstruktion,1.0,0.34579439252336447,30
pred_bau04,pred_bau04,Roche pRED Bau 04,39,montieren / aufmalen / equipment,GROB,Grobmontage,1,10.0,10.0,10.0,10.0,10.0,12.0,12.0,1.0,2021-09-20,2021-10-01,0.5487179487179488,0.5567765567765568,0,0.0,,1,1,0,0.0,Ausbau,0.038461538461538464,0.0,10
pred_bau04,pred_bau04,Roche pRED Bau 04,39,montieren / aufmalen / equipment,END,Endmontage,39,250.0,5.0,6.410256410256411,10.0,20.0,684.0,181.0,6.0,2021-03-08,2023-01-20,0.40512820512820513,0.9054945054945055,11,0.28205128205128205,,6,3,0,53.0,Konstruktion,0.9615384615384616,0.212,30
pred_bau04,pred_bau04,Roche pRED Bau 04,40,onboarding / garderobenschraenke / elektrische schiebetueren,GROB,Grobmontage,1,22.0,22.0,22.0,22.0,22.0,30.0,30.0,1.0,2020-06-10,2020-07-09,0.20659340659340658,0.22783882783882783,0,0.0,,1,0,0,0.0,Elektro,1.0,0.0,10
pred_bau04,pred_bau04,Roche pRED Bau 04,41,stuetzen / loggia / versetzen,GROB,Grobmontage,6,30.0,5.0,5.0,5.0,5.0,36.0,23.0,2.0,2021-04-13,2021-05-18,0.4315018315018315,0.45714285714285713,0,0.0,,3,2,0,0.0,Konstruktion,0.42857142857142855,0.0,10
pred_bau04,pred_bau04,Roche pRED Bau 04,41,stuetzen / loggia / versetzen,END,Endmontage,4,40.0,10.0,10.0,13.5,15.0,741.0,49.0,2.0,2020-10-14,2022-10-24,0.2989010989010989,0.841025641025641,0,0.0,,2,0,0,25.0,Konstruktion,0.5714285714285714,0.625,30
pred_bau04,pred_bau04,Roche pRED Bau 04,42,treppen / ausgleichsschicht / stahleinlagen,END,Endmontage,1,10.0,10.0,10.0,10.0,10.0,14.0,14.0,1.0,2022-02-11,2022-02-24,0.6542124542124542,0.6637362637362637,0,0.0,,1,0,0,0.0,Konstruktion,1.0,0.0,30
pred_bau04,pred_bau04,Roche pRED Bau 04,43,modellbearbeitung / pendenzenbearbeitung / labormoebel,GROB,Grobmontage,5,78.0,15.0,15.6,19.2,20.0,113.0,110.0,1.0,2020-05-04,2020-08-24,0.1794871794871795,0.26153846153846155,0,0.0,,5,0,0,0.0,Elektro,1.0,0.0,10
pred_bau04,pred_bau04,Roche pRED Bau 04,44,rlt / kanaele / bsk,GROB,Grobmontage,3,329.0,132.0,109.66666666666667,152.0,157.0,274.0,274.0,2.0,2020-12-18,2021-09-17,0.3465201465201465,0.5465201465201465,0,0.0,,2,0,0,0.0,Sanitär,0.6463654223968566,0.0,10
pred_bau04,pred_bau04,Roche pRED Bau 04,44,rlt / kanaele / bsk,END,Endmontage,10,180.0,20.0,18.0,20.5,25.0,250.0,137.0,4.0,2021-09-06,2022-05-13,0.5384615384615384,0.7208791208791209,2,0.2,,4,3,0,0.0,Ausbau,0.35363457760314343,0.0,30
pred_bau04,pred_bau04,Roche pRED Bau 04,45,schreinerarbeiten / restarbeiten / abdichtungsarbeiten,GROB,Grobmontage,1,10.0,10.0,10.0,10.0,10.0,14.0,14.0,1.0,2020-10-21,2020-11-03,0.304029304029304,0.31355311355311355,0,0.0,,1,0,0,0.0,Konstruktion,0.08333333333333333,0.0,10
pred_bau04,pred_bau04,Roche pRED Bau 04,45,schreinerarbeiten / restarbeiten / abdichtungsarbeiten,END,Endmontage,9,110.0,10.0,12.222222222222221,20.0,20.0,411.0,55.0,5.0,2021-09-20,2022-11-04,0.5487179487179488,0.8490842490842491,5,0.5555555555555556,,4,3,0,0.0,Konstruktion,0.9166666666666666,0.0,30
pred_bau04,pred_bau04,Roche pRED Bau 04,46,anschluss / schaltschraenke / feldgeraete,END,Endmontage,19,510.0,20.0,26.842105263157894,37.199999999999974,90.0,562.0,418.0,7.0,2021-02-24,2022-09-08,0.3963369963369963,0.8073260073260073,3,0.15789473684210525,,6,1,0,290.0,Ausbau,1.0,0.5686274509803921,30
pred_bau04,pred_bau04,Roche pRED Bau 04,49,einbau / lueftungskanaele / sbb,GROB,Grobmontage,2,25.0,12.5,12.5,18.5,20.0,26.0,26.0,2.0,2021-08-23,2021-09-17,0.5282051282051282,0.5465201465201465,0,0.0,,2,1,0,0.0,Konstruktion,0.14792899408284024,0.0,10
pred_bau04,pred_bau04,Roche pRED Bau 04,49,einbau / lueftungskanaele / sbb,END,Endmontage,12,144.0,10.0,12.0,23.1,24.0,860.0,122.0,3.0,2021-01-20,2023-05-29,0.3706959706959707,1.0,0,0.0,,5,0,0,119.0,Ausbau,0.8520710059171598,0.8263888888888888,30
pred_bau04,pred_bau04,Roche pRED Bau 04,50,heizung / halterungen / uebergeordnete,GROB,Grobmontage,15,231.0,10.0,15.4,23.999999999999993,71.0,636.0,199.0,6.0,2020-11-25,2022-08-22,0.32967032967032966,0.7948717948717948,0,0.0,,7,3,0,0.0,Ausbau,0.9585062240663901,0.0,10
pred_bau04,pred_bau04,Roche pRED Bau 04,50,heizung / halterungen / uebergeordnete,END,Endmontage,1,10.0,10.0,10.0,10.0,10.0,16.0,16.0,1.0,2021-03-25,2021-04-09,0.4175824175824176,0.42857142857142855,0,0.0,,1,0,0,0.0,Ausbau,0.04149377593360996,0.0,30
pred_bau04,pred_bau04,Roche pRED Bau 04,52,anstrich / ral / weissputz,END,Endmontage,47,376.0,5.0,8.0,15.0,21.0,786.0,340.0,5.0,2020-11-26,2023-01-20,0.3304029304029304,0.9054945054945055,3,0.06382978723404255,,8,4,0,80.0,Konstruktion,1.0,0.2127659574468085,30
pred_bau04,pred_bau04,Roche pRED Bau 04,53,abnahme / ort / kontrolle,GROB,Grobmontage,1,10.0,10.0,10.0,10.0,10.0,12.0,12.0,1.0,2022-10-17,2022-10-28,0.8358974358974359,0.843956043956044,1,1.0,,1,1,0,0.0,Konstruktion,1.0,0.0,10
pred_bau04,pred_bau04,Roche pRED Bau 04,54,einbauen / doppelboden / schreiner,END,Endmontage,14,180.0,15.0,12.857142857142858,18.500000000000007,20.0,625.0,118.0,5.0,2020-11-26,2022-08-12,0.3304029304029304,0.7875457875457875,4,0.2857142857142857,,5,3,0,20.0,Konstruktion,1.0,0.1111111111111111,30
pred_bau04,pred_bau04,Roche pRED Bau 04,56,sprinkler / spriessfrei / gruppe,GROB,Grobmontage,2,15.0,7.5,7.5,9.5,10.0,87.0,19.0,1.0,2021-04-21,2021-07-16,0.43736263736263736,0.5003663003663004,0,0.0,,2,1,0,10.0,Ausbau,0.75,0.6666666666666666,10
pred_bau04,pred_bau04,Roche pRED Bau 04,56,sprinkler / spriessfrei / gruppe,END,Endmontage,1,5.0,5.0,5.0,5.0,5.0,7.0,7.0,1.0,2022-08-30,2022-09-05,0.8007326007326008,0.8051282051282052,0,0.0,,1,0,0,0.0,Ausbau,0.25,0.0,30
pred_bau04,pred_bau04,Roche pRED Bau 04,57,abbruch / achse / betonwaende,GROB,Grobmontage,1,41.0,41.0,41.0,41.0,41.0,57.0,57.0,1.0,2021-10-04,2021-11-29,0.558974358974359,0.6,0,0.0,,1,0,0,0.0,Konstruktion,0.2907801418439716,0.0,10
pred_bau04,pred_bau04,Roche pRED Bau 04,57,abbruch / achse / betonwaende,END,Endmontage,20,100.0,5.0,5.0,5.0,5.0,200.0,64.0,4.0,2021-04-20,2021-11-05,0.43663003663003663,0.5824175824175825,0,0.0,,4,2,0,0.0,Konstruktion,0.7092198581560284,0.0,30
pred_bau04,pred_bau04,Roche pRED Bau 04,58,erstellen / konzept / ausschreibung,END,Endmontage,2,25.0,12.5,12.5,18.5,20.0,187.0,31.0,1.0,2021-11-22,2022-05-27,0.5948717948717949,0.7311355311355311,1,0.5,,1,0,0,0.0,Konstruktion,1.0,0.0,30
pred_bau04,pred_bau04,Roche pRED Bau 04,59,technik / raeumung / deckenelemente,END,Endmontage,6,75.0,15.0,12.5,15.0,15.0,792.0,112.0,1.0,2020-10-02,2022-12-02,0.29010989010989013,0.8695970695970696,3,0.5,,3,1,0,30.0,Ausbau,1.0,0.4,30
pred_bau04,pred_bau04,Roche pRED Bau 04,60,rueckbau / kofferblech / tragender,GROB,Grobmontage,4,61.0,15.0,15.25,20.7,21.0,773.0,81.0,1.0,2019-10-21,2021-12-01,0.035897435897435895,0.6014652014652014,0,0.0,,2,0,0,0.0,Konstruktion,1.0,0.0,10
pred_bau04,pred_bau04,Roche pRED Bau 04,61,fassade / riegel / haupttrassen,END,Endmontage,23,207.0,9.0,9.0,11.600000000000001,15.0,599.0,200.0,3.0,2020-09-11,2022-05-02,0.27472527472527475,0.7128205128205128,0,0.0,,5,0,0,197.0,Ausbau,1.0,0.9516908212560387,30
pred_bau04,pred_bau04,Roche pRED Bau 04,62,fassadengeruest / abbau / aufbau,GROB,Grobmontage,3,37.0,5.0,12.333333333333334,25.0,30.0,314.0,44.0,2.0,2021-07-16,2022-05-25,0.5003663003663004,0.7296703296703296,0,0.0,,2,0,0,0.0,Konstruktion,0.19170984455958548,0.0,10
pred_bau04,pred_bau04,Roche pRED Bau 04,62,fassadengeruest / abbau / aufbau,END,Endmontage,17,156.0,5.0,9.176470588235293,20.0,20.0,807.0,93.0,5.0,2020-03-16,2022-05-31,0.14358974358974358,0.734065934065934,0,0.0,,7,0,0,156.0,Sonstige,0.8082901554404145,1.0,30
pred_bau04,pred_bau04,Roche pRED Bau 04,63,bodenbelag / bodenplatte / bodenbelaege,END,Endmontage,6,45.0,5.0,7.5,12.5,20.0,327.0,41.0,2.0,2021-09-06,2022-07-29,0.5384615384615384,0.7772893772893773,1,0.16666666666666666,,3,3,0,0.0,Konstruktion,1.0,0.0,30
pred_bau04,pred_bau04,Roche pRED Bau 04,65,decken / waende / streichen,GROB,Grobmontage,1,5.0,5.0,5.0,5.0,5.0,5.0,5.0,1.0,2021-10-11,2021-10-15,0.5641025641025641,0.567032967032967,0,0.0,,1,1,0,0.0,Konstruktion,0.015197568389057751,0.0,10
pred_bau04,pred_bau04,Roche pRED Bau 04,65,decken / waende / streichen,END,Endmontage,23,324.0,15.0,14.08695652173913,20.0,36.0,772.0,210.0,5.0,2020-10-22,2022-12-02,0.3047619047619048,0.8695970695970696,2,0.08695652173913043,,6,4,0,96.0,Konstruktion,0.9848024316109423,0.2962962962962963,30
pred_bau04,pred_bau04,Roche pRED Bau 04,66,feldgeraete / beschriftung / hauptkanaele,GROB,Grobmontage,14,546.0,25.0,39.0,73.30000000000003,178.0,269.0,269.0,8.0,2021-01-06,2021-10-01,0.36043956043956044,0.5567765567765568,0,0.0,,5,4,0,70.0,Ausbau,1.0,0.1282051282051282,10
pred_bau04,pred_bau04,Roche pRED Bau 04,68,beschichtung / epoxy / raeume,END,Endmontage,6,45.0,5.0,7.5,12.5,15.0,828.0,54.0,2.0,2020-09-30,2023-01-05,0.2886446886446886,0.8945054945054945,0,0.0,,2,2,0,40.0,Konstruktion,1.0,0.8888888888888888,30
pred_bau04,pred_bau04,Roche pRED Bau 04,71,stromschiene / mediensaeulen / vorgezogene,FEIN,Feinmontage,3,20.0,5.0,6.666666666666667,9.0,10.0,488.0,22.0,1.0,2020-10-12,2022-02-11,0.29743589743589743,0.6542124542124542,1,0.3333333333333333,,2,2,0,20.0,Ausbau,1.0,1.0,20
pred_bau04,pred_bau04,Roche pRED Bau 04,73,anlage / usv / bereit,END,Endmontage,1,20.0,20.0,20.0,20.0,20.0,26.0,26.0,1.0,2021-07-05,2021-07-30,0.49230769230769234,0.5106227106227106,0,0.0,,1,0,0,20.0,Konstruktion,1.0,1.0,30
pred_bau04,pred_bau04,Roche pRED Bau 04,74,verlegen / parkett / naturstein,END,Endmontage,30,355.0,12.5,11.833333333333334,15.0,15.0,483.0,233.0,6.0,2021-06-18,2022-10-13,0.47985347985347987,0.832967032967033,13,0.43333333333333335,,5,4,0,50.0,Konstruktion,1.0,0.14084507042253522,30
pred_bau04,pred_bau04,Roche pRED Bau 04,75,prov / bodenaufbau / baulift,GROB,Grobmontage,14,292.0,17.5,20.857142857142858,27.00000000000001,82.0,1215.0,338.0,3.0,2019-09-09,2023-01-05,0.005128205128205128,0.8945054945054945,1,0.07142857142857142,,6,1,0,222.0,Konstruktion,1.0,0.7602739726027398,10
pred_bau04,pred_bau04,Roche pRED Bau 04,76,lieferung / montage / isp,FEIN,Feinmontage,40,840.0,20.0,21.0,30.0,82.0,658.0,231.0,15.0,2020-07-31,2022-05-19,0.24395604395604395,0.7252747252747253,0,0.0,,7,1,0,840.0,Sanitär,1.0,1.0,20
pred_bau04,pred_bau04,Roche pRED Bau 04,77,etappe / spundwaende / ziehen,GROB,Grobmontage,5,156.0,28.0,31.2,49.2,50.0,772.0,162.0,2.0,2020-03-16,2022-04-26,0.14358974358974358,0.7084249084249085,0,0.0,,3,1,0,156.0,Konstruktion,0.9122807017543859,1.0,10
pred_bau04,pred_bau04,Roche pRED Bau 04,77,etappe / spundwaende / ziehen,END,Endmontage,1,15.0,15.0,15.0,15.0,15.0,19.0,19.0,1.0,2022-07-25,2022-08-12,0.7743589743589744,0.7875457875457875,1,1.0,,1,0,0,0.0,Konstruktion,0.08771929824561403,0.0,30
pred_bau04,pred_bau04,Roche pRED Bau 04,78,innere / spezialverglasungen / buero,GROB,Grobmontage,5,35.0,5.0,7.0,10.0,10.0,741.0,38.0,2.0,2020-09-16,2022-09-26,0.2783882783882784,0.8205128205128205,0,0.0,,3,1,0,0.0,Konstruktion,0.06930693069306931,0.0,10
pred_bau04,pred_bau04,Roche pRED Bau 04,78,innere / spezialverglasungen / buero,END,Endmontage,43,470.0,10.0,10.930232558139535,20.0,30.0,642.0,315.0,7.0,2021-02-01,2022-11-04,0.37948717948717947,0.8490842490842491,12,0.27906976744186046,,4,3,0,175.0,Konstruktion,0.9306930693069307,0.3723404255319149,30
pred_bau04,pred_bau04,Roche pRED Bau 04,79,sanitaer / halterung / montage,GROB,Grobmontage,9,278.0,5.0,30.88888888888889,109.4,135.0,557.0,215.0,4.0,2021-03-19,2022-09-26,0.41318681318681316,0.8205128205128205,0,0.0,,5,2,0,0.0,Konstruktion,0.9174917491749175,0.0,10
pred_bau04,pred_bau04,Roche pRED Bau 04,79,sanitaer / halterung / montage,FEIN,Feinmontage,2,20.0,10.0,10.0,10.0,10.0,518.0,29.0,1.0,2021-05-21,2022-10-20,0.4593406593406593,0.8380952380952381,0,0.0,,2,2,0,20.0,Konstruktion,0.066006600660066,1.0,20
pred_bau04,pred_bau04,Roche pRED Bau 04,79,sanitaer / halterung / montage,END,Endmontage,1,5.0,5.0,5.0,5.0,5.0,5.0,5.0,1.0,2021-11-22,2021-11-26,0.5948717948717949,0.5978021978021978,0,0.0,,1,1,0,0.0,Konstruktion,0.0165016501650165,0.0,30
pred_bau05,pred_bau05,Roche pRED Bau 05,0,tueren / einhaengen / montage,GROB,Grobmontage,3,70.0,20.0,23.333333333333332,32.0,35.0,54.0,54.0,3.0,2021-08-23,2021-10-15,0.5045267489711934,0.5481481481481482,0,0.0,,1,0,0,0.0,Sonstige,0.7,0.0,10
pred_bau05,pred_bau05,Roche pRED Bau 05,0,tueren / einhaengen / montage,END,Endmontage,4,30.0,5.0,7.5,12.000000000000002,15.0,451.0,26.0,3.0,2020-09-16,2021-12-10,0.22386831275720165,0.594238683127572,0,0.0,,2,0,0,15.0,Ausbau,0.3,0.5,30
pred_bau05,pred_bau05,Roche pRED Bau 05,1,leitungen / haupt / vorbereitung,GROB,Grobmontage,86,1965.0,15.0,22.848837209302324,65.0,126.0,699.0,533.0,14.0,2020-09-30,2022-08-29,0.2353909465020576,0.8098765432098766,0,0.0,,9,3,0,171.0,Ausbau,0.7842745958890441,0.08702290076335878,10
pred_bau05,pred_bau05,Roche pRED Bau 05,1,leitungen / haupt / vorbereitung,FEIN,Feinmontage,18,250.5,10.0,13.916666666666666,30.0,42.5,584.0,179.0,6.0,2020-09-30,2022-05-06,0.2353909465020576,0.7152263374485597,0,0.0,,3,0,0,0.0,Ausbau,0.09998004390341249,0.0,20
pred_bau05,pred_bau05,Roche pRED Bau 05,1,leitungen / haupt / vorbereitung,END,Endmontage,26,290.0,10.0,11.153846153846153,15.0,50.0,478.0,209.0,5.0,2021-02-11,2022-06-03,0.345679012345679,0.7382716049382716,1,0.038461538461538464,,8,2,0,0.0,Konstruktion,0.1157453602075434,0.0,30
pred_bau05,pred_bau05,Roche pRED Bau 05,2,brandschutzabschluesse / anschliessen / anschluesse,END,Endmontage,3,55.0,20.0,18.333333333333332,28.0,30.0,772.0,89.0,1.0,2020-10-29,2022-12-09,0.25925925925925924,0.8938271604938272,0,0.0,,1,0,0,55.0,Sicherheit,1.0,1.0,30
pred_bau05,pred_bau05,Roche pRED Bau 05,3,malerarbeiten / finish / decke,GROB,Grobmontage,2,10.0,5.0,5.0,5.0,5.0,14.0,14.0,2.0,2021-05-12,2021-05-25,0.41975308641975306,0.43045267489711936,0,0.0,,2,1,0,0.0,Ausbau,0.18181818181818182,0.0,10
pred_bau05,pred_bau05,Roche pRED Bau 05,3,malerarbeiten / finish / decke,END,Endmontage,4,45.0,5.0,11.25,22.500000000000004,30.0,46.0,46.0,2.0,2021-08-30,2021-10-14,0.5102880658436214,0.5473251028806584,0,0.0,,2,1,0,40.0,Ausbau,0.8181818181818182,0.8888888888888888,30
pred_bau05,pred_bau05,Roche pRED Bau 05,4,unterlagsboden / betonieren / ergaenzen,GROB,Grobmontage,2,10.0,5.0,5.0,5.0,5.0,19.0,10.0,1.0,2021-08-09,2021-08-27,0.49300411522633747,0.5078189300411523,0,0.0,,2,1,0,10.0,Ausbau,0.4,1.0,10
pred_bau05,pred_bau05,Roche pRED Bau 05,4,unterlagsboden / betonieren / ergaenzen,END,Endmontage,2,15.0,7.5,7.5,9.5,10.0,117.0,17.0,1.0,2021-10-04,2022-01-28,0.5390946502057613,0.6345679012345679,0,0.0,,2,0,0,0.0,Ausbau,0.6,0.0,30
pred_bau05,pred_bau05,Roche pRED Bau 05,5,vorfertigung / avor / apa,GROB,Grobmontage,6,240.0,40.0,40.0,40.0,40.0,301.0,273.0,2.0,2020-09-17,2021-07-14,0.22469135802469137,0.47160493827160493,0,0.0,,6,0,0,0.0,Elektro,1.0,0.0,10
pred_bau05,pred_bau05,Roche pRED Bau 05,6,schliessen / waende / schotts,GROB,Grobmontage,24,256.0,5.0,10.666666666666666,10.0,126.0,400.0,198.0,5.0,2021-05-21,2022-06-24,0.4271604938271605,0.7555555555555555,2,0.08333333333333333,,8,2,0,0.0,Konstruktion,0.28444444444444444,0.0,10
pred_bau05,pred_bau05,Roche pRED Bau 05,6,schliessen / waende / schotts,FEIN,Feinmontage,1,10.0,10.0,10.0,10.0,10.0,12.0,12.0,1.0,2022-01-17,2022-01-28,0.6255144032921811,0.6345679012345679,0,0.0,,1,0,0,0.0,Sonstige,0.011111111111111112,0.0,20
pred_bau05,pred_bau05,Roche pRED Bau 05,6,schliessen / waende / schotts,END,Endmontage,86,634.0,5.0,7.372093023255814,10.0,44.0,798.0,401.0,9.0,2020-04-22,2022-06-28,0.102880658436214,0.7588477366255144,2,0.023255813953488372,,10,6,0,207.0,Ausbau,0.7044444444444444,0.3264984227129338,30
pred_bau05,pred_bau05,Roche pRED Bau 05,7,reinigung / oberhalb / obergeschosse,GROB,Grobmontage,10,50.0,5.0,5.0,5.0,5.0,138.0,25.0,2.0,2022-01-31,2022-06-17,0.6370370370370371,0.7497942386831276,4,0.4,,5,2,0,0.0,Konstruktion,0.7246376811594203,0.0,10
pred_bau05,pred_bau05,Roche pRED Bau 05,7,reinigung / oberhalb / obergeschosse,END,Endmontage,7,19.0,1.0,2.7142857142857144,5.0,5.0,257.0,17.0,2.0,2022-03-28,2022-12-09,0.6831275720164609,0.8938271604938272,2,0.2857142857142857,,2,2,0,4.0,Konstruktion,0.2753623188405797,0.21052631578947367,30
pred_bau05,pred_bau05,Roche pRED Bau 05,8,stahlbau / dach / trassen,GROB,Grobmontage,19,259.0,15.0,13.631578947368421,15.0,20.0,439.0,154.0,8.0,2020-11-02,2022-01-14,0.2625514403292181,0.6230452674897119,0,0.0,,7,2,0,0.0,Ausbau,0.4288079470198676,0.0,10
pred_bau05,pred_bau05,Roche pRED Bau 05,8,stahlbau / dach / trassen,END,Endmontage,49,345.0,5.0,7.040816326530612,10.0,15.0,807.0,220.0,9.0,2021-01-14,2023-03-31,0.3226337448559671,0.9860082304526749,4,0.08163265306122448,,8,3,0,0.0,Ausbau,0.5711920529801324,0.0,30
pred_bau05,pred_bau05,Roche pRED Bau 05,9,fertigstellung / lbw / mauerwerk,GROB,Grobmontage,25,604.0,20.0,24.16,43.00000000000001,57.0,261.0,239.0,10.0,2021-04-01,2021-12-17,0.3860082304526749,0.6,0,0.0,,6,2,0,0.0,Konstruktion,0.6233230134158927,0.0,10
pred_bau05,pred_bau05,Roche pRED Bau 05,9,fertigstellung / lbw / mauerwerk,END,Endmontage,27,365.0,15.0,13.518518518518519,15.0,30.0,742.0,263.0,6.0,2020-10-23,2022-11-03,0.254320987654321,0.8641975308641975,2,0.07407407407407407,,9,3,0,0.0,Ausbau,0.3766769865841073,0.0,30
pred_bau05,pred_bau05,Roche pRED Bau 05,10,elektro / installation / feinmontage,GROB,Grobmontage,12,65.0,5.0,5.416666666666667,5.0,10.0,214.0,55.0,2.0,2021-07-05,2022-02-03,0.4641975308641975,0.6395061728395062,0,0.0,,7,2,0,0.0,Konstruktion,0.8666666666666667,0.0,10
pred_bau05,pred_bau05,Roche pRED Bau 05,10,elektro / installation / feinmontage,END,Endmontage,1,10.0,10.0,10.0,10.0,10.0,12.0,12.0,1.0,2021-11-22,2021-12-03,0.5794238683127572,0.588477366255144,0,0.0,,1,1,0,0.0,Ausbau,0.13333333333333333,0.0,30
pred_bau05,pred_bau05,Roche pRED Bau 05,11,ulk / endmontage / nshv,GROB,Grobmontage,3,30.0,10.0,10.0,10.0,10.0,296.0,54.0,1.0,2020-11-26,2021-09-17,0.2823045267489712,0.5251028806584362,0,0.0,,3,0,0,0.0,Ausbau,0.26785714285714285,0.0,10
pred_bau05,pred_bau05,Roche pRED Bau 05,11,ulk / endmontage / nshv,END,Endmontage,11,82.0,10.0,7.454545454545454,10.0,10.0,766.0,48.0,3.0,2020-11-04,2022-12-09,0.2641975308641975,0.8938271604938272,0,0.0,,3,2,0,70.0,Konstruktion,0.7321428571428571,0.8536585365853658,30
pred_bau05,pred_bau05,Roche pRED Bau 05,12,installation / rueckbauen / aufhaengung,GROB,Grobmontage,10,269.75,10.0,26.975,69.375,75.0,303.0,182.0,4.0,2020-11-12,2021-09-10,0.2707818930041152,0.5193415637860083,0,0.0,,4,2,0,0.0,Ausbau,0.34862681744749596,0.0,10
pred_bau05,pred_bau05,Roche pRED Bau 05,12,installation / rueckbauen / aufhaengung,FEIN,Feinmontage,8,85.0,10.0,10.625,15.0,15.0,717.0,96.0,2.0,2020-12-09,2022-11-25,0.29300411522633746,0.8823045267489712,0,0.0,,3,0,0,70.0,Ausbau,0.1098546042003231,0.8235294117647058,20
pred_bau05,pred_bau05,Roche pRED Bau 05,12,installation / rueckbauen / aufhaengung,END,Endmontage,42,419.0,10.0,9.976190476190476,10.0,73.0,499.0,308.0,4.0,2021-02-25,2022-07-08,0.35720164609053495,0.7670781893004115,3,0.07142857142857142,,8,2,0,0.0,Ausbau,0.541518578352181,0.0,30
pred_bau05,pred_bau05,Roche pRED Bau 05,13,start / termin / natursteinsockel aussen,GROB,Grobmontage,1,5.0,5.0,5.0,5.0,5.0,8.0,8.0,1.0,2021-05-21,2021-05-28,0.4271604938271605,0.43292181069958846,0,0.0,,1,0,0,0.0,Sonstige,0.014705882352941176,0.0,10
pred_bau05,pred_bau05,Roche pRED Bau 05,13,start / termin / natursteinsockel aussen,FEIN,Feinmontage,1,10.0,10.0,10.0,10.0,10.0,14.0,14.0,1.0,2021-01-28,2021-02-10,0.33415637860082303,0.3448559670781893,0,0.0,,1,0,0,0.0,Ausbau,0.029411764705882353,0.0,20
pred_bau05,pred_bau05,Roche pRED Bau 05,13,start / termin / natursteinsockel aussen,END,Endmontage,27,325.0,10.0,12.037037037037036,15.0,25.0,882.0,280.0,4.0,2020-11-17,2023-04-17,0.2748971193415638,1.0,4,0.14814814814814814,,9,4,0,115.0,Ausbau,0.9558823529411765,0.35384615384615387,30
pred_bau05,pred_bau05,Roche pRED Bau 05,14,fzag / treppenhaus / beauftragen,GROB,Grobmontage,1,5.0,5.0,5.0,5.0,5.0,5.0,5.0,1.0,2022-06-20,2022-06-24,0.7522633744855967,0.7555555555555555,1,1.0,,1,0,0,0.0,Sonstige,0.041666666666666664,0.0,10
pred_bau05,pred_bau05,Roche pRED Bau 05,14,fzag / treppenhaus / beauftragen,END,Endmontage,16,115.0,5.0,7.1875,5.0,40.0,424.0,126.0,2.0,2021-11-01,2022-12-29,0.5621399176954732,0.9102880658436214,2,0.125,,6,1,0,0.0,Konstruktion,0.9583333333333334,0.0,30
pred_bau05,pred_bau05,Roche pRED Bau 05,15,daemmung / hauptleitungen / terrasse,GROB,Grobmontage,49,404.0,10.0,8.244897959183673,10.400000000000006,20.0,359.0,174.0,10.0,2021-01-28,2022-01-21,0.33415637860082303,0.6288065843621399,0,0.0,,9,2,0,0.0,Ausbau,0.7637051039697542,0.0,10
pred_bau05,pred_bau05,Roche pRED Bau 05,15,daemmung / hauptleitungen / terrasse,FEIN,Feinmontage,14,70.0,5.0,5.0,5.0,5.0,411.0,48.0,4.0,2021-03-15,2022-04-29,0.3720164609053498,0.7094650205761317,0,0.0,,3,0,0,0.0,Ausbau,0.1323251417769376,0.0,20
pred_bau05,pred_bau05,Roche pRED Bau 05,15,daemmung / hauptleitungen / terrasse,END,Endmontage,9,55.0,5.0,6.111111111111111,10.0,10.0,243.0,44.0,3.0,2021-10-18,2022-06-17,0.5506172839506173,0.7497942386831276,1,0.1111111111111111,,3,0,0,0.0,Ausbau,0.10396975425330812,0.0,30
pred_bau05,pred_bau05,Roche pRED Bau 05,17,kabelzug / msr / lwl,FEIN,Feinmontage,17,336.0,20.0,19.764705882352942,22.0,40.0,285.0,181.0,6.0,2021-07-19,2022-04-29,0.4757201646090535,0.7094650205761317,3,0.17647058823529413,,6,2,0,238.0,Ausbau,0.8818897637795275,0.7083333333333334,20
pred_bau05,pred_bau05,Roche pRED Bau 05,17,kabelzug / msr / lwl,END,Endmontage,2,45.0,22.5,22.5,28.5,30.0,169.0,61.0,1.0,2022-01-14,2022-07-01,0.6230452674897119,0.7613168724279835,0,0.0,,2,0,0,0.0,Ausbau,0.11811023622047244,0.0,30
pred_bau05,pred_bau05,Roche pRED Bau 05,18,ende termin / daemmung / start ende,GROB,Grobmontage,2,20.0,10.0,10.0,10.0,10.0,493.0,26.0,1.0,2020-09-16,2022-01-21,0.22386831275720165,0.6288065843621399,0,0.0,,2,1,0,0.0,Ausbau,0.08333333333333333,0.0,10
pred_bau05,pred_bau05,Roche pRED Bau 05,18,ende termin / daemmung / start ende,END,Endmontage,19,220.0,10.0,11.578947368421053,20.0,20.0,705.0,174.0,5.0,2020-12-07,2022-11-11,0.291358024691358,0.8707818930041152,5,0.2631578947368421,,6,2,0,35.0,Ausbau,0.9166666666666666,0.1590909090909091,30
pred_bau05,pred_bau05,Roche pRED Bau 05,19,decke / verbundstuetzen / betonstuetzen,GROB,Grobmontage,53,384.0,6.0,7.245283018867925,10.0,25.0,919.0,389.0,4.0,2019-12-19,2022-06-24,0.0,0.7555555555555555,3,0.05660377358490566,,9,3,0,269.0,Ausbau,0.735632183908046,0.7005208333333334,10
pred_bau05,pred_bau05,Roche pRED Bau 05,19,decke / verbundstuetzen / betonstuetzen,END,Endmontage,15,138.0,10.0,9.2,10.0,10.0,278.0,105.0,2.0,2021-10-11,2022-07-15,0.5448559670781893,0.7728395061728395,13,0.8666666666666667,,7,2,0,0.0,Ausbau,0.26436781609195403,0.0,30
pred_bau05,pred_bau05,Roche pRED Bau 05,20,cns / verkleidung / seite,END,Endmontage,1,10.0,10.0,10.0,10.0,10.0,12.0,12.0,1.0,2022-08-01,2022-08-12,0.7868312757201646,0.7958847736625514,1,1.0,,1,0,0,0.0,Sonstige,1.0,0.0,30
pred_bau05,pred_bau05,Roche pRED Bau 05,21,dichtheitspruefung / medienversorgung / ende,GROB,Grobmontage,114,733.0,5.0,6.4298245614035086,5.0,97.0,478.0,259.0,10.0,2021-01-21,2022-05-13,0.32839506172839505,0.7209876543209877,0,0.0,,10,4,0,50.0,Ausbau,0.8320090805902384,0.06821282401091405,10
pred_bau05,pred_bau05,Roche pRED Bau 05,21,dichtheitspruefung / medienversorgung / ende,FEIN,Feinmontage,18,93.0,5.0,5.166666666666667,5.0,9.0,436.0,59.0,4.0,2021-02-11,2022-04-22,0.345679012345679,0.7037037037037037,0,0.0,,3,0,0,0.0,Ausbau,0.10556186152099886,0.0,20
pred_bau05,pred_bau05,Roche pRED Bau 05,21,dichtheitspruefung / medienversorgung / ende,END,Endmontage,10,55.0,5.0,5.5,5.499999999999998,10.0,418.0,39.0,2.0,2021-04-26,2022-06-17,0.4065843621399177,0.7497942386831276,1,0.1,,4,0,0,0.0,Ausbau,0.06242905788876277,0.0,30
pred_bau05,pred_bau05,Roche pRED Bau 05,23,verkabelung / verschienung / funktionserhalt,GROB,Grobmontage,31,521.0,10.0,16.806451612903224,25.0,45.0,778.0,299.0,9.0,2020-10-09,2022-11-25,0.24279835390946503,0.8823045267489712,0,0.0,,9,2,0,0.0,Ausbau,0.7236111111111111,0.0,10
pred_bau05,pred_bau05,Roche pRED Bau 05,23,verkabelung / verschienung / funktionserhalt,FEIN,Feinmontage,8,154.0,10.0,19.25,38.0,45.0,326.0,97.0,4.0,2022-01-04,2022-11-25,0.6148148148148148,0.8823045267489712,0,0.0,,3,2,0,154.0,Ausbau,0.21388888888888888,1.0,20
pred_bau05,pred_bau05,Roche pRED Bau 05,23,verkabelung / verschienung / funktionserhalt,END,Endmontage,2,45.0,22.5,22.5,28.5,30.0,200.0,61.0,1.0,2021-09-06,2022-03-24,0.5160493827160494,0.679835390946502,0,0.0,,2,0,0,0.0,Ausbau,0.0625,0.0,30
pred_bau05,pred_bau05,Roche pRED Bau 05,24,blitzschutz / brandschott / brandschutzdecke,END,Endmontage,1,10.0,10.0,10.0,10.0,10.0,12.0,12.0,1.0,2022-11-28,2022-12-09,0.8847736625514403,0.8938271604938272,0,0.0,,1,0,0,0.0,Ausbau,1.0,0.0,30
pred_bau05,pred_bau05,Roche pRED Bau 05,25,prueflauf / wmp / tueren,GROB,Grobmontage,6,120.0,20.0,20.0,20.0,20.0,272.0,172.0,1.0,2020-08-20,2021-05-18,0.20164609053497942,0.4246913580246914,0,0.0,,6,0,0,0.0,Elektro,1.0,0.0,10
pred_bau05,pred_bau05,Roche pRED Bau 05,26,kaelte / gewerbliche / kuehlzellen,GROB,Grobmontage,1,10.0,10.0,10.0,10.0,10.0,14.0,14.0,1.0,2021-07-29,2021-08-11,0.4839506172839506,0.49465020576131685,0,0.0,,1,1,0,0.0,Konstruktion,0.022573363431151242,0.0,10
pred_bau05,pred_bau05,Roche pRED Bau 05,26,kaelte / gewerbliche / kuehlzellen,FEIN,Feinmontage,22,423.0,17.5,19.227272727272727,30.0,50.0,897.0,284.0,4.0,2020-06-05,2022-11-18,0.1390946502057613,0.8765432098765432,0,0.0,,3,1,0,423.0,Kälte,0.9548532731376975,1.0,20
pred_bau05,pred_bau05,Roche pRED Bau 05,26,kaelte / gewerbliche / kuehlzellen,END,Endmontage,1,10.0,10.0,10.0,10.0,10.0,12.0,12.0,1.0,2021-09-27,2021-10-08,0.5333333333333333,0.5423868312757202,0,0.0,,1,0,0,0.0,Ausbau,0.022573363431151242,0.0,30
pred_bau05,pred_bau05,Roche pRED Bau 05,27,abdichtung / schritt / prov,END,Endmontage,8,72.0,6.0,9.0,14.499999999999996,25.0,410.0,98.0,1.0,2020-09-29,2021-11-12,0.2345679012345679,0.5711934156378601,0,0.0,,6,0,0,72.0,Ausbau,1.0,1.0,30
pred_bau05,pred_bau05,Roche pRED Bau 05,29,einbringung / aufstellung / montage,END,Endmontage,3,50.0,20.0,16.666666666666668,20.0,20.0,113.0,62.0,2.0,2021-03-11,2021-07-01,0.36872427983539097,0.4609053497942387,0,0.0,,1,0,0,0.0,Ausbau,1.0,0.0,30
pred_bau05,pred_bau05,Roche pRED Bau 05,30,boden / zimmermann / nebenraeume,END,Endmontage,2,50.0,25.0,25.0,29.0,30.0,70.0,70.0,2.0,2020-10-28,2021-01-05,0.2584362139917695,0.31522633744855966,0,0.0,,1,0,0,50.0,Ausbau,1.0,1.0,30
pred_bau05,pred_bau05,Roche pRED Bau 05,31,einbringen / aufstellen / anbringen,FEIN,Feinmontage,2,20.0,10.0,10.0,14.0,15.0,43.0,26.0,1.0,2022-11-04,2022-12-16,0.8650205761316873,0.8995884773662551,0,0.0,,1,0,0,20.0,Ausbau,0.11494252873563218,1.0,20
pred_bau05,pred_bau05,Roche pRED Bau 05,31,einbringen / aufstellen / anbringen,END,Endmontage,15,154.0,10.0,10.266666666666667,20.0,22.0,549.0,131.0,2.0,2021-02-17,2022-08-19,0.3506172839506173,0.8016460905349794,0,0.0,,9,2,0,0.0,Ausbau,0.8850574712643678,0.0,30
pred_bau05,pred_bau05,Roche pRED Bau 05,32,wmp / erstellung / dks,GROB,Grobmontage,12,280.0,17.5,23.333333333333332,48.00000000000001,50.0,303.0,303.0,2.0,2020-06-18,2021-04-16,0.14979423868312758,0.3983539094650206,4,0.3333333333333333,,6,0,0,0.0,Elektro,1.0,0.0,10
pred_bau05,pred_bau05,Roche pRED Bau 05,33,beleuchtung / feinmontage / einbau komponenten,FEIN,Feinmontage,2,59.0,29.5,29.5,45.9,50.0,85.0,85.0,2.0,2021-12-09,2022-03-03,0.5934156378600823,0.6625514403292181,0,0.0,,2,0,0,0.0,Ausbau,0.061586638830897704,0.0,20
pred_bau05,pred_bau05,Roche pRED Bau 05,33,beleuchtung / feinmontage / einbau komponenten,END,Endmontage,74,899.0,10.0,12.14864864864865,20.0,49.0,564.0,323.0,12.0,2021-09-21,2023-04-07,0.528395061728395,0.9917695473251029,10,0.13513513513513514,,9,3,0,20.0,Ausbau,0.9384133611691023,0.02224694104560623,30
pred_bau05,pred_bau05,Roche pRED Bau 05,35,lueftung / montage / monobloecke,GROB,Grobmontage,5,34.0,5.0,6.8,10.0,10.0,275.0,78.0,1.0,2021-04-08,2022-01-07,0.3917695473251029,0.6172839506172839,0,0.0,,3,1,0,0.0,Ausbau,0.2138364779874214,0.0,10
pred_bau05,pred_bau05,Roche pRED Bau 05,35,lueftung / montage / monobloecke,FEIN,Feinmontage,4,50.0,12.5,12.5,15.0,15.0,918.0,68.0,1.0,2020-04-17,2022-10-21,0.09876543209876543,0.8534979423868313,1,0.25,,3,0,0,50.0,Lüftung,0.31446540880503143,1.0,20
pred_bau05,pred_bau05,Roche pRED Bau 05,35,lueftung / montage / monobloecke,END,Endmontage,6,75.0,10.0,12.5,22.5,35.0,395.0,98.0,1.0,2021-09-27,2022-10-26,0.5333333333333333,0.8576131687242798,0,0.0,,3,1,0,0.0,Ausbau,0.4716981132075472,0.0,30
pred_bau05,pred_bau05,Roche pRED Bau 05,36,montage / zone / leuchten,GROB,Grobmontage,1,5.0,5.0,5.0,5.0,5.0,7.0,7.0,1.0,2020-12-03,2020-12-09,0.2880658436213992,0.29300411522633746,0,0.0,,1,0,0,0.0,Ausbau,1.0,0.0,10
pred_bau05,pred_bau05,Roche pRED Bau 05,37,installieren / einmessen / wandverkleidung,END,Endmontage,59,717.0,10.0,12.152542372881356,30.0,48.0,693.0,279.0,12.0,2021-01-07,2022-11-30,0.3168724279835391,0.8864197530864197,14,0.23728813559322035,,8,3,0,215.0,Ausbau,1.0,0.299860529986053,30
pred_bau05,pred_bau05,Roche pRED Bau 05,39,montieren / aufmalen / equipment,END,Endmontage,44,241.0,5.0,5.4772727272727275,10.0,10.0,632.0,155.0,4.0,2021-04-01,2022-12-23,0.3860082304526749,0.9053497942386831,3,0.06818181818181818,,9,2,0,39.0,Konstruktion,1.0,0.16182572614107885,30
pred_bau05,pred_bau05,Roche pRED Bau 05,40,onboarding / garderobenschraenke / elektrische schiebetueren,GROB,Grobmontage,1,22.0,22.0,22.0,22.0,22.0,30.0,30.0,1.0,2020-06-10,2020-07-09,0.14320987654320988,0.16707818930041152,0,0.0,,1,0,0,0.0,Elektro,1.0,0.0,10
pred_bau05,pred_bau05,Roche pRED Bau 05,41,stuetzen / loggia / versetzen,END,Endmontage,6,45.0,7.5,7.5,10.0,10.0,717.0,38.0,3.0,2020-09-30,2022-09-16,0.2353909465020576,0.8246913580246914,0,0.0,,3,0,0,20.0,Ausbau,1.0,0.4444444444444444,30
pred_bau05,pred_bau05,Roche pRED Bau 05,42,treppen / ausgleichsschicht / stahleinlagen,END,Endmontage,1,5.0,5.0,5.0,5.0,5.0,5.0,5.0,1.0,2022-01-24,2022-01-28,0.6312757201646091,0.6345679012345679,0,0.0,,1,0,0,0.0,Sonstige,1.0,0.0,30
pred_bau05,pred_bau05,Roche pRED Bau 05,43,modellbearbeitung / pendenzenbearbeitung / labormoebel,GROB,Grobmontage,6,118.0,20.0,19.666666666666668,20.0,20.0,169.0,166.0,1.0,2020-05-04,2020-10-19,0.11275720164609053,0.25102880658436216,1,0.16666666666666666,,6,0,0,0.0,Elektro,1.0,0.0,10
pred_bau05,pred_bau05,Roche pRED Bau 05,44,rlt / kanaele / bsk,GROB,Grobmontage,4,484.0,135.5,121.0,164.0,173.0,289.0,289.0,3.0,2020-12-03,2021-09-17,0.2880658436213992,0.5251028806584362,0,0.0,,2,0,0,0.0,Ausbau,0.7634069400630915,0.0,10
pred_bau05,pred_bau05,Roche pRED Bau 05,44,rlt / kanaele / bsk,END,Endmontage,10,150.0,15.0,15.0,15.0,15.0,166.0,95.0,2.0,2021-09-13,2022-02-25,0.5218106995884774,0.6576131687242799,0,0.0,,5,2,0,0.0,Konstruktion,0.23659305993690852,0.0,30
pred_bau05,pred_bau05,Roche pRED Bau 05,45,schreinerarbeiten / restarbeiten / abdichtungsarbeiten,END,Endmontage,9,124.0,10.0,13.777777777777779,20.0,20.0,376.0,106.0,2.0,2021-10-18,2022-10-28,0.5506172839506173,0.8592592592592593,1,0.1111111111111111,,7,2,0,0.0,Ausbau,1.0,0.0,30
pred_bau05,pred_bau05,Roche pRED Bau 05,46,anschluss / schaltschraenke / feldgeraete,END,Endmontage,31,704.0,20.0,22.70967741935484,30.0,100.0,516.0,437.0,8.0,2021-05-10,2022-10-07,0.4181069958847737,0.8419753086419753,9,0.2903225806451613,,8,1,0,314.0,Ausbau,1.0,0.4460227272727273,30
pred_bau05,pred_bau05,Roche pRED Bau 05,47,inbetriebnahme / inbetriebsetzung / inbetreibnahme,END,Endmontage,1,20.0,20.0,20.0,20.0,20.0,26.0,26.0,1.0,2021-11-15,2021-12-10,0.5736625514403292,0.594238683127572,0,0.0,,1,0,0,0.0,Ausbau,1.0,0.0,30
pred_bau05,pred_bau05,Roche pRED Bau 05,49,einbau / lueftungskanaele / sbb,GROB,Grobmontage,1,20.0,20.0,20.0,20.0,20.0,28.0,28.0,1.0,2021-08-19,2021-09-15,0.5012345679012346,0.5234567901234568,0,0.0,,1,0,0,0.0,Sanitär,0.17543859649122806,0.0,10
pred_bau05,pred_bau05,Roche pRED Bau 05,49,einbau / lueftungskanaele / sbb,END,Endmontage,10,94.0,10.0,9.4,10.499999999999998,15.0,478.0,141.0,1.0,2021-04-08,2022-07-29,0.3917695473251029,0.7843621399176954,2,0.2,,7,0,0,55.0,Ausbau,0.8245614035087719,0.5851063829787234,30
pred_bau05,pred_bau05,Roche pRED Bau 05,50,heizung / halterungen / uebergeordnete,GROB,Grobmontage,23,215.0,5.0,9.347826086956522,19.000000000000004,30.0,380.0,194.0,4.0,2020-11-26,2021-12-10,0.2823045267489712,0.594238683127572,0,0.0,,9,4,0,35.0,Ausbau,0.9555555555555556,0.16279069767441862,10
pred_bau05,pred_bau05,Roche pRED Bau 05,50,heizung / halterungen / uebergeordnete,END,Endmontage,1,10.0,10.0,10.0,10.0,10.0,14.0,14.0,1.0,2021-03-04,2021-03-17,0.362962962962963,0.3736625514403292,0,0.0,,1,0,0,0.0,Ausbau,0.044444444444444446,0.0,30
pred_bau05,pred_bau05,Roche pRED Bau 05,51,hartbeton / verbund / rampen,END,Endmontage,1,10.0,10.0,10.0,10.0,10.0,12.0,12.0,1.0,2022-01-17,2022-01-28,0.6255144032921811,0.6345679012345679,0,0.0,,1,0,0,0.0,Sonstige,1.0,0.0,30
pred_bau05,pred_bau05,Roche pRED Bau 05,52,anstrich / ral / weissputz,END,Endmontage,52,358.0,5.0,6.884615384615385,14.499999999999993,20.0,758.0,251.0,6.0,2020-11-26,2022-12-23,0.2823045267489712,0.9053497942386831,5,0.09615384615384616,,10,2,0,40.0,Konstruktion,1.0,0.11173184357541899,30
pred_bau05,pred_bau05,Roche pRED Bau 05,54,einbauen / doppelboden / schreiner,END,Endmontage,21,275.0,15.0,13.095238095238095,20.0,20.0,583.0,218.0,5.0,2020-12-10,2022-07-15,0.2938271604938272,0.7728395061728395,2,0.09523809523809523,,8,2,0,10.0,Ausbau,1.0,0.03636363636363636,30
pred_bau05,pred_bau05,Roche pRED Bau 05,56,sprinkler / spriessfrei / gruppe,GROB,Grobmontage,6,181.0,12.5,30.166666666666668,73.0,126.0,296.0,248.0,2.0,2021-07-22,2022-05-13,0.47818930041152263,0.7209876543209877,0,0.0,,2,1,0,151.0,Ausbau,0.8379629629629629,0.8342541436464088,10
pred_bau05,pred_bau05,Roche pRED Bau 05,56,sprinkler / spriessfrei / gruppe,FEIN,Feinmontage,1,5.0,5.0,5.0,5.0,5.0,5.0,5.0,1.0,2022-10-10,2022-10-14,0.8444444444444444,0.8477366255144033,0,0.0,,1,0,0,0.0,Ausbau,0.023148148148148147,0.0,20
pred_bau05,pred_bau05,Roche pRED Bau 05,56,sprinkler / spriessfrei / gruppe,END,Endmontage,1,30.0,30.0,30.0,30.0,30.0,40.0,40.0,1.0,2022-08-29,2022-10-07,0.8098765432098766,0.8419753086419753,0,0.0,,1,0,0,0.0,Ausbau,0.1388888888888889,0.0,30
pred_bau05,pred_bau05,Roche pRED Bau 05,57,abbruch / achse / betonwaende,END,Endmontage,32,144.0,5.0,4.5,5.0,5.0,278.0,71.0,4.0,2021-05-10,2022-02-11,0.4181069958847737,0.6460905349794238,0,0.0,,6,2,0,0.0,Konstruktion,1.0,0.0,30
pred_bau05,pred_bau05,Roche pRED Bau 05,58,erstellen / konzept / ausschreibung,END,Endmontage,7,65.0,10.0,9.285714285714286,12.000000000000002,15.0,361.0,55.0,3.0,2021-06-01,2022-05-27,0.43621399176954734,0.7325102880658436,2,0.2857142857142857,,2,0,0,0.0,Sonstige,1.0,0.0,30
pred_bau05,pred_bau05,Roche pRED Bau 05,59,technik / raeumung / deckenelemente,END,Endmontage,1,10.0,10.0,10.0,10.0,10.0,14.0,14.0,1.0,2020-10-16,2020-10-29,0.248559670781893,0.25925925925925924,0,0.0,,1,0,0,10.0,Sanitär,1.0,1.0,30
pred_bau05,pred_bau05,Roche pRED Bau 05,60,rueckbau / kofferblech / tragender,GROB,Grobmontage,2,25.0,12.5,12.5,18.5,20.0,411.0,31.0,1.0,2021-03-15,2022-04-29,0.3720164609053498,0.7094650205761317,0,0.0,,2,1,0,0.0,Ausbau,1.0,0.0,10
pred_bau05,pred_bau05,Roche pRED Bau 05,61,fassade / riegel / haupttrassen,GROB,Grobmontage,1,10.0,10.0,10.0,10.0,10.0,12.0,12.0,1.0,2021-10-25,2021-11-05,0.5563786008230452,0.5654320987654321,0,0.0,,1,0,0,0.0,Sonstige,0.045871559633027525,0.0,10
pred_bau05,pred_bau05,Roche pRED Bau 05,61,fassade / riegel / haupttrassen,FEIN,Feinmontage,1,10.0,10.0,10.0,10.0,10.0,12.0,12.0,1.0,2021-10-25,2021-11-05,0.5563786008230452,0.5654320987654321,0,0.0,,1,0,0,0.0,Sonstige,0.045871559633027525,0.0,20
pred_bau05,pred_bau05,Roche pRED Bau 05,61,fassade / riegel / haupttrassen,END,Endmontage,19,198.0,10.0,10.421052631578947,12.0,15.0,578.0,193.0,2.0,2020-09-01,2022-04-01,0.21152263374485597,0.6864197530864198,0,0.0,,7,1,0,178.0,Ausbau,0.908256880733945,0.898989898989899,30
pred_bau05,pred_bau05,Roche pRED Bau 05,62,fassadengeruest / abbau / aufbau,GROB,Grobmontage,4,47.0,6.0,11.75,23.100000000000005,30.0,402.0,61.0,1.0,2020-11-04,2021-12-10,0.2641975308641975,0.594238683127572,0,0.0,,2,0,0,0.0,Gebäudehülle,0.29012345679012347,0.0,10
pred_bau05,pred_bau05,Roche pRED Bau 05,62,fassadengeruest / abbau / aufbau,END,Endmontage,16,115.0,5.0,7.1875,15.0,20.0,1104.0,110.0,2.0,2020-03-16,2023-03-24,0.07242798353909465,0.980246913580247,3,0.1875,,8,1,0,80.0,Sonstige,0.7098765432098766,0.6956521739130435,30
pred_bau05,pred_bau05,Roche pRED Bau 05,63,bodenbelag / bodenplatte / bodenbelaege,END,Endmontage,14,70.0,5.0,5.0,5.0,5.0,305.0,47.0,2.0,2021-04-06,2022-02-04,0.39012345679012345,0.6403292181069958,0,0.0,,7,2,0,0.0,Ausbau,1.0,0.0,30
pred_bau05,pred_bau05,Roche pRED Bau 05,65,decken / waende / streichen,GROB,Grobmontage,2,10.0,5.0,5.0,5.0,5.0,103.0,10.0,1.0,2021-10-18,2022-01-28,0.5506172839506173,0.6345679012345679,0,0.0,,1,0,0,0.0,Sonstige,0.020618556701030927,0.0,10
pred_bau05,pred_bau05,Roche pRED Bau 05,65,decken / waende / streichen,END,Endmontage,37,475.0,15.0,12.837837837837839,20.0,20.0,773.0,213.0,6.0,2020-09-30,2022-11-11,0.2353909465020576,0.8707818930041152,3,0.08108108108108109,,9,3,0,30.0,Konstruktion,0.979381443298969,0.06315789473684211,30
pred_bau05,pred_bau05,Roche pRED Bau 05,66,feldgeraete / beschriftung / hauptkanaele,GROB,Grobmontage,28,383.0,14.0,13.678571428571429,20.0,30.0,222.0,154.0,8.0,2021-04-19,2021-11-26,0.4008230452674897,0.582716049382716,0,0.0,,7,4,0,30.0,Konstruktion,1.0,0.0783289817232376,10
pred_bau05,pred_bau05,Roche pRED Bau 05,67,grobmontage / korridor / steigzone,GROB,Grobmontage,2,10.0,5.0,5.0,5.0,5.0,94.0,12.0,1.0,2022-05-30,2022-08-31,0.7349794238683127,0.811522633744856,0,0.0,,1,0,0,10.0,Ausbau,0.3333333333333333,1.0,10
pred_bau05,pred_bau05,Roche pRED Bau 05,67,grobmontage / korridor / steigzone,END,Endmontage,1,20.0,20.0,20.0,20.0,20.0,26.0,26.0,1.0,2022-10-31,2022-11-25,0.8617283950617284,0.8823045267489712,1,1.0,,1,0,0,0.0,Ausbau,0.6666666666666666,0.0,30
pred_bau05,pred_bau05,Roche pRED Bau 05,68,beschichtung / epoxy / raeume,END,Endmontage,5,35.0,5.0,7.0,10.0,10.0,402.0,26.0,2.0,2020-09-30,2021-11-05,0.2353909465020576,0.5654320987654321,0,0.0,,2,0,0,15.0,Ausbau,1.0,0.42857142857142855,30
pred_bau05,pred_bau05,Roche pRED Bau 05,69,fertigstellen / trockenbauwaende / glaswaende,END,Endmontage,10,198.0,20.0,19.8,20.0,20.0,173.0,132.0,4.0,2021-11-15,2022-05-06,0.5736625514403292,0.7152263374485597,7,0.7,,5,2,0,0.0,Konstruktion,1.0,0.0,30
pred_bau05,pred_bau05,Roche pRED Bau 05,71,stromschiene / mediensaeulen / vorgezogene,FEIN,Feinmontage,2,25.0,12.5,12.5,14.5,15.0,432.0,31.0,1.0,2020-10-12,2021-12-17,0.24526748971193416,0.6,0,0.0,,2,0,0,10.0,Ausbau,0.7142857142857143,0.4,20
pred_bau05,pred_bau05,Roche pRED Bau 05,71,stromschiene / mediensaeulen / vorgezogene,END,Endmontage,1,10.0,10.0,10.0,10.0,10.0,12.0,12.0,1.0,2022-05-23,2022-06-03,0.7292181069958847,0.7382716049382716,1,1.0,,1,0,0,0.0,Ausbau,0.2857142857142857,0.0,30
pred_bau05,pred_bau05,Roche pRED Bau 05,73,anlage / usv / bereit,END,Endmontage,4,65.0,10.0,16.25,31.000000000000007,40.0,117.0,76.0,3.0,2022-08-15,2022-12-09,0.7983539094650206,0.8938271604938272,0,0.0,,1,0,0,65.0,Ausbau,1.0,1.0,30
pred_bau05,pred_bau05,Roche pRED Bau 05,74,verlegen / parkett / naturstein,END,Endmontage,36,453.0,14.0,12.583333333333334,15.0,15.0,376.0,219.0,8.0,2021-08-09,2022-08-19,0.49300411522633747,0.8016460905349794,15,0.4166666666666667,,7,2,0,0.0,Konstruktion,1.0,0.0,30
pred_bau05,pred_bau05,Roche pRED Bau 05,75,prov / bodenaufbau / baulift,GROB,Grobmontage,10,130.0,10.0,13.0,20.999999999999996,30.0,905.0,168.0,1.0,2020-06-24,2022-12-15,0.15473251028806584,0.8987654320987655,1,0.1,,8,0,0,50.0,Ausbau,1.0,0.38461538461538464,10
pred_bau05,pred_bau05,Roche pRED Bau 05,76,lieferung / montage / isp,FEIN,Feinmontage,48,1047.0,20.0,21.8125,30.0,100.0,555.0,380.0,12.0,2020-06-11,2021-12-17,0.1440329218106996,0.6,4,0.08333333333333333,,7,0,0,1047.0,Lüftung,0.9812558575445174,1.0,20
pred_bau05,pred_bau05,Roche pRED Bau 05,76,lieferung / montage / isp,END,Endmontage,1,20.0,20.0,20.0,20.0,20.0,26.0,26.0,1.0,2022-04-18,2022-05-13,0.7004115226337448,0.7209876543209877,0,0.0,,1,0,0,0.0,Ausbau,0.01874414245548266,0.0,30
pred_bau05,pred_bau05,Roche pRED Bau 05,77,etappe / spundwaende / ziehen,GROB,Grobmontage,1,20.0,20.0,20.0,20.0,20.0,30.0,30.0,1.0,2020-03-16,2020-04-14,0.07242798353909465,0.0962962962962963,0,0.0,,1,0,0,20.0,Sonstige,1.0,1.0,10
pred_bau05,pred_bau05,Roche pRED Bau 05,78,innere / spezialverglasungen / buero,END,Endmontage,17,155.0,10.0,9.117647058823529,10.0,11.0,306.0,145.0,3.0,2021-08-09,2022-06-10,0.49300411522633747,0.7440329218106996,1,0.058823529411764705,,7,2,0,21.0,Konstruktion,1.0,0.13548387096774195,30
pred_bau05,pred_bau05,Roche pRED Bau 05,79,sanitaer / halterung / montage,GROB,Grobmontage,14,100.0,5.0,7.142857142857143,13.500000000000005,15.0,383.0,74.0,3.0,2021-05-10,2022-05-27,0.4181069958847737,0.7325102880658436,0,0.0,,8,4,0,0.0,Konstruktion,0.78125,0.0,10
pred_bau05,pred_bau05,Roche pRED Bau 05,79,sanitaer / halterung / montage,FEIN,Feinmontage,2,18.0,9.0,9.0,9.0,9.0,26.0,26.0,2.0,2021-12-13,2022-01-07,0.5967078189300411,0.6172839506172839,0,0.0,,1,0,0,0.0,Sonstige,0.140625,0.0,20
pred_bau05,pred_bau05,Roche pRED Bau 05,79,sanitaer / halterung / montage,END,Endmontage,2,10.0,5.0,5.0,5.0,5.0,33.0,10.0,1.0,2021-11-15,2021-12-17,0.5736625514403292,0.6,0,0.0,,2,1,0,0.0,Ausbau,0.078125,0.0,30
pred_bau07,pred_bau07,Roche pRED Bau 07,0,tueren / einhaengen / montage,END,Endmontage,44,380.0,5.0,8.636363636363637,20.0,20.0,586.0,409.0,4.0,2020-09-17,2022-04-25,0.3317256162915327,0.6452304394426581,22,0.5,,27,2,0,265.0,Ausbau,1.0,0.6973684210526315,30
pred_bau07,pred_bau07,Roche pRED Bau 07,1,leitungen / haupt / vorbereitung,GROB,Grobmontage,74,1273.0,17.5,17.2027027027027,25.0,30.0,769.0,532.0,7.0,2020-10-01,2022-11-08,0.3392282958199357,0.7508038585209004,3,0.04054054054054054,,14,2,0,188.0,Ausbau,0.5273405136702568,0.1476826394344069,10
pred_bau07,pred_bau07,Roche pRED Bau 07,1,leitungen / haupt / vorbereitung,FEIN,Feinmontage,38,902.0,25.0,23.736842105263158,25.0,87.0,825.0,594.0,5.0,2020-10-01,2023-01-03,0.3392282958199357,0.7808145766345124,13,0.34210526315789475,,26,0,0,0.0,Ausbau,0.3736536868268434,0.0,20
pred_bau07,pred_bau07,Roche pRED Bau 07,1,leitungen / haupt / vorbereitung,END,Endmontage,25,239.0,10.0,9.56,10.0,15.0,599.0,198.0,5.0,2021-08-16,2023-04-06,0.5101822079314041,0.8306538049303323,0,0.0,,19,0,0,0.0,Ausbau,0.09900579950289976,0.0,30
pred_bau07,pred_bau07,Roche pRED Bau 07,2,brandschutzabschluesse / anschliessen / anschluesse,END,Endmontage,90,759.0,5.0,8.433333333333334,20.10000000000001,30.0,861.0,519.0,6.0,2020-10-28,2023-03-07,0.3536977491961415,0.8145766345123259,20,0.2222222222222222,,24,0,0,491.0,Ausbau,1.0,0.6469038208168643,30
pred_bau07,pred_bau07,Roche pRED Bau 07,4,unterlagsboden / betonieren / ergaenzen,GROB,Grobmontage,2,22.0,11.0,11.0,11.0,11.0,22.0,22.0,2.0,2020-08-03,2020-08-24,0.30760986066452306,0.31886387995712756,0,0.0,,1,0,0,22.0,Ausbau,0.14285714285714285,1.0,10
pred_bau07,pred_bau07,Roche pRED Bau 07,4,unterlagsboden / betonieren / ergaenzen,FEIN,Feinmontage,6,12.0,2.0,2.0,2.0,2.0,16.0,14.0,1.0,2022-01-18,2022-02-02,0.5932475884244373,0.6012861736334405,0,0.0,,6,0,0,0.0,Ausbau,0.07792207792207792,0.0,20
pred_bau07,pred_bau07,Roche pRED Bau 07,4,unterlagsboden / betonieren / ergaenzen,END,Endmontage,24,120.0,5.0,5.0,5.0,5.0,491.0,165.0,2.0,2021-03-24,2022-07-27,0.432475884244373,0.695069667738478,7,0.2916666666666667,,24,1,0,0.0,Ausbau,0.7792207792207793,0.0,30
pred_bau07,pred_bau07,Roche pRED Bau 07,5,vorfertigung / avor / apa,GROB,Grobmontage,11,440.0,40.0,40.0,40.0,40.0,346.0,346.0,4.0,2021-02-15,2022-01-26,0.41264737406216506,0.597534833869239,3,0.2727272727272727,,10,0,0,0.0,Elektro,1.0,0.0,10
pred_bau07,pred_bau07,Roche pRED Bau 07,6,schliessen / waende / schotts,GROB,Grobmontage,43,430.0,10.0,10.0,10.0,10.0,520.0,312.0,4.0,2021-06-21,2022-11-22,0.48017148981779206,0.7583065380493034,0,0.0,,24,0,0,0.0,Ausbau,0.18752725686873092,0.0,10
pred_bau07,pred_bau07,Roche pRED Bau 07,6,schliessen / waende / schotts,FEIN,Feinmontage,49,490.0,10.0,10.0,10.0,10.0,513.0,293.0,4.0,2021-08-30,2023-01-24,0.5176848874598071,0.7920685959271169,0,0.0,,25,0,0,0.0,Ausbau,0.2136938508504143,0.0,20
pred_bau07,pred_bau07,Roche pRED Bau 07,6,schliessen / waende / schotts,END,Endmontage,166,1373.0,10.0,8.271084337349398,10.0,20.0,764.0,624.0,7.0,2021-01-12,2023-02-14,0.39442658092175775,0.8033226152197214,22,0.13253012048192772,,27,5,0,528.0,Ausbau,0.5987788922808548,0.38455935906773486,30
pred_bau07,pred_bau07,Roche pRED Bau 07,7,reinigung / oberhalb / obergeschosse,FEIN,Feinmontage,24,120.0,5.0,5.0,5.0,5.0,506.0,166.0,2.0,2021-08-23,2023-01-10,0.5139335476956056,0.7845659163987139,0,0.0,,24,0,0,0.0,Ausbau,0.5063291139240507,0.0,20
pred_bau07,pred_bau07,Roche pRED Bau 07,7,reinigung / oberhalb / obergeschosse,END,Endmontage,31,117.0,5.0,3.774193548387097,5.0,15.0,595.0,97.0,3.0,2021-07-06,2023-02-20,0.4882100750267953,0.8065380493033226,0,0.0,,23,1,0,27.0,Ausbau,0.4936708860759494,0.23076923076923078,30
pred_bau07,pred_bau07,Roche pRED Bau 07,8,stahlbau / dach / trassen,GROB,Grobmontage,38,530.0,15.0,13.947368421052632,15.0,30.0,685.0,494.0,5.0,2020-11-05,2022-09-20,0.3579849946409432,0.7245444801714899,3,0.07894736842105263,,26,0,0,0.0,Ausbau,0.4690265486725664,0.0,10
pred_bau07,pred_bau07,Roche pRED Bau 07,8,stahlbau / dach / trassen,FEIN,Feinmontage,2,30.0,15.0,15.0,19.0,20.0,123.0,42.0,1.0,2022-05-13,2022-09-12,0.654876741693462,0.7202572347266881,0,0.0,,2,0,0,0.0,Ausbau,0.02654867256637168,0.0,20
pred_bau07,pred_bau07,Roche pRED Bau 07,8,stahlbau / dach / trassen,END,Endmontage,84,570.0,5.0,6.785714285714286,10.0,30.0,718.0,420.0,6.0,2021-04-06,2023-03-24,0.43944265809217575,0.8236870310825295,27,0.32142857142857145,,25,1,0,0.0,Ausbau,0.504424778761062,0.0,30
pred_bau07,pred_bau07,Roche pRED Bau 07,9,fertigstellung / lbw / mauerwerk,GROB,Grobmontage,3,45.0,15.0,15.0,19.0,20.0,517.0,49.0,2.0,2020-11-18,2022-04-18,0.364951768488746,0.6414790996784566,1,0.3333333333333333,,2,0,0,0.0,Konstruktion,0.12968299711815562,0.0,10
pred_bau07,pred_bau07,Roche pRED Bau 07,9,fertigstellung / lbw / mauerwerk,FEIN,Feinmontage,19,95.0,5.0,5.0,5.0,5.0,506.0,129.0,2.0,2021-07-26,2022-12-13,0.49892818863879956,0.7695605573419079,8,0.42105263157894735,,19,0,0,0.0,Ausbau,0.2737752161383285,0.0,20
pred_bau07,pred_bau07,Roche pRED Bau 07,9,fertigstellung / lbw / mauerwerk,END,Endmontage,22,207.0,10.0,9.409090909090908,10.0,10.0,730.0,288.0,2.0,2021-04-07,2023-04-06,0.439978563772776,0.8306538049303323,0,0.0,,22,0,0,0.0,Ausbau,0.5965417867435159,0.0,30
pred_bau07,pred_bau07,Roche pRED Bau 07,10,elektro / installation / feinmontage,GROB,Grobmontage,1,15.0,15.0,15.0,15.0,15.0,22.0,22.0,1.0,2021-02-26,2021-03-19,0.41854233654876744,0.42979635584137194,0,0.0,,1,0,0,0.0,Konstruktion,0.01710376282782212,0.0,10
pred_bau07,pred_bau07,Roche pRED Bau 07,10,elektro / installation / feinmontage,FEIN,Feinmontage,83,832.0,10.0,10.024096385542169,10.0,42.0,835.0,384.0,8.0,2021-07-15,2023-10-27,0.4930332261521972,0.939978563772776,0,0.0,,24,2,0,660.0,Ausbau,0.9486887115165337,0.7932692307692307,20
pred_bau07,pred_bau07,Roche pRED Bau 07,10,elektro / installation / feinmontage,END,Endmontage,1,30.0,30.0,30.0,30.0,30.0,49.0,49.0,1.0,2022-11-22,2023-01-09,0.7583065380493034,0.7840300107181136,0,0.0,,1,1,0,0.0,Ausbau,0.03420752565564424,0.0,30
pred_bau07,pred_bau07,Roche pRED Bau 07,11,ulk / endmontage / nshv,GROB,Grobmontage,24,120.0,5.0,5.0,5.0,5.0,513.0,149.0,2.0,2021-03-29,2022-08-23,0.43515541264737406,0.7095391211146839,0,0.0,,24,0,0,0.0,Ausbau,0.3614457831325301,0.0,10
pred_bau07,pred_bau07,Roche pRED Bau 07,11,ulk / endmontage / nshv,END,Endmontage,27,212.0,10.0,7.851851851851852,10.0,15.0,828.0,214.0,5.0,2020-11-12,2023-02-17,0.3617363344051447,0.804930332261522,0,0.0,,8,1,0,170.0,Konstruktion,0.6385542168674698,0.8018867924528302,30
pred_bau07,pred_bau07,Roche pRED Bau 07,12,installation / rueckbauen / aufhaengung,GROB,Grobmontage,1,35.0,35.0,35.0,35.0,35.0,49.0,49.0,1.0,2022-09-27,2022-11-14,0.7282958199356914,0.7540192926045016,0,0.0,,0,0,0,0.0,Elektro,0.029914529914529916,0.0,10
pred_bau07,pred_bau07,Roche pRED Bau 07,12,installation / rueckbauen / aufhaengung,FEIN,Feinmontage,38,590.0,10.0,15.526315789473685,20.0,90.0,1059.0,599.0,3.0,2020-11-26,2023-10-20,0.3692390139335477,0.9362272240085745,2,0.05263157894736842,,26,0,0,570.0,Sonstige,0.5042735042735043,0.9661016949152542,20
pred_bau07,pred_bau07,Roche pRED Bau 07,12,installation / rueckbauen / aufhaengung,END,Endmontage,74,545.0,10.0,7.364864864864865,10.0,10.0,513.0,339.0,4.0,2021-08-30,2023-01-24,0.5176848874598071,0.7920685959271169,0,0.0,,24,1,0,0.0,Ausbau,0.4658119658119658,0.0,30
pred_bau07,pred_bau07,Roche pRED Bau 07,13,start / termin / natursteinsockel aussen,GROB,Grobmontage,1,20.0,20.0,20.0,20.0,20.0,28.0,28.0,1.0,2020-11-06,2020-12-03,0.35852090032154343,0.3729903536977492,0,0.0,,1,1,0,0.0,Konstruktion,0.09090909090909091,0.0,10
pred_bau07,pred_bau07,Roche pRED Bau 07,13,start / termin / natursteinsockel aussen,FEIN,Feinmontage,1,10.0,10.0,10.0,10.0,10.0,14.0,14.0,1.0,2022-07-14,2022-07-27,0.6881028938906752,0.695069667738478,1,1.0,,1,0,0,0.0,Ausbau,0.045454545454545456,0.0,20
pred_bau07,pred_bau07,Roche pRED Bau 07,13,start / termin / natursteinsockel aussen,END,Endmontage,18,190.0,7.5,10.555555555555555,19.50000000000001,30.0,746.0,196.0,3.0,2021-02-26,2023-03-13,0.41854233654876744,0.8177920685959271,4,0.2222222222222222,,4,1,0,15.0,Ausbau,0.8636363636363636,0.07894736842105263,30
pred_bau07,pred_bau07,Roche pRED Bau 07,14,fzag / treppenhaus / beauftragen,END,Endmontage,19,348.0,18.0,18.31578947368421,20.0,20.0,298.0,172.0,3.0,2022-01-18,2022-11-11,0.5932475884244373,0.752411575562701,1,0.05263157894736842,,19,0,0,0.0,Ausbau,1.0,0.0,30
pred_bau07,pred_bau07,Roche pRED Bau 07,15,daemmung / hauptleitungen / terrasse,GROB,Grobmontage,82,825.0,10.0,10.060975609756097,10.0,20.0,707.0,445.0,5.0,2020-11-18,2022-10-25,0.364951768488746,0.7433011789924974,2,0.024390243902439025,,25,0,0,0.0,Ausbau,0.625,0.0,10
pred_bau07,pred_bau07,Roche pRED Bau 07,15,daemmung / hauptleitungen / terrasse,FEIN,Feinmontage,73,395.0,5.0,5.410958904109589,5.0,15.0,555.0,341.0,4.0,2021-07-05,2023-01-10,0.48767416934619506,0.7845659163987139,1,0.0136986301369863,,25,0,0,0.0,Ausbau,0.29924242424242425,0.0,20
pred_bau07,pred_bau07,Roche pRED Bau 07,15,daemmung / hauptleitungen / terrasse,END,Endmontage,13,100.0,5.0,7.6923076923076925,10.0,15.0,611.0,97.0,3.0,2021-08-02,2023-04-04,0.5026795284030011,0.8295819935691319,2,0.15384615384615385,,3,0,0,0.0,Ausbau,0.07575757575757576,0.0,30
pred_bau07,pred_bau07,Roche pRED Bau 07,17,kabelzug / msr / lwl,FEIN,Feinmontage,46,1125.0,20.0,24.456521739130434,30.0,30.0,541.0,425.0,7.0,2021-07-19,2023-01-10,0.49517684887459806,0.7845659163987139,11,0.2391304347826087,,24,0,0,15.0,Ausbau,1.0,0.013333333333333334,20
pred_bau07,pred_bau07,Roche pRED Bau 07,18,ende termin / daemmung / start ende,GROB,Grobmontage,2,8.0,4.0,4.0,4.8,5.0,143.0,8.0,1.0,2021-06-28,2021-11-17,0.48392282958199356,0.560021436227224,0,0.0,,2,0,0,0.0,Ausbau,0.019464720194647202,0.0,10
pred_bau07,pred_bau07,Roche pRED Bau 07,18,ende termin / daemmung / start ende,FEIN,Feinmontage,5,102.0,30.0,20.4,30.0,30.0,124.0,100.0,3.0,2022-02-03,2022-06-06,0.6018220793140407,0.6677384780278671,3,0.6,,4,0,0,0.0,Ausbau,0.24817518248175183,0.0,20
pred_bau07,pred_bau07,Roche pRED Bau 07,18,ende termin / daemmung / start ende,END,Endmontage,29,301.0,10.0,10.379310344827585,20.0,20.0,621.0,327.0,4.0,2021-08-27,2023-05-09,0.5160771704180064,0.8483386923901394,8,0.27586206896551724,,8,2,0,147.0,Ausbau,0.732360097323601,0.4883720930232558,30
pred_bau07,pred_bau07,Roche pRED Bau 07,19,decke / verbundstuetzen / betonstuetzen,GROB,Grobmontage,106,772.0,9.0,7.283018867924528,10.0,14.0,1030.0,652.0,5.0,2020-04-03,2023-01-27,0.2422293676312969,0.7936763129689175,9,0.08490566037735849,,29,0,0,675.0,Ausbau,0.7782258064516129,0.8743523316062176,10
pred_bau07,pred_bau07,Roche pRED Bau 07,19,decke / verbundstuetzen / betonstuetzen,END,Endmontage,22,220.0,10.0,10.0,10.0,10.0,306.0,252.0,2.0,2022-04-11,2023-02-10,0.6377277599142551,0.8011789924973205,22,1.0,,22,0,0,0.0,Ausbau,0.2217741935483871,0.0,30
pred_bau07,pred_bau07,Roche pRED Bau 07,20,cns / verkleidung / seite,END,Endmontage,70,571.0,10.0,8.157142857142857,10.0,10.0,561.0,401.0,5.0,2021-07-27,2023-02-07,0.4994640943193998,0.7995712754555199,6,0.08571428571428572,,24,0,0,121.0,Ausbau,1.0,0.2119089316987741,30
pred_bau07,pred_bau07,Roche pRED Bau 07,21,dichtheitspruefung / medienversorgung / ende,GROB,Grobmontage,249,2250.0,5.0,9.036144578313253,20.0,25.0,726.0,583.0,12.0,2020-11-13,2022-11-08,0.36227224008574493,0.7508038585209004,3,0.012048192771084338,,26,2,0,1490.0,Ausbau,0.5859375,0.6622222222222223,10
pred_bau07,pred_bau07,Roche pRED Bau 07,21,dichtheitspruefung / medienversorgung / ende,FEIN,Feinmontage,162,895.0,5.0,5.5246913580246915,9.500000000000028,10.0,722.0,439.0,6.0,2021-01-19,2023-01-10,0.39817792068595925,0.7845659163987139,21,0.12962962962962962,,25,0,0,0.0,Ausbau,0.23307291666666666,0.0,20
pred_bau07,pred_bau07,Roche pRED Bau 07,21,dichtheitspruefung / medienversorgung / ende,END,Endmontage,88,695.0,5.0,7.8977272727272725,15.0,15.0,628.0,383.0,9.0,2021-07-26,2023-04-14,0.49892818863879956,0.834941050375134,16,0.18181818181818182,,26,0,0,0.0,Ausbau,0.18098958333333334,0.0,30
pred_bau07,pred_bau07,Roche pRED Bau 07,22,demontage / nachtarbeit / theke,GROB,Grobmontage,3,23.0,4.0,7.666666666666667,12.8,15.0,372.0,27.0,2.0,2021-09-10,2022-09-16,0.5235798499464094,0.722400857449089,0,0.0,,2,0,0,0.0,Konstruktion,1.0,0.0,10
pred_bau07,pred_bau07,Roche pRED Bau 07,23,verkabelung / verschienung / funktionserhalt,GROB,Grobmontage,74,970.0,15.0,13.108108108108109,15.0,15.0,597.0,491.0,7.0,2021-03-29,2022-11-15,0.43515541264737406,0.7545551982851019,9,0.12162162162162163,,24,0,0,0.0,Ausbau,0.6603131381892444,0.0,10
pred_bau07,pred_bau07,Roche pRED Bau 07,23,verkabelung / verschienung / funktionserhalt,FEIN,Feinmontage,26,469.0,10.0,18.03846153846154,40.0,60.0,856.0,439.0,5.0,2020-10-01,2023-02-03,0.3392282958199357,0.797427652733119,2,0.07692307692307693,,8,1,0,404.0,Konstruktion,0.3192648059904697,0.8614072494669509,20
pred_bau07,pred_bau07,Roche pRED Bau 07,23,verkabelung / verschienung / funktionserhalt,END,Endmontage,1,30.0,30.0,30.0,30.0,30.0,42.0,42.0,1.0,2023-03-22,2023-05-02,0.822615219721329,0.8445873526259379,1,1.0,,1,1,0,0.0,Ausbau,0.02042205582028591,0.0,30
pred_bau07,pred_bau07,Roche pRED Bau 07,24,blitzschutz / brandschott / brandschutzdecke,GROB,Grobmontage,26,255.0,10.0,9.807692307692308,10.0,10.0,520.0,322.0,2.0,2021-03-22,2022-08-23,0.43140407288317256,0.7095391211146839,0,0.0,,25,0,0,0.0,Ausbau,0.9306569343065694,0.0,10
pred_bau07,pred_bau07,Roche pRED Bau 07,24,blitzschutz / brandschott / brandschutzdecke,END,Endmontage,2,19.0,9.5,9.5,9.9,10.0,159.0,23.0,1.0,2022-05-16,2022-10-21,0.6564844587352626,0.7411575562700965,0,0.0,,1,0,0,0.0,Konstruktion,0.06934306569343066,0.0,30
pred_bau07,pred_bau07,Roche pRED Bau 07,25,prueflauf / wmp / tueren,GROB,Grobmontage,11,165.0,15.0,15.0,15.0,15.0,296.0,189.0,2.0,2021-01-25,2021-11-16,0.40139335476956056,0.5594855305466238,3,0.2727272727272727,,10,0,0,0.0,Elektro,1.0,0.0,10
pred_bau07,pred_bau07,Roche pRED Bau 07,27,abdichtung / schritt / prov,END,Endmontage,6,47.0,3.0,7.833333333333333,17.5,20.0,421.0,65.0,1.0,2020-10-20,2021-12-14,0.34941050375133975,0.5744908896034298,0,0.0,,5,0,0,47.0,Konstruktion,1.0,1.0,30
pred_bau07,pred_bau07,Roche pRED Bau 07,29,einbringung / aufstellung / montage,GROB,Grobmontage,2,20.0,10.0,10.0,14.0,15.0,510.0,28.0,1.0,2020-11-11,2022-04-04,0.3612004287245445,0.6339764201500536,0,0.0,,2,0,0,0.0,Ausbau,0.3333333333333333,0.0,10
pred_bau07,pred_bau07,Roche pRED Bau 07,29,einbringung / aufstellung / montage,FEIN,Feinmontage,2,40.0,20.0,20.0,28.0,30.0,189.0,56.0,1.0,2022-05-17,2022-11-21,0.6570203644158628,0.7577706323687031,0,0.0,,0,0,0,0.0,Elektro,0.6666666666666666,0.0,20
pred_bau07,pred_bau07,Roche pRED Bau 07,30,boden / zimmermann / nebenraeume,END,Endmontage,2,20.0,10.0,10.0,14.0,15.0,228.0,26.0,1.0,2022-02-08,2022-09-23,0.6045016077170418,0.7261521972132905,0,0.0,,2,1,0,20.0,Konstruktion,1.0,1.0,30
pred_bau07,pred_bau07,Roche pRED Bau 07,31,einbringen / aufstellen / anbringen,GROB,Grobmontage,1,15.0,15.0,15.0,15.0,15.0,21.0,21.0,1.0,2022-05-24,2022-06-13,0.6607717041800643,0.6714898177920686,1,1.0,,1,0,0,0.0,Konstruktion,0.6,0.0,10
pred_bau07,pred_bau07,Roche pRED Bau 07,31,einbringen / aufstellen / anbringen,FEIN,Feinmontage,2,10.0,5.0,5.0,5.0,5.0,7.0,7.0,2.0,2022-02-15,2022-02-21,0.6082529474812433,0.6114683815648446,0,0.0,,1,0,0,10.0,Konstruktion,0.4,1.0,20
pred_bau07,pred_bau07,Roche pRED Bau 07,32,wmp / erstellung / dks,GROB,Grobmontage,32,530.0,20.0,16.5625,25.0,50.0,408.0,353.0,5.0,2020-09-14,2021-10-26,0.33011789924973206,0.5482315112540193,7,0.21875,,10,0,0,0.0,Elektro,1.0,0.0,10
pred_bau07,pred_bau07,Roche pRED Bau 07,33,beleuchtung / feinmontage / einbau komponenten,FEIN,Feinmontage,2,20.0,10.0,10.0,10.0,10.0,12.0,12.0,2.0,2022-11-21,2022-12-02,0.7577706323687031,0.7636655948553055,0,0.0,,1,0,0,0.0,Ausbau,0.010362694300518135,0.0,20
pred_bau07,pred_bau07,Roche pRED Bau 07,33,beleuchtung / feinmontage / einbau komponenten,END,Endmontage,203,1910.0,10.0,9.408866995073891,10.0,15.0,1570.0,499.0,13.0,2019-01-07,2023-04-25,0.0,0.8408360128617364,46,0.22660098522167488,,24,0,0,10.0,Ausbau,0.9896373056994818,0.005235602094240838,30
pred_bau07,pred_bau07,Roche pRED Bau 07,35,lueftung / montage / monobloecke,FEIN,Feinmontage,23,245.0,10.0,10.652173913043478,10.0,20.0,1093.0,236.0,3.0,2020-04-17,2023-04-14,0.2497320471596999,0.834941050375134,0,0.0,,22,0,0,245.0,Ausbau,0.875,1.0,20
pred_bau07,pred_bau07,Roche pRED Bau 07,35,lueftung / montage / monobloecke,END,Endmontage,7,35.0,5.0,5.0,5.0,5.0,259.0,49.0,1.0,2022-01-06,2022-09-21,0.5868167202572347,0.72508038585209,7,1.0,,7,0,0,0.0,Ausbau,0.125,0.0,30
pred_bau07,pred_bau07,Roche pRED Bau 07,36,montage / zone / leuchten,GROB,Grobmontage,52,415.0,10.0,7.980769230769231,10.0,30.0,842.0,434.0,3.0,2020-11-02,2023-02-21,0.35637727759914256,0.8070739549839229,1,0.019230769230769232,,26,0,0,0.0,Ausbau,0.9764705882352941,0.0,10
pred_bau07,pred_bau07,Roche pRED Bau 07,36,montage / zone / leuchten,END,Endmontage,1,10.0,10.0,10.0,10.0,10.0,14.0,14.0,1.0,2023-04-19,2023-05-02,0.837620578778135,0.8445873526259379,1,1.0,,1,0,0,0.0,Ausbau,0.023529411764705882,0.0,30
pred_bau07,pred_bau07,Roche pRED Bau 07,37,installieren / einmessen / wandverkleidung,END,Endmontage,184,1840.0,10.0,10.0,15.0,15.0,785.0,747.0,7.0,2021-03-05,2023-04-28,0.42229367631296894,0.842443729903537,38,0.20652173913043478,,25,0,0,660.0,Ausbau,1.0,0.358695652173913,30
pred_bau07,pred_bau07,Roche pRED Bau 07,39,montieren / aufmalen / equipment,END,Endmontage,89,840.0,10.0,9.438202247191011,15.0,30.0,701.0,502.0,6.0,2021-09-27,2023-08-28,0.5326902465166131,0.9078242229367631,7,0.07865168539325842,,27,1,0,440.0,Ausbau,1.0,0.5238095238095238,30
pred_bau07,pred_bau07,Roche pRED Bau 07,40,onboarding / garderobenschraenke / elektrische schiebetueren,GROB,Grobmontage,1,20.0,20.0,20.0,20.0,20.0,28.0,28.0,1.0,2020-06-10,2020-07-07,0.27867095391211144,0.29314040728831725,1,1.0,,1,0,0,0.0,Elektro,1.0,0.0,10
pred_bau07,pred_bau07,Roche pRED Bau 07,41,stuetzen / loggia / versetzen,END,Endmontage,28,165.0,5.0,5.892857142857143,10.0,10.0,672.0,144.0,3.0,2020-10-29,2022-08-31,0.3542336548767417,0.7138263665594855,7,0.25,,25,1,0,50.0,Ausbau,1.0,0.30303030303030304,30
pred_bau07,pred_bau07,Roche pRED Bau 07,43,modellbearbeitung / pendenzenbearbeitung / labormoebel,GROB,Grobmontage,11,195.0,20.0,17.727272727272727,20.0,20.0,245.0,245.0,3.0,2020-07-08,2021-03-09,0.2936763129689175,0.42443729903536975,3,0.2727272727272727,,10,0,0,0.0,Elektro,1.0,0.0,10
pred_bau07,pred_bau07,Roche pRED Bau 07,44,rlt / kanaele / bsk,GROB,Grobmontage,1,20.0,20.0,20.0,20.0,20.0,28.0,28.0,1.0,2022-04-05,2022-05-02,0.6345123258306538,0.6489817792068596,0,0.0,,1,0,0,0.0,Konstruktion,1.0,0.0,10
pred_bau07,pred_bau07,Roche pRED Bau 07,45,schreinerarbeiten / restarbeiten / abdichtungsarbeiten,END,Endmontage,65,325.0,5.0,5.0,5.0,5.0,546.0,241.0,4.0,2021-09-15,2023-03-14,0.5262593783494105,0.8183279742765274,26,0.4,,24,0,0,0.0,Ausbau,1.0,0.0,30
pred_bau07,pred_bau07,Roche pRED Bau 07,46,anschluss / schaltschraenke / feldgeraete,END,Endmontage,78,1975.0,30.0,25.32051282051282,40.0,90.0,781.0,760.0,10.0,2021-02-22,2023-04-13,0.41639871382636656,0.8344051446945338,14,0.1794871794871795,,26,0,0,325.0,Ausbau,1.0,0.16455696202531644,30
pred_bau07,pred_bau07,Roche pRED Bau 07,49,einbau / lueftungskanaele / sbb,END,Endmontage,3,14.0,2.0,4.666666666666667,8.4,10.0,705.0,21.0,1.0,2021-05-21,2023-04-25,0.46355841371918544,0.8408360128617364,0,0.0,,3,0,0,4.0,Ausbau,1.0,0.2857142857142857,30
pred_bau07,pred_bau07,Roche pRED Bau 07,50,heizung / halterungen / uebergeordnete,GROB,Grobmontage,119,2095.0,15.0,17.605042016806724,40.0,60.0,851.0,686.0,8.0,2020-06-19,2022-10-17,0.2834941050375134,0.7390139335476956,15,0.12605042016806722,,26,0,0,1765.0,Heizung,0.9544419134396356,0.8424821002386634,10
pred_bau07,pred_bau07,Roche pRED Bau 07,50,heizung / halterungen / uebergeordnete,FEIN,Feinmontage,3,75.0,20.0,25.0,44.0,50.0,438.0,104.0,1.0,2021-05-21,2022-08-01,0.46355841371918544,0.6977491961414791,1,0.3333333333333333,,1,0,0,0.0,Konstruktion,0.03416856492027335,0.0,20
pred_bau07,pred_bau07,Roche pRED Bau 07,50,heizung / halterungen / uebergeordnete,END,Endmontage,2,25.0,12.5,12.5,18.5,20.0,421.0,33.0,1.0,2021-07-05,2022-08-29,0.48767416934619506,0.7127545551982851,0,0.0,,1,0,0,0.0,Konstruktion,0.011389521640091117,0.0,30
pred_bau07,pred_bau07,Roche pRED Bau 07,52,anstrich / ral / weissputz,END,Endmontage,7,80.0,10.0,11.428571428571429,20.0,20.0,937.0,76.0,3.0,2020-10-28,2023-05-22,0.3536977491961415,0.8553054662379421,1,0.14285714285714285,,5,0,0,30.0,Ausbau,1.0,0.375,30
pred_bau07,pred_bau07,Roche pRED Bau 07,54,einbauen / doppelboden / schreiner,END,Endmontage,125,3080.0,5.0,24.64,100.0,100.0,1233.0,966.0,11.0,2020-10-02,2024-02-16,0.3397642015005359,1.0,62,0.496,,25,0,0,2500.0,Ausbau,1.0,0.8116883116883117,30
pred_bau07,pred_bau07,Roche pRED Bau 07,56,sprinkler / spriessfrei / gruppe,GROB,Grobmontage,2,6.0,3.0,3.0,3.0,3.0,131.0,10.0,1.0,2021-06-04,2021-10-12,0.47106109324758844,0.5407288317256163,0,0.0,,2,0,0,6.0,Ausbau,0.75,1.0,10
pred_bau07,pred_bau07,Roche pRED Bau 07,56,sprinkler / spriessfrei / gruppe,FEIN,Feinmontage,2,2.0,1.0,1.0,1.0,1.0,127.0,2.0,1.0,2021-07-14,2021-11-17,0.492497320471597,0.560021436227224,0,0.0,,2,0,0,0.0,Ausbau,0.25,0.0,20
pred_bau07,pred_bau07,Roche pRED Bau 07,58,erstellen / konzept / ausschreibung,GROB,Grobmontage,24,360.0,15.0,15.0,15.0,15.0,527.0,362.0,3.0,2021-03-29,2022-09-06,0.43515541264737406,0.7170418006430869,2,0.08333333333333333,,24,0,0,0.0,Ausbau,0.7214428857715431,0.0,10
pred_bau07,pred_bau07,Roche pRED Bau 07,58,erstellen / konzept / ausschreibung,END,Endmontage,27,139.0,5.0,5.148148148148148,5.0,10.0,788.0,187.0,2.0,2021-02-26,2023-04-24,0.41854233654876744,0.8403001071811361,0,0.0,,24,0,0,0.0,Ausbau,0.2785571142284569,0.0,30
pred_bau07,pred_bau07,Roche pRED Bau 07,59,technik / raeumung / deckenelemente,END,Endmontage,1,129.0,129.0,129.0,129.0,129.0,187.0,187.0,1.0,2023-08-14,2024-02-16,0.9003215434083601,1.0,1,1.0,,1,0,0,129.0,Konstruktion,1.0,1.0,30
pred_bau07,pred_bau07,Roche pRED Bau 07,60,rueckbau / kofferblech / tragender,GROB,Grobmontage,1,12.0,12.0,12.0,12.0,12.0,16.0,16.0,1.0,2022-07-18,2022-08-02,0.6902465166130761,0.6982851018220794,0,0.0,,1,0,0,0.0,Konstruktion,1.0,0.0,10
pred_bau07,pred_bau07,Roche pRED Bau 07,61,fassade / riegel / haupttrassen,GROB,Grobmontage,25,250.0,10.0,10.0,10.0,10.0,513.0,317.0,2.0,2021-05-31,2022-10-25,0.46891747052518756,0.7433011789924974,2,0.08,,24,0,0,0.0,Ausbau,0.6493506493506493,0.0,10
pred_bau07,pred_bau07,Roche pRED Bau 07,61,fassade / riegel / haupttrassen,END,Endmontage,25,135.0,5.0,5.4,5.0,15.0,506.0,173.0,2.0,2021-08-23,2023-01-10,0.5139335476956056,0.7845659163987139,0,0.0,,25,0,0,15.0,Ausbau,0.35064935064935066,0.1111111111111111,30
pred_bau07,pred_bau07,Roche pRED Bau 07,62,fassadengeruest / abbau / aufbau,END,Endmontage,2,16.0,8.0,8.0,8.0,8.0,33.0,24.0,1.0,2021-07-23,2021-08-24,0.49732047159699894,0.5144694533762058,0,0.0,,0,0,0,16.0,Konstruktion,1.0,1.0,30
pred_bau07,pred_bau07,Roche pRED Bau 07,63,bodenbelag / bodenplatte / bodenbelaege,END,Endmontage,1,15.0,15.0,15.0,15.0,15.0,21.0,21.0,1.0,2022-04-12,2022-05-02,0.6382636655948553,0.6489817792068596,0,0.0,,1,0,0,0.0,Ausbau,1.0,0.0,30
pred_bau07,pred_bau07,Roche pRED Bau 07,65,decken / waende / streichen,END,Endmontage,39,425.0,10.0,10.897435897435898,15.0,15.0,732.0,380.0,5.0,2021-01-19,2023-01-20,0.39817792068595925,0.789924973204716,10,0.2564102564102564,,28,2,0,425.0,Ausbau,1.0,1.0,30
pred_bau07,pred_bau07,Roche pRED Bau 07,66,feldgeraete / beschriftung / hauptkanaele,GROB,Grobmontage,146,3075.0,20.0,21.061643835616437,30.0,50.0,714.0,643.0,15.0,2020-11-11,2022-10-25,0.3612004287245445,0.7433011789924974,35,0.23972602739726026,,25,2,0,400.0,Ausbau,0.621840242669363,0.13008130081300814,10
pred_bau07,pred_bau07,Roche pRED Bau 07,66,feldgeraete / beschriftung / hauptkanaele,FEIN,Feinmontage,133,1770.0,10.0,13.308270676691729,25.0,50.0,722.0,553.0,10.0,2021-01-05,2022-12-27,0.39067524115755625,0.7770632368703109,8,0.06015037593984962,,25,0,0,0.0,Ausbau,0.3579373104145602,0.0,20
pred_bau07,pred_bau07,Roche pRED Bau 07,66,feldgeraete / beschriftung / hauptkanaele,END,Endmontage,8,100.0,10.0,12.5,20.0,20.0,470.0,75.0,3.0,2021-07-12,2022-10-24,0.49142550911039656,0.7427652733118971,0,0.0,,1,0,0,0.0,Sonstige,0.020222446916076844,0.0,30
pred_bau07,pred_bau07,Roche pRED Bau 07,67,grobmontage / korridor / steigzone,FEIN,Feinmontage,1,5.0,5.0,5.0,5.0,5.0,5.0,5.0,1.0,2022-10-17,2022-10-21,0.7390139335476956,0.7411575562700965,0,0.0,,1,0,0,0.0,Ausbau,1.0,0.0,20
pred_bau07,pred_bau07,Roche pRED Bau 07,68,beschichtung / epoxy / raeume,FEIN,Feinmontage,1,5.0,5.0,5.0,5.0,5.0,7.0,7.0,1.0,2022-04-05,2022-04-11,0.6345123258306538,0.6377277599142551,0,0.0,,0,0,0,0.0,Elektro,0.125,0.0,20
pred_bau07,pred_bau07,Roche pRED Bau 07,68,beschichtung / epoxy / raeume,END,Endmontage,7,35.0,5.0,5.0,5.0,5.0,772.0,33.0,2.0,2020-10-01,2022-11-11,0.3392282958199357,0.752411575562701,0,0.0,,3,0,0,35.0,Konstruktion,0.875,1.0,30
pred_bau07,pred_bau07,Roche pRED Bau 07,69,fertigstellen / trockenbauwaende / glaswaende,END,Endmontage,62,525.0,10.0,8.46774193548387,10.0,10.0,541.0,386.0,4.0,2021-10-04,2023-03-28,0.5364415862808146,0.8258306538049304,41,0.6612903225806451,,24,0,0,0.0,Ausbau,1.0,0.0,30
pred_bau07,pred_bau07,Roche pRED Bau 07,70,lift / shift / climb,FEIN,Feinmontage,25,701.0,26.0,28.04,55.0,104.0,681.0,643.0,3.0,2020-10-26,2022-09-06,0.35262593783494106,0.7170418006430869,0,0.0,,0,0,0,701.0,Konstruktion,1.0,1.0,20
pred_bau07,pred_bau07,Roche pRED Bau 07,71,stromschiene / mediensaeulen / vorgezogene,FEIN,Feinmontage,42,570.0,15.0,13.571428571428571,15.0,48.0,660.0,467.0,5.0,2021-02-08,2022-11-29,0.40889603429796356,0.7620578778135049,7,0.16666666666666666,,25,0,0,165.0,Ausbau,0.4523809523809524,0.2894736842105263,20
pred_bau07,pred_bau07,Roche pRED Bau 07,71,stromschiene / mediensaeulen / vorgezogene,END,Endmontage,37,690.0,20.0,18.64864864864865,20.0,45.0,523.0,403.0,6.0,2021-10-25,2023-03-31,0.5476956055734191,0.827438370846731,35,0.9459459459459459,,19,0,0,0.0,Ausbau,0.5476190476190477,0.0,30
pred_bau07,pred_bau07,Roche pRED Bau 07,73,anlage / usv / bereit,END,Endmontage,6,60.0,10.0,10.0,10.0,10.0,312.0,80.0,1.0,2020-12-08,2021-10-15,0.37566988210075025,0.5423365487674169,0,0.0,,6,0,0,60.0,Konstruktion,1.0,1.0,30
pred_bau07,pred_bau07,Roche pRED Bau 07,74,verlegen / parkett / naturstein,FEIN,Feinmontage,1,15.0,15.0,15.0,15.0,15.0,19.0,19.0,1.0,2022-11-28,2022-12-16,0.7615219721329046,0.7711682743837085,0,0.0,,1,0,0,0.0,Ausbau,0.014563106796116505,0.0,20
pred_bau07,pred_bau07,Roche pRED Bau 07,74,verlegen / parkett / naturstein,END,Endmontage,102,1015.0,10.0,9.950980392156863,15.0,15.0,548.0,424.0,10.0,2021-10-11,2023-04-11,0.5401929260450161,0.8333333333333334,29,0.28431372549019607,,24,0,0,0.0,Ausbau,0.9854368932038835,0.0,30
pred_bau07,pred_bau07,Roche pRED Bau 07,75,prov / bodenaufbau / baulift,GROB,Grobmontage,25,820.0,15.0,32.8,104.0000000000002,160.0,602.0,490.0,5.0,2020-10-14,2022-06-07,0.3461950696677385,0.6682743837084673,0,0.0,,9,2,0,540.0,Ausbau,1.0,0.6585365853658537,10
pred_bau07,pred_bau07,Roche pRED Bau 07,76,lieferung / montage / isp,FEIN,Feinmontage,107,2474.0,20.0,23.121495327102803,30.0,120.0,1175.0,749.0,16.0,2020-06-11,2023-08-29,0.2792068595927117,0.9083601286173634,5,0.04672897196261682,,15,1,0,2474.0,Lüftung,1.0,1.0,20
pred_bau07,pred_bau07,Roche pRED Bau 07,77,etappe / spundwaende / ziehen,GROB,Grobmontage,9,547.0,73.0,60.77777777777778,105.4,111.0,703.0,353.0,3.0,2020-05-18,2022-04-20,0.26634512325830656,0.642550911039657,0,0.0,,2,0,0,547.0,Konstruktion,1.0,1.0,10
pred_bau07,pred_bau07,Roche pRED Bau 07,79,sanitaer / halterung / montage,GROB,Grobmontage,1,15.0,15.0,15.0,15.0,15.0,24.0,24.0,1.0,2021-05-12,2021-06-04,0.4587352625937835,0.47106109324758844,0,0.0,,1,0,0,0.0,Konstruktion,0.29411764705882354,0.0,10
pred_bau07,pred_bau07,Roche pRED Bau 07,79,sanitaer / halterung / montage,FEIN,Feinmontage,3,36.0,3.0,12.0,24.6,30.0,824.0,52.0,1.0,2021-06-11,2023-09-12,0.47481243301178994,0.9158628081457664,0,0.0,,3,0,0,36.0,Ausbau,0.7058823529411765,1.0,20
uh1,uh1,UH1 CS Master Schedule V6,0,tueren / einhaengen / montage,END,Endmontage,28,560.0,20.0,20.0,20.0,20.0,1184.0,163.0,11.0,2025-01-30,2028-04-27,0.40671194566520175,0.8793447862564923,0,0.0,,6,7,0,560.0,Ausbau,1.0,1.0,30
uh1,uh1,UH1 CS Master Schedule V6,1,leitungen / haupt / vorbereitung,GROB,Grobmontage,10,84.0,10.0,8.4,10.0,10.0,1338.0,101.0,2.0,2022-06-20,2026-02-16,0.025169796244506593,0.5593288054334798,0,0.0,,0,0,0,84.0,Sanitär,1.0,1.0,10
uh1,uh1,UH1 CS Master Schedule V6,2,brandschutzabschluesse / anschliessen / anschluesse,END,Endmontage,42,427.0,10.0,10.166666666666666,10.0,65.0,2023.0,396.0,3.0,2022-11-25,2028-06-08,0.08829404714342788,0.8961246504194966,0,0.0,,8,7,2,427.0,Ausbau,1.0,1.0,30
uh1,uh1,UH1 CS Master Schedule V6,4,unterlagsboden / betonieren / ergaenzen,GROB,Grobmontage,101,979.0,10.0,9.693069306930694,10.0,50.0,2128.0,823.0,4.0,2022-09-09,2028-07-06,0.057530962844586496,0.9073112265281662,0,0.0,,11,7,6,609.0,Konstruktion,1.0,0.6220633299284984,10
uh1,uh1,UH1 CS Master Schedule V6,6,schliessen / waende / schotts,GROB,Grobmontage,49,402.0,10.0,8.204081632653061,10.0,10.0,1352.0,331.0,4.0,2024-09-26,2028-06-08,0.3563723531761886,0.8961246504194966,0,0.0,,11,7,4,0.0,Ausbau,0.18732525629077354,0.0,10
uh1,uh1,UH1 CS Master Schedule V6,6,schliessen / waende / schotts,FEIN,Feinmontage,8,8.0,1.0,1.0,1.0,1.0,1188.0,5.0,4.0,2024-10-24,2028-01-24,0.36755892928485817,0.8417898521773871,0,0.0,,5,4,0,0.0,Konstruktion,0.003727865796831314,0.0,20
uh1,uh1,UH1 CS Master Schedule V6,6,schliessen / waende / schotts,END,Endmontage,82,1736.0,10.0,21.170731707317074,20.0,714.0,1660.0,1172.0,12.0,2024-01-04,2028-07-20,0.2500998801438274,0.912904514582501,0,0.0,,12,7,0,774.0,Ausbau,0.8089468779123952,0.44585253456221197,30
uh1,uh1,UH1 CS Master Schedule V6,7,reinigung / oberhalb / obergeschosse,GROB,Grobmontage,41,362.0,10.0,8.829268292682928,10.0,10.0,1271.0,278.0,3.0,2024-10-21,2028-04-13,0.3663603675589293,0.8737514982021574,0,0.0,,8,7,4,0.0,Konstruktion,0.25367904695164684,0.0,10
uh1,uh1,UH1 CS Master Schedule V6,7,reinigung / oberhalb / obergeschosse,END,Endmontage,88,1065.0,10.0,12.102272727272727,10.0,99.0,2150.0,754.0,6.0,2022-05-12,2028-03-30,0.009588493807431082,0.8681582101478226,0,0.0,,8,7,5,1065.0,Konstruktion,0.7463209530483532,1.0,30
uh1,uh1,UH1 CS Master Schedule V6,8,stahlbau / dach / trassen,GROB,Grobmontage,46,372.0,10.0,8.08695652173913,10.0,10.0,1250.0,275.0,7.0,2024-09-02,2028-02-03,0.3467838593687575,0.8457850579304834,0,0.0,,11,6,4,0.0,Konstruktion,0.34701492537313433,0.0,10
uh1,uh1,UH1 CS Master Schedule V6,8,stahlbau / dach / trassen,FEIN,Feinmontage,4,40.0,10.0,10.0,10.0,10.0,649.0,56.0,1.0,2024-05-09,2026-02-16,0.3004394726328406,0.5593288054334798,0,0.0,,0,0,0,0.0,Elektro,0.03731343283582089,0.0,20
uh1,uh1,UH1 CS Master Schedule V6,8,stahlbau / dach / trassen,END,Endmontage,25,660.0,30.0,26.4,30.0,30.0,1409.0,612.0,2.0,2024-12-18,2028-10-26,0.38953256092688776,0.9520575309628446,0,0.0,,0,7,0,0.0,Gebäudehülle,0.6156716417910447,0.0,30
uh1,uh1,UH1 CS Master Schedule V6,9,fertigstellung / lbw / mauerwerk,GROB,Grobmontage,41,362.0,10.0,8.829268292682928,10.0,10.0,1271.0,278.0,3.0,2024-10-21,2028-04-13,0.3663603675589293,0.8737514982021574,0,0.0,,8,7,4,0.0,Konstruktion,1.0,0.0,10
uh1,uh1,UH1 CS Master Schedule V6,10,elektro / installation / feinmontage,GROB,Grobmontage,4,8.0,2.0,2.0,2.0,2.0,634.0,8.0,1.0,2023-10-30,2025-07-24,0.22373152217339193,0.4766280463443867,0,0.0,,0,0,0,0.0,Elektro,0.006896551724137931,0.0,10
uh1,uh1,UH1 CS Master Schedule V6,10,elektro / installation / feinmontage,FEIN,Feinmontage,124,1152.0,10.0,9.290322580645162,10.0,66.0,1978.0,547.0,9.0,2023-05-01,2028-09-28,0.15101877746703954,0.9408709548541749,0,0.0,,8,7,1,428.0,Elektro,0.993103448275862,0.3715277777777778,20
uh1,uh1,UH1 CS Master Schedule V6,11,ulk / endmontage / nshv,END,Endmontage,1,15.0,15.0,15.0,15.0,15.0,21.0,21.0,1.0,2022-10-12,2022-11-01,0.07071514182980423,0.0787055533359968,0,0.0,,0,0,0,15.0,Gebäudehülle,1.0,1.0,30
uh1,uh1,UH1 CS Master Schedule V6,12,installation / rueckbauen / aufhaengung,GROB,Grobmontage,45,502.0,10.0,11.155555555555555,10.0,50.0,1555.0,491.0,3.0,2024-11-08,2029-02-09,0.3735517379145026,0.9944067119456652,0,0.0,,8,7,4,0.0,Elektro,0.2283894449499545,0.0,10
uh1,uh1,UH1 CS Master Schedule V6,12,installation / rueckbauen / aufhaengung,FEIN,Feinmontage,168,1681.0,10.0,10.005952380952381,10.0,80.0,2307.0,877.0,8.0,2022-08-01,2028-11-23,0.04194966040751099,0.9632441070715142,0,0.0,,8,7,1,233.0,Elektro,0.7647861692447679,0.1386079714455681,20
uh1,uh1,UH1 CS Master Schedule V6,12,installation / rueckbauen / aufhaengung,END,Endmontage,1,15.0,15.0,15.0,15.0,15.0,19.0,19.0,1.0,2024-05-13,2024-05-31,0.3020375549340791,0.3092289252896524,0,0.0,,0,0,0,0.0,Ausstattung,0.006824385805277525,0.0,30
uh1,uh1,UH1 CS Master Schedule V6,13,start / termin / natursteinsockel aussen,END,Endmontage,4,119.0,12.5,29.75,68.30000000000001,89.0,677.0,157.0,2.0,2022-10-24,2024-08-30,0.07550938873351977,0.3455852976428286,0,0.0,,0,0,1,119.0,Sonstige,1.0,1.0,30
uh1,uh1,UH1 CS Master Schedule V6,15,daemmung / hauptleitungen / terrasse,FEIN,Feinmontage,41,362.0,10.0,8.829268292682928,10.0,10.0,1284.0,287.0,3.0,2024-11-19,2028-05-25,0.3779464642429085,0.8905313623651618,0,0.0,,8,7,4,0.0,Lüftung,0.8190045248868778,0.0,20
uh1,uh1,UH1 CS Master Schedule V6,15,daemmung / hauptleitungen / terrasse,END,Endmontage,8,80.0,10.0,10.0,10.0,10.0,1180.0,116.0,1.0,2024-10-28,2028-01-20,0.3691570115860967,0.8401917698761486,0,0.0,,1,4,0,0.0,Gebäudehülle,0.18099547511312217,0.0,30
uh1,uh1,UH1 CS Master Schedule V6,17,kabelzug / msr / lwl,FEIN,Feinmontage,6,60.0,10.0,10.0,10.0,10.0,1282.0,54.0,2.0,2025-08-22,2029-02-23,0.48821414302836597,1.0,0,0.0,,0,6,1,60.0,Sonstige,1.0,1.0,20
uh1,uh1,UH1 CS Master Schedule V6,18,ende termin / daemmung / start ende,END,Endmontage,1,5.0,5.0,5.0,5.0,5.0,5.0,5.0,1.0,2022-10-24,2022-10-28,0.07550938873351977,0.07710747103475829,0,0.0,,0,0,0,5.0,Sonstige,1.0,1.0,30
uh1,uh1,UH1 CS Master Schedule V6,19,decke / verbundstuetzen / betonstuetzen,GROB,Grobmontage,82,724.0,10.0,8.829268292682928,10.0,10.0,1285.0,366.0,6.0,2024-10-21,2028-04-27,0.3663603675589293,0.8793447862564923,0,0.0,,8,7,4,0.0,Elektro,1.0,0.0,10
uh1,uh1,UH1 CS Master Schedule V6,20,cns / verkleidung / seite,END,Endmontage,1,10.0,10.0,10.0,10.0,10.0,12.0,12.0,1.0,2022-11-07,2022-11-18,0.08110267678785457,0.08549740311626049,0,0.0,,0,0,0,10.0,Elektro,1.0,1.0,30
uh1,uh1,UH1 CS Master Schedule V6,24,blitzschutz / brandschott / brandschutzdecke,GROB,Grobmontage,4,8.0,2.0,2.0,2.0,2.0,634.0,10.0,1.0,2023-10-24,2025-07-18,0.22133439872153415,0.47423092289252894,0,0.0,,0,0,0,0.0,Ausstattung,0.16666666666666666,0.0,10
uh1,uh1,UH1 CS Master Schedule V6,24,blitzschutz / brandschott / brandschutzdecke,FEIN,Feinmontage,4,40.0,10.0,10.0,10.0,10.0,1156.0,56.0,1.0,2025-01-02,2028-03-02,0.39552536955653217,0.856971634039153,0,0.0,,1,4,0,0.0,Elektro,0.8333333333333334,0.0,20
uh1,uh1,UH1 CS Master Schedule V6,27,abdichtung / schritt / prov,END,Endmontage,4,80.0,20.0,20.0,20.0,20.0,1172.0,110.0,1.0,2024-09-30,2027-12-15,0.3579704354774271,0.825809029165002,0,0.0,,1,4,0,80.0,Gebäudehülle,1.0,1.0,30
uh1,uh1,UH1 CS Master Schedule V6,29,einbringung / aufstellung / montage,FEIN,Feinmontage,38,332.0,10.0,8.736842105263158,10.0,10.0,1327.0,266.0,3.0,2025-04-07,2028-11-23,0.4334798242109469,0.9632441070715142,0,0.0,,8,6,0,0.0,Elektro,0.9171270718232044,0.0,20
uh1,uh1,UH1 CS Master Schedule V6,29,einbringung / aufstellung / montage,END,Endmontage,3,30.0,10.0,10.0,10.0,10.0,56.0,42.0,1.0,2028-08-18,2028-10-12,0.9244906112664802,0.9464642429085098,0,0.0,,3,1,0,0.0,Ausstattung,0.08287292817679558,0.0,30
uh1,uh1,UH1 CS Master Schedule V6,30,boden / zimmermann / nebenraeume,END,Endmontage,70,963.0,10.0,13.757142857142858,20.0,41.0,2079.0,386.0,13.0,2022-08-05,2028-04-13,0.043547742708749504,0.8737514982021574,0,0.0,,12,7,4,403.0,Konstruktion,1.0,0.4184839044652129,30
uh1,uh1,UH1 CS Master Schedule V6,31,einbringen / aufstellen / anbringen,FEIN,Feinmontage,16,100.0,5.0,6.25,10.0,10.0,711.0,146.0,1.0,2023-12-11,2025-11-20,0.24051138633639632,0.5241709948062325,0,0.0,,0,0,0,100.0,Konstruktion,1.0,1.0,20
uh1,uh1,UH1 CS Master Schedule V6,33,beleuchtung / feinmontage / einbau komponenten,FEIN,Feinmontage,4,40.0,10.0,10.0,10.0,10.0,649.0,56.0,1.0,2024-05-09,2026-02-16,0.3004394726328406,0.5593288054334798,0,0.0,,0,0,0,0.0,Elektro,1.0,0.0,20
uh1,uh1,UH1 CS Master Schedule V6,35,lueftung / montage / monobloecke,GROB,Grobmontage,4,8.0,2.0,2.0,2.0,2.0,636.0,12.0,1.0,2023-11-01,2025-07-28,0.2245305633240112,0.47822612864562525,0,0.0,,0,0,0,0.0,Lüftung,0.007054673721340388,0.0,10
uh1,uh1,UH1 CS Master Schedule V6,35,lueftung / montage / monobloecke,FEIN,Feinmontage,86,764.0,10.0,8.883720930232558,10.0,10.0,1646.0,497.0,5.0,2024-04-25,2028-10-26,0.2948461845785058,0.9520575309628446,0,0.0,,8,7,0,402.0,Lüftung,0.673721340388007,0.5261780104712042,20
uh1,uh1,UH1 CS Master Schedule V6,35,lueftung / montage / monobloecke,END,Endmontage,41,362.0,10.0,8.829268292682928,10.0,10.0,1316.0,268.0,3.0,2025-03-07,2028-10-12,0.4210946863763484,0.9464642429085098,0,0.0,,8,7,0,0.0,Sonstige,0.31922398589065254,0.0,30
uh1,uh1,UH1 CS Master Schedule V6,36,montage / zone / leuchten,FEIN,Feinmontage,7,70.0,10.0,10.0,10.0,10.0,1394.0,98.0,1.0,2024-05-09,2028-03-02,0.3004394726328406,0.856971634039153,0,0.0,,3,1,2,0.0,Sonstige,0.09162303664921466,0.0,20
uh1,uh1,UH1 CS Master Schedule V6,36,montage / zone / leuchten,END,Endmontage,79,694.0,10.0,8.784810126582279,10.0,10.0,1397.0,544.0,3.0,2024-10-21,2028-08-17,0.3663603675589293,0.9240910906911706,0,0.0,,8,7,4,0.0,Ausbau,0.9083769633507853,0.0,30
uh1,uh1,UH1 CS Master Schedule V6,39,montieren / aufmalen / equipment,END,Endmontage,72,1200.0,20.0,16.666666666666668,20.0,20.0,1278.0,376.0,11.0,2024-09-02,2028-03-02,0.3467838593687575,0.856971634039153,0,0.0,,6,7,0,0.0,Ausstattung,1.0,0.0,30
uh1,uh1,UH1 CS Master Schedule V6,41,stuetzen / loggia / versetzen,END,Endmontage,51,486.0,10.0,9.529411764705882,10.0,42.0,2136.0,467.0,3.0,2022-08-04,2028-06-08,0.04314822213343987,0.8961246504194966,0,0.0,,8,7,2,486.0,Sanitär,1.0,1.0,30
uh1,uh1,UH1 CS Master Schedule V6,45,schreinerarbeiten / restarbeiten / abdichtungsarbeiten,FEIN,Feinmontage,1,10.0,10.0,10.0,10.0,10.0,14.0,14.0,1.0,2022-09-01,2022-09-14,0.05433479824210947,0.05952856572113464,0,0.0,,0,0,0,0.0,Sonstige,1.0,0.0,20
uh1,uh1,UH1 CS Master Schedule V6,49,einbau / lueftungskanaele / sbb,GROB,Grobmontage,1,10.0,10.0,10.0,10.0,10.0,12.0,12.0,1.0,2024-10-21,2024-11-01,0.3663603675589293,0.3707550938873352,0,0.0,,0,1,0,0.0,Konstruktion,0.006105006105006105,0.0,10
uh1,uh1,UH1 CS Master Schedule V6,49,einbau / lueftungskanaele / sbb,END,Endmontage,171,1628.0,10.0,9.52046783625731,10.0,30.0,1436.0,762.0,9.0,2024-10-10,2028-09-14,0.3619656412305234,0.9352776667998401,0,0.0,,8,7,4,30.0,Ausbau,0.9938949938949939,0.018427518427518427,30
uh1,uh1,UH1 CS Master Schedule V6,50,heizung / halterungen / uebergeordnete,GROB,Grobmontage,41,362.0,10.0,8.829268292682928,10.0,10.0,1281.0,289.0,3.0,2024-11-08,2028-05-11,0.3735517379145026,0.884938074310827,0,0.0,,8,7,4,0.0,Heizung,1.0,0.0,10
uh1,uh1,UH1 CS Master Schedule V6,52,anstrich / ral / weissputz,END,Endmontage,41,362.0,10.0,8.829268292682928,10.0,10.0,1306.0,266.0,3.0,2025-02-17,2028-09-14,0.41390331602077507,0.9352776667998401,0,0.0,,8,7,0,0.0,Ausbau,1.0,0.0,30
uh1,uh1,UH1 CS Master Schedule V6,54,einbauen / doppelboden / schreiner,END,Endmontage,82,724.0,10.0,8.829268292682928,10.0,10.0,1334.0,420.0,6.0,2024-12-09,2028-08-03,0.38593687574910107,0.9184978026368358,0,0.0,,8,7,2,0.0,Ausbau,1.0,0.0,30
uh1,uh1,UH1 CS Master Schedule V6,56,sprinkler / spriessfrei / gruppe,GROB,Grobmontage,4,40.0,10.0,10.0,10.0,10.0,649.0,56.0,1.0,2024-04-25,2026-02-02,0.2948461845785058,0.5537355173791451,0,0.0,,0,0,0,40.0,Sprinkler,1.0,1.0,10
uh1,uh1,UH1 CS Master Schedule V6,57,abbruch / achse / betonwaende,GROB,Grobmontage,83,844.0,10.0,10.168674698795181,10.0,120.0,1473.0,444.0,6.0,2024-02-20,2028-03-02,0.26887734718337997,0.856971634039153,0,0.0,,8,7,4,120.0,Konstruktion,1.0,0.14218009478672985,10
uh1,uh1,UH1 CS Master Schedule V6,58,erstellen / konzept / ausschreibung,FEIN,Feinmontage,38,332.0,10.0,8.736842105263158,10.0,10.0,1255.0,274.0,3.0,2024-09-11,2028-02-17,0.35037954454654413,0.8513783459848182,0,0.0,,8,6,4,0.0,Sicherheit,1.0,0.0,20
uh1,uh1,UH1 CS Master Schedule V6,60,rueckbau / kofferblech / tragender,GROB,Grobmontage,58,468.0,10.0,8.068965517241379,10.0,10.0,2242.0,363.0,3.0,2022-11-02,2028-12-21,0.07910507391130643,0.9744306831801838,0,0.0,,8,7,4,10.0,Konstruktion,1.0,0.021367521367521368,10
uh1,uh1,UH1 CS Master Schedule V6,61,fassade / riegel / haupttrassen,END,Endmontage,46,437.0,10.0,9.5,10.0,35.0,2363.0,358.0,3.0,2022-05-09,2028-10-26,0.008389932081502197,0.9520575309628446,0,0.0,,8,7,0,75.0,Gebäudehülle,1.0,0.17162471395881007,30
uh1,uh1,UH1 CS Master Schedule V6,62,fassadengeruest / abbau / aufbau,GROB,Grobmontage,6,60.0,10.0,10.0,10.0,10.0,1282.0,64.0,2.0,2025-07-11,2029-01-12,0.47143427886536154,0.9832201358369956,0,0.0,,0,6,0,0.0,Konstruktion,0.058027079303675046,0.0,10
uh1,uh1,UH1 CS Master Schedule V6,62,fassadengeruest / abbau / aufbau,FEIN,Feinmontage,4,40.0,10.0,10.0,10.0,10.0,1156.0,56.0,1.0,2025-01-02,2028-03-02,0.39552536955653217,0.856971634039153,0,0.0,,1,4,0,0.0,Elektro,0.03868471953578337,0.0,20
uh1,uh1,UH1 CS Master Schedule V6,62,fassadengeruest / abbau / aufbau,END,Endmontage,93,934.0,10.0,10.043010752688172,10.0,30.0,1576.0,732.0,3.0,2024-09-20,2029-01-12,0.3539752297243308,0.9832201358369956,0,0.0,,9,7,4,10.0,Sonstige,0.9032882011605415,0.010706638115631691,30
uh1,uh1,UH1 CS Master Schedule V6,65,decken / waende / streichen,END,Endmontage,82,724.0,10.0,8.829268292682928,10.0,10.0,1360.0,499.0,5.0,2025-01-08,2028-09-28,0.39792249300838994,0.9408709548541749,0,0.0,,8,7,0,724.0,Ausbau,1.0,1.0,30
uh1,uh1,UH1 CS Master Schedule V6,67,grobmontage / korridor / steigzone,GROB,Grobmontage,1,10.0,10.0,10.0,10.0,10.0,12.0,12.0,1.0,2024-10-21,2024-11-01,0.3663603675589293,0.3707550938873352,0,0.0,,1,1,0,10.0,Ausbau,1.0,1.0,10
uh1,uh1,UH1 CS Master Schedule V6,68,beschichtung / epoxy / raeume,GROB,Grobmontage,4,8.0,2.0,2.0,2.0,2.0,636.0,12.0,1.0,2023-12-20,2025-09-15,0.24410707151418298,0.49780263683579706,0,0.0,,0,0,0,0.0,Konstruktion,0.3333333333333333,0.0,10
uh1,uh1,UH1 CS Master Schedule V6,68,beschichtung / epoxy / raeume,END,Endmontage,6,16.0,3.0,2.6666666666666665,3.0,3.0,627.0,14.0,2.0,2024-03-19,2025-12-05,0.28006392329204954,0.530163803435877,0,0.0,,0,0,0,16.0,Ausbau,0.6666666666666666,1.0,30
uh1,uh1,UH1 CS Master Schedule V6,69,fertigstellen / trockenbauwaende / glaswaende,FEIN,Feinmontage,6,190.0,40.0,31.666666666666668,40.0,40.0,1225.0,154.0,2.0,2024-06-13,2027-10-20,0.31442269276867757,0.8034358769476628,0,0.0,,0,5,0,0.0,Transport,0.42035398230088494,0.0,20
uh1,uh1,UH1 CS Master Schedule V6,69,fertigstellen / trockenbauwaende / glaswaende,END,Endmontage,15,262.0,10.0,17.466666666666665,38.99999999999999,45.0,1243.0,248.0,3.0,2022-04-18,2025-09-11,0.0,0.49620455453455853,0,0.0,,0,0,0,262.0,Sonstige,0.5796460176991151,1.0,30
uh1,uh1,UH1 CS Master Schedule V6,71,stromschiene / mediensaeulen / vorgezogene,FEIN,Feinmontage,1,30.0,30.0,30.0,30.0,30.0,49.0,49.0,1.0,2022-12-09,2023-01-26,0.09388733519776268,0.11306432281262485,0,0.0,,0,0,0,30.0,Sonstige,1.0,1.0,20
uh1,uh1,UH1 CS Master Schedule V6,73,anlage / usv / bereit,END,Endmontage,11,94.0,5.0,8.545454545454545,5.0,44.0,1950.0,113.0,4.0,2022-08-08,2027-12-09,0.044746304434678384,0.8234119057131443,0,0.0,,5,4,1,94.0,Sonstige,1.0,1.0,30
uh1,uh1,UH1 CS Master Schedule V6,75,prov / bodenaufbau / baulift,GROB,Grobmontage,12,67.0,3.0,5.583333333333333,10.0,22.0,1157.0,89.0,1.0,2022-09-26,2025-11-25,0.06432281262485018,0.5261685976827807,0,0.0,,0,1,1,59.0,Ausbau,1.0,0.8805970149253731,10
uh1,uh1,UH1 CS Master Schedule V6,78,innere / spezialverglasungen / buero,END,Endmontage,41,362.0,10.0,8.829268292682928,10.0,10.0,1263.0,266.0,3.0,2024-10-01,2028-03-16,0.3583699560527367,0.8625649220934878,0,0.0,,8,7,4,362.0,Konstruktion,1.0,1.0,30
uh1,uh1,UH1 CS Master Schedule V6,79,sanitaer / halterung / montage,FEIN,Feinmontage,82,724.0,10.0,8.829268292682928,10.0,10.0,1365.0,522.0,5.0,2024-11-08,2028-08-03,0.3735517379145026,0.9184978026368358,0,0.0,,8,7,4,362.0,Ausbau,1.0,0.5,20
usb,usb,USB NBK2 Basel,2,brandschutzabschluesse / anschliessen / anschluesse,FEIN,Feinmontage,31,339.0,10.0,10.935483870967742,20.0,20.0,592.0,305.0,4.0,2027-01-05,2028-08-18,0.08043478260869565,0.508695652173913,0,0.0,,4,0,0,0.0,Elektro,0.5014792899408284,0.0,20
usb,usb,USB NBK2 Basel,2,brandschutzabschluesse / anschliessen / anschluesse,END,Endmontage,30,337.0,10.0,11.233333333333333,15.0,15.0,452.0,254.0,3.0,2027-04-12,2028-07-06,0.15072463768115943,0.47753623188405797,0,0.0,,2,0,0,337.0,Sanitär,0.4985207100591716,1.0,30
usb,usb,USB NBK2 Basel,3,malerarbeiten / finish / decke,END,Endmontage,78,352.0,3.0,4.512820512820513,10.0,10.0,941.0,373.0,4.0,2027-02-02,2029-08-30,0.10072463768115943,0.7818840579710145,0,0.0,,19,0,0,303.0,Ausbau,1.0,0.8607954545454546,30
usb,usb,USB NBK2 Basel,4,unterlagsboden / betonieren / ergaenzen,GROB,Grobmontage,27,161.0,5.0,5.962962962962963,8.0,10.0,628.0,180.0,2.0,2027-02-08,2028-10-27,0.10507246376811594,0.5594202898550724,0,0.0,,16,0,0,161.0,Ausbau,1.0,1.0,10
usb,usb,USB NBK2 Basel,6,schliessen / waende / schotts,GROB,Grobmontage,1,10.0,10.0,10.0,10.0,10.0,14.0,14.0,1.0,2028-01-05,2028-01-18,0.34492753623188405,0.35434782608695653,0,0.0,,1,0,0,0.0,Konstruktion,0.006211180124223602,0.0,10
usb,usb,USB NBK2 Basel,6,schliessen / waende / schotts,FEIN,Feinmontage,21,230.0,10.0,10.952380952380953,10.0,20.0,561.0,259.0,3.0,2027-04-09,2028-10-20,0.14855072463768115,0.5543478260869565,0,0.0,,16,0,0,0.0,Sicherheit,0.14285714285714285,0.0,20
usb,usb,USB NBK2 Basel,6,schliessen / waende / schotts,END,Endmontage,78,1370.0,20.0,17.564102564102566,20.0,35.0,939.0,803.0,5.0,2026-10-13,2029-05-08,0.01956521739130435,0.6992753623188406,0,0.0,,17,0,0,135.0,Ausbau,0.8509316770186336,0.09854014598540146,30
usb,usb,USB NBK2 Basel,7,reinigung / oberhalb / obergeschosse,END,Endmontage,130,418.0,3.0,3.2153846153846155,5.0,5.0,934.0,418.0,4.0,2027-02-16,2029-09-06,0.1108695652173913,0.7869565217391304,0,0.0,,20,0,0,0.0,Sonstige,1.0,0.0,30
usb,usb,USB NBK2 Basel,11,ulk / endmontage / nshv,END,Endmontage,96,940.0,10.0,9.791666666666666,15.0,15.0,716.0,382.0,8.0,2027-09-01,2029-08-16,0.2536231884057971,0.7717391304347826,0,0.0,,17,0,0,0.0,Elektro,1.0,0.0,30
usb,usb,USB NBK2 Basel,12,installation / rueckbauen / aufhaengung,GROB,Grobmontage,82,862.0,10.0,10.512195121951219,15.0,30.0,648.0,554.0,7.0,2026-09-21,2028-06-29,0.0036231884057971015,0.47246376811594204,0,0.0,,20,0,0,0.0,Ausbau,0.45464135021097046,0.0,10
usb,usb,USB NBK2 Basel,12,installation / rueckbauen / aufhaengung,FEIN,Feinmontage,20,602.0,30.0,30.1,40.0,40.0,882.0,425.0,5.0,2027-07-23,2029-12-20,0.2246376811594203,0.8630434782608696,0,0.0,,19,0,0,0.0,Elektro,0.31751054852320676,0.0,20
usb,usb,USB NBK2 Basel,12,installation / rueckbauen / aufhaengung,END,Endmontage,50,432.0,10.0,8.64,10.0,20.0,582.0,295.0,5.0,2027-04-20,2028-11-21,0.1565217391304348,0.577536231884058,0,0.0,,17,0,0,0.0,Elektro,0.22784810126582278,0.0,30
usb,usb,USB NBK2 Basel,15,daemmung / hauptleitungen / terrasse,FEIN,Feinmontage,39,348.0,9.0,8.923076923076923,19.200000000000003,20.0,589.0,329.0,4.0,2027-01-26,2028-09-05,0.09565217391304348,0.5217391304347826,0,0.0,,6,0,0,0.0,Heizung,1.0,0.0,20
usb,usb,USB NBK2 Basel,19,decke / verbundstuetzen / betonstuetzen,GROB,Grobmontage,223,2147.0,10.0,9.627802690582959,14.0,30.0,632.0,607.0,15.0,2026-09-16,2028-06-08,0.0,0.4572463768115942,0,0.0,,19,0,0,142.0,Heizung,0.74860529986053,0.06613879832324174,10
usb,usb,USB NBK2 Basel,19,decke / verbundstuetzen / betonstuetzen,FEIN,Feinmontage,18,251.0,15.0,13.944444444444445,15.0,20.0,883.0,304.0,2.0,2026-11-16,2029-04-16,0.04420289855072464,0.6833333333333333,0,0.0,,17,0,0,0.0,Elektro,0.08751743375174338,0.0,20
usb,usb,USB NBK2 Basel,19,decke / verbundstuetzen / betonstuetzen,END,Endmontage,46,470.0,10.0,10.217391304347826,15.0,30.0,823.0,476.0,5.0,2027-05-31,2029-08-30,0.186231884057971,0.7818840579710145,0,0.0,,16,0,0,0.0,Ausbau,0.16387726638772665,0.0,30
usb,usb,USB NBK2 Basel,23,verkabelung / verschienung / funktionserhalt,FEIN,Feinmontage,34,510.0,15.0,15.0,20.0,20.0,492.0,179.0,9.0,2028-06-21,2029-10-25,0.4666666666666667,0.822463768115942,0,0.0,,17,0,0,510.0,Sanitär,1.0,1.0,20
usb,usb,USB NBK2 Basel,27,abdichtung / schritt / prov,END,Endmontage,1,20.0,20.0,20.0,20.0,20.0,26.0,26.0,1.0,2028-06-12,2028-07-07,0.4601449275362319,0.4782608695652174,0,0.0,,1,0,0,0.0,Gebäudehülle,1.0,0.0,30
usb,usb,USB NBK2 Basel,29,einbringung / aufstellung / montage,FEIN,Feinmontage,11,105.0,10.0,9.545454545454545,10.0,10.0,337.0,145.0,1.0,2027-11-05,2028-10-06,0.3007246376811594,0.5442028985507247,0,0.0,,11,0,1,0.0,Sanitär,0.1958955223880597,0.0,20
usb,usb,USB NBK2 Basel,29,einbringung / aufstellung / montage,END,Endmontage,40,431.0,7.0,10.775,20.0,30.0,1313.0,333.0,4.0,2026-09-25,2030-04-29,0.006521739130434782,0.9572463768115942,0,0.0,,17,0,0,0.0,Ausbau,0.8041044776119403,0.0,30
usb,usb,USB NBK2 Basel,30,boden / zimmermann / nebenraeume,GROB,Grobmontage,17,71.0,5.0,4.176470588235294,5.0,5.0,280.0,95.0,2.0,2026-11-27,2027-09-02,0.05217391304347826,0.2543478260869565,0,0.0,,2,0,0,0.0,Heizung,0.5182481751824818,0.0,10
usb,usb,USB NBK2 Basel,30,boden / zimmermann / nebenraeume,END,Endmontage,8,66.0,8.0,8.25,8.6,10.0,171.0,71.0,2.0,2027-01-27,2027-07-16,0.0963768115942029,0.21956521739130436,0,0.0,,3,0,0,0.0,Ausbau,0.48175182481751827,0.0,30
usb,usb,USB NBK2 Basel,31,einbringen / aufstellen / anbringen,FEIN,Feinmontage,61,710.0,10.0,11.639344262295081,20.0,30.0,701.0,505.0,6.0,2026-12-22,2028-11-21,0.07028985507246377,0.577536231884058,0,0.0,,19,0,0,0.0,Elektro,0.9957924263674615,0.0,20
usb,usb,USB NBK2 Basel,31,einbringen / aufstellen / anbringen,END,Endmontage,1,3.0,3.0,3.0,3.0,3.0,5.0,5.0,1.0,2027-04-16,2027-04-20,0.1536231884057971,0.1565217391304348,0,0.0,,1,0,0,0.0,Ausbau,0.004207573632538569,0.0,30
usb,usb,USB NBK2 Basel,33,beleuchtung / feinmontage / einbau komponenten,FEIN,Feinmontage,12,192.0,15.0,16.0,20.0,20.0,490.0,141.0,3.0,2027-11-24,2029-03-27,0.3144927536231884,0.6688405797101449,0,0.0,,5,0,0,0.0,Elektro,0.45823389021479716,0.0,20
usb,usb,USB NBK2 Basel,33,beleuchtung / feinmontage / einbau komponenten,END,Endmontage,95,227.0,2.0,2.389473684210526,3.0,20.0,719.0,220.0,5.0,2026-09-17,2028-09-04,0.0007246376811594203,0.5210144927536232,0,0.0,,20,0,0,123.0,Elektro,0.5417661097852029,0.5418502202643172,30
usb,usb,USB NBK2 Basel,36,montage / zone / leuchten,FEIN,Feinmontage,46,441.0,10.0,9.58695652173913,15.0,20.0,882.0,475.0,4.0,2026-11-24,2029-04-23,0.05,0.6884057971014492,0,0.0,,18,0,0,0.0,Elektro,0.3188720173535792,0.0,20
usb,usb,USB NBK2 Basel,36,montage / zone / leuchten,END,Endmontage,119,942.0,5.0,7.915966386554622,10.0,80.0,915.0,640.0,6.0,2027-01-21,2029-07-23,0.09202898550724638,0.7543478260869565,0,0.0,,20,0,0,0.0,Ausbau,0.6811279826464208,0.0,30
usb,usb,USB NBK2 Basel,41,stuetzen / loggia / versetzen,END,Endmontage,2,2.0,1.0,1.0,1.0,1.0,307.0,2.0,1.0,2027-03-03,2028-01-03,0.12173913043478261,0.34347826086956523,0,0.0,,2,0,0,2.0,Ausbau,1.0,1.0,30
usb,usb,USB NBK2 Basel,43,modellbearbeitung / pendenzenbearbeitung / labormoebel,END,Endmontage,17,330.0,20.0,19.41176470588235,20.0,20.0,589.0,425.0,2.0,2027-12-06,2029-07-16,0.32318840579710145,0.7492753623188406,0,0.0,,16,0,0,0.0,Ausstattung,1.0,0.0,30
usb,usb,USB NBK2 Basel,47,inbetriebnahme / inbetriebsetzung / inbetreibnahme,FEIN,Feinmontage,19,420.0,20.0,22.105263157894736,30.0,30.0,492.0,374.0,4.0,2028-07-05,2029-11-08,0.47681159420289854,0.8326086956521739,0,0.0,,19,0,0,0.0,Elektro,1.0,0.0,20
usb,usb,USB NBK2 Basel,54,einbauen / doppelboden / schreiner,FEIN,Feinmontage,13,126.0,7.0,9.692307692307692,19.000000000000004,20.0,523.0,165.0,3.0,2026-12-11,2028-05-16,0.06231884057971015,0.4405797101449275,0,0.0,,4,0,0,0.0,Elektro,0.5338983050847458,0.0,20
usb,usb,USB NBK2 Basel,54,einbauen / doppelboden / schreiner,END,Endmontage,20,110.0,5.0,5.5,5.0,15.0,649.0,133.0,2.0,2027-01-18,2028-10-27,0.08985507246376812,0.5594202898550724,0,0.0,,15,0,0,0.0,Ausbau,0.4661016949152542,0.0,30
usb,usb,USB NBK2 Basel,56,sprinkler / spriessfrei / gruppe,FEIN,Feinmontage,2,20.0,10.0,10.0,10.0,10.0,65.0,26.0,1.0,2026-12-07,2027-02-09,0.059420289855072465,0.10579710144927536,0,0.0,,1,0,0,0.0,Sprinkler,1.0,0.0,20
usb,usb,USB NBK2 Basel,58,erstellen / konzept / ausschreibung,END,Endmontage,18,450.0,25.0,25.0,30.0,40.0,505.0,314.0,8.0,2028-09-28,2030-02-14,0.5384057971014493,0.9036231884057971,0,0.0,,18,0,0,0.0,Automation,1.0,0.0,30
usb,usb,USB NBK2 Basel,59,technik / raeumung / deckenelemente,GROB,Grobmontage,16,160.0,7.5,10.0,20.0,20.0,568.0,223.0,2.0,2026-11-26,2028-06-15,0.05144927536231884,0.4623188405797101,0,0.0,,15,0,0,0.0,Ausstattung,0.08913649025069638,0.0,10
usb,usb,USB NBK2 Basel,59,technik / raeumung / deckenelemente,END,Endmontage,37,1635.0,60.0,44.189189189189186,60.0,120.0,882.0,712.0,9.0,2028-01-28,2030-06-27,0.3615942028985507,1.0,0,0.0,,18,0,0,1500.0,Lüftung,0.9108635097493036,0.9174311926605505,30
usb,usb,USB NBK2 Basel,62,fassadengeruest / abbau / aufbau,END,Endmontage,2,55.0,27.5,27.5,37.5,40.0,182.0,78.0,1.0,2027-05-11,2027-11-08,0.17173913043478262,0.30289855072463767,0,0.0,,2,0,0,0.0,Ausstattung,1.0,0.0,30
usb,usb,USB NBK2 Basel,65,decken / waende / streichen,END,Endmontage,52,780.0,15.0,15.0,20.0,20.0,764.0,630.0,4.0,2027-06-14,2029-07-16,0.1963768115942029,0.7492753623188406,0,0.0,,16,0,0,0.0,Ausbau,1.0,0.0,30
usb,usb,USB NBK2 Basel,66,feldgeraete / beschriftung / hauptkanaele,FEIN,Feinmontage,24,164.0,10.0,6.833333333333333,10.0,10.0,606.0,189.0,3.0,2027-01-19,2028-09-15,0.09057971014492754,0.5289855072463768,0,0.0,,3,0,0,0.0,Elektro,1.0,0.0,20
usb,usb,USB NBK2 Basel,67,grobmontage / korridor / steigzone,GROB,Grobmontage,154,3685.0,20.0,23.928571428571427,40.0,50.0,628.0,626.0,18.0,2027-02-01,2028-10-20,0.1,0.5543478260869565,0,0.0,,17,0,0,10.0,Heizung,1.0,0.0027137042062415195,10
usb,usb,USB NBK2 Basel,69,fertigstellen / trockenbauwaende / glaswaende,END,Endmontage,4,70.0,10.0,17.5,31.000000000000007,40.0,200.0,97.0,2.0,2027-04-27,2027-11-12,0.16159420289855073,0.30579710144927535,0,0.0,,3,0,0,0.0,Ausstattung,1.0,0.0,30
usb,usb,USB NBK2 Basel,71,stromschiene / mediensaeulen / vorgezogene,GROB,Grobmontage,2,30.0,15.0,15.0,15.0,15.0,72.0,40.0,1.0,2026-11-16,2027-01-26,0.04420289855072464,0.09565217391304348,0,0.0,,1,0,0,0.0,Elektro,0.08,0.0,10
usb,usb,USB NBK2 Basel,71,stromschiene / mediensaeulen / vorgezogene,FEIN,Feinmontage,1,15.0,15.0,15.0,15.0,15.0,24.0,24.0,1.0,2027-03-23,2027-04-15,0.13623188405797101,0.15289855072463768,0,0.0,,1,0,0,0.0,Elektro,0.04,0.0,20
usb,usb,USB NBK2 Basel,71,stromschiene / mediensaeulen / vorgezogene,END,Endmontage,16,330.0,20.0,20.625,20.0,30.0,573.0,427.0,2.0,2027-12-22,2029-07-16,0.3347826086956522,0.7492753623188406,0,0.0,,15,0,0,0.0,Ausstattung,0.88,0.0,30
usb,usb,USB NBK2 Basel,73,anlage / usv / bereit,END,Endmontage,17,330.0,20.0,19.41176470588235,20.0,20.0,603.0,425.0,2.0,2027-11-22,2029-07-16,0.3130434782608696,0.7492753623188406,0,0.0,,16,0,0,0.0,Ausstattung,1.0,0.0,30
usb,usb,USB NBK2 Basel,75,prov / bodenaufbau / baulift,GROB,Grobmontage,2,40.0,20.0,20.0,20.0,20.0,183.0,56.0,1.0,2028-08-17,2029-02-15,0.5079710144927536,0.6398550724637682,0,0.0,,1,0,0,40.0,Elektro,0.23529411764705882,1.0,10
usb,usb,USB NBK2 Basel,75,prov / bodenaufbau / baulift,FEIN,Feinmontage,24,32.0,1.0,1.3333333333333333,2.0,2.0,608.0,29.0,3.0,2026-09-17,2028-05-16,0.0007246376811594203,0.4405797101449275,0,0.0,,19,0,0,0.0,Elektro,0.18823529411764706,0.0,20
usb,usb,USB NBK2 Basel,75,prov / bodenaufbau / baulift,END,Endmontage,41,98.0,2.0,2.3902439024390243,3.0,5.0,603.0,104.0,3.0,2027-01-29,2028-09-22,0.09782608695652174,0.5340579710144927,0,0.0,,6,0,0,0.0,Sonstige,0.5764705882352941,0.0,30
usb,usb,USB NBK2 Basel,77,etappe / spundwaende / ziehen,GROB,Grobmontage,91,577.0,3.0,6.34065934065934,15.0,30.0,709.0,425.0,6.0,2026-09-21,2028-08-29,0.0036231884057971015,0.5166666666666667,0,0.0,,6,0,0,83.0,Konstruktion,1.0,0.1438474870017331,10
usb,usb,USB NBK2 Basel,78,innere / spezialverglasungen / buero,END,Endmontage,4,40.0,10.0,10.0,10.0,10.0,229.0,56.0,1.0,2028-06-09,2029-01-23,0.4579710144927536,0.6231884057971014,0,0.0,,4,0,0,0.0,Ausbau,1.0,0.0,30
usb,usb,USB NBK2 Basel,79,sanitaer / halterung / montage,FEIN,Feinmontage,3,60.0,20.0,20.0,20.0,20.0,98.0,90.0,1.0,2027-03-12,2027-06-17,0.1282608695652174,0.19855072463768117,0,0.0,,1,0,0,0.0,Sanitär,1.0,0.0,20
