schedule_id,project,schedule_label,cluster,cluster_name,tasks,task_days,median_task_days,mean_task_days,p90_task_days,max_task_days,span_days,active_days,peak_concurrency,first_start,last_finish,start_position,finish_position,critical_tasks,critical_share,person_days,floors,zones,contractors,project_span_days,task_days_share
pred_bau07,pred_bau07,Roche pRED Bau 07,32,wmp / erstellung / dks,374,8500.0,20.0,22.727272727272727,40.0,50.0,1286.0,1000.0,43.0,2020-05-04,2023-11-10,0.25884244372990356,0.947481243301179,83,0.22192513368983957,,29,1,0,1866.0,0.10325433364512093
usb,usb,USB NBK2 Basel,38,test / integrale / ibs,439,8165.0,20.0,18.59908883826879,30.0,50.0,1411.0,1321.0,43.0,2027-02-02,2030-12-13,0.07688053097345132,0.8567477876106194,0,0.0,,20,0,0,1808.0,0.18056569141290166
pred_bau07,pred_bau07,Roche pRED Bau 07,25,prueflauf / wmp / tueren,318,6715.0,20.0,21.11635220125786,40.0,40.0,1291.0,845.0,33.0,2020-05-27,2023-12-08,0.27116827438370844,0.962486602357985,78,0.24528301886792453,,29,1,0,1866.0,0.08157092357964553
pred_bau07,pred_bau07,Roche pRED Bau 07,16,produktion / avor bestellung / apa,92,5750.0,60.0,62.5,80.0,80.0,1235.0,1006.0,20.0,2020-09-30,2024-02-16,0.3386923901393355,1.0,52,0.5652173913043478,,14,0,0,1866.0,0.06984851981875828
usb,usb,USB NBK2 Basel,47,inbetriebnahme / inbetriebsetzung / inbetreibnahme,182,5220.0,30.0,28.681318681318682,40.0,60.0,666.0,619.0,43.0,2028-05-04,2030-02-28,0.32964601769911506,0.6974557522123894,0,0.0,,19,0,0,1808.0,0.11543820075631925
uh1,uh1,UH1 CS Master Schedule V6,8,stahlbau / dach / trassen,223,5105.0,10.0,22.89237668161435,40.0,210.0,2525.0,2081.0,10.0,2022-03-14,2029-02-09,0.0,0.9944838455476753,0,0.0,,12,7,11,2538.0,0.12293206829291786
pred_bau07,pred_bau07,Roche pRED Bau 07,5,vorfertigung / avor / apa,150,5005.0,20.0,33.36666666666667,60.0,280.0,895.0,895.0,28.0,2020-08-19,2023-01-30,0.3161843515541265,0.7952840300107181,8,0.05333333333333334,,13,1,0,1866.0,0.06079858116398003
pred_bau07,pred_bau07,Roche pRED Bau 07,66,feldgeraete / beschriftung / hauptkanaele,287,4945.0,20.0,17.229965156794425,25.0,50.0,777.0,745.0,22.0,2020-11-11,2022-12-27,0.3612004287245445,0.7770632368703109,43,0.14982578397212543,,25,2,0,1866.0,0.06006972704413212
pred_bau05,pred_bau05,Roche pRED Bau 05,32,wmp / erstellung / dks,172,4721.0,20.0,27.447674418604652,50.0,300.0,785.0,691.0,31.0,2019-12-06,2022-01-28,0.11207519884309472,0.6789587852494577,45,0.2616279069767442,,9,0,0,1383.0,0.13715364781929767
usb,usb,USB NBK2 Basel,53,abnahme / ort / kontrolle,200,4255.0,10.0,21.275,40.0,50.0,1011.0,777.0,36.0,2028-06-07,2031-03-14,0.34845132743362833,0.9070796460176991,0,0.0,,19,0,0,1808.0,0.09409761383489242
pred_bau07,pred_bau07,Roche pRED Bau 07,21,dichtheitspruefung / medienversorgung / ende,499,3840.0,5.0,7.695390781563126,15.0,25.0,883.0,811.0,16.0,2020-11-13,2023-04-14,0.36227224008574493,0.834941050375134,40,0.08016032064128256,,27,2,0,1866.0,0.046646663670266396
usb,usb,USB NBK2 Basel,67,grobmontage / korridor / steigzone,154,3685.0,20.0,23.928571428571427,40.0,50.0,628.0,626.0,18.0,2027-02-01,2028-10-20,0.07632743362831858,0.4231194690265487,0,0.0,,17,0,0,1808.0,0.08149229306265066
pred_bau04,pred_bau04,Roche pRED Bau 04,32,wmp / erstellung / dks,136,3516.0,20.0,25.852941176470587,50.0,55.0,791.0,788.0,35.0,2020-01-21,2022-03-21,0.10329670329670329,0.6820512820512821,2,0.014705882352941176,,8,1,0,1365.0,0.11429871755278513
dc30,dc30,DC30 Rechenzentrum,23,verkabelung / verschienung / funktionserhalt,345,3205.0,5.0,9.289855072463768,20.0,75.0,371.0,371.0,42.0,2026-04-07,2027-04-12,0.08430913348946135,0.9508196721311475,0,0.0,,6,17,0,427.0,0.0884211107126107
dc30,dc30,DC30 Rechenzentrum,8,stahlbau / dach / trassen,444,3100.0,5.0,6.981981981981982,10.0,82.0,368.0,358.0,55.0,2026-03-23,2027-03-25,0.04918032786885246,0.9086651053864169,3,0.006756756756756757,,7,16,0,427.0,0.08552431925400723
pred_bau07,pred_bau07,Roche pRED Bau 07,54,einbauen / doppelboden / schreiner,125,3080.0,5.0,24.64,100.0,100.0,1233.0,966.0,11.0,2020-10-02,2024-02-16,0.3397642015005359,1.0,62,0.496,,25,0,0,1866.0,0.03741451148552617
usb,usb,USB NBK2 Basel,8,stahlbau / dach / trassen,177,2925.0,20.0,16.52542372881356,20.0,120.0,1486.0,797.0,37.0,2027-08-05,2031-08-29,0.1786504424778761,1.0,0,0.0,,20,0,0,1808.0,0.06468519869966165
usb,usb,USB NBK2 Basel,19,decke / verbundstuetzen / betonstuetzen,287,2868.0,10.0,9.993031358885018,15.0,30.0,1080.0,880.0,15.0,2026-09-16,2029-08-30,0.0,0.5967920353982301,0,0.0,,19,0,0,1808.0,0.06342466662243747
pred_bau07,pred_bau07,Roche pRED Bau 07,15,daemmung / hauptleitungen / terrasse,246,2784.0,10.0,11.317073170731707,20.0,30.0,868.0,756.0,15.0,2020-11-18,2023-04-04,0.364951768488746,0.8295819935691319,5,0.02032520325203252,,25,2,0,1866.0,0.033818831160943134
dc30,dc30,DC30 Rechenzentrum,9,fertigstellung / lbw / mauerwerk,247,2691.0,10.0,10.894736842105264,17.0,33.0,319.0,319.0,24.0,2026-05-29,2027-04-12,0.20608899297423888,0.9508196721311475,10,0.04048582995951417,,6,14,0,427.0,0.07424062681049466
dc30,dc30,DC30 Rechenzentrum,36,montage / zone / leuchten,303,2596.0,5.0,8.567656765676567,15.0,69.0,373.0,359.0,57.0,2026-03-16,2027-03-23,0.03278688524590164,0.9039812646370023,1,0.0033003300330033004,,6,17,0,427.0,0.07161972025271057
pred_bau05,pred_bau05,Roche pRED Bau 05,1,leitungen / haupt / vorbereitung,130,2505.5,12.0,19.273076923076925,43.250000000000064,126.0,699.0,545.0,15.0,2020-09-30,2022-08-29,0.32827187274041936,0.8329718004338394,1,0.007692307692307693,,9,3,0,1383.0,0.07278933798162472
pred_bau07,pred_bau07,Roche pRED Bau 07,76,lieferung / montage / isp,107,2474.0,20.0,23.121495327102803,30.0,120.0,1175.0,749.0,16.0,2020-06-11,2023-08-29,0.2792068595927117,0.9083601286173634,5,0.04672897196261682,,15,1,0,1866.0,0.030053084875062256
pred_bau07,pred_bau07,Roche pRED Bau 07,1,leitungen / haupt / vorbereitung,137,2414.0,15.0,17.62043795620438,25.0,87.0,918.0,906.0,11.0,2020-10-01,2023-04-06,0.3392282958199357,0.8306538049303323,16,0.11678832116788321,,26,2,0,1866.0,0.029324230755214342
dc30,dc30,DC30 Rechenzentrum,12,installation / rueckbauen / aufhaengung,285,2392.0,9.0,8.39298245614035,10.0,42.0,358.0,306.0,23.0,2026-04-13,2027-04-05,0.09836065573770492,0.9344262295081968,9,0.031578947368421054,,6,13,0,427.0,0.06599166827599526
pred_bau04,pred_bau04,Roche pRED Bau 04,16,produktion / avor bestellung / apa,44,2384.0,50.0,54.18181818181818,77.00000000000003,80.0,819.0,819.0,12.0,2020-04-14,2022-07-11,0.16483516483516483,0.764102564102564,4,0.09090909090909091,,6,0,0,1365.0,0.07749947174227524
pred_bau07,pred_bau07,Roche pRED Bau 07,43,modellbearbeitung / pendenzenbearbeitung / labormoebel,127,2379.0,15.0,18.73228346456693,20.0,140.0,565.0,511.0,26.0,2020-03-30,2021-10-15,0.24008574490889603,0.5423365487674169,61,0.48031496062992124,,14,1,0,1866.0,0.02889906585196973
pred_bau07,pred_bau07,Roche pRED Bau 07,6,schliessen / waende / schotts,258,2293.0,10.0,8.887596899224807,10.0,20.0,764.0,657.0,13.0,2021-01-12,2023-02-14,0.39442658092175775,0.8033226152197214,22,0.08527131782945736,,27,5,0,1866.0,0.027854374946854388
pred_bau05,pred_bau05,Roche pRED Bau 05,16,produktion / avor bestellung / apa,38,2220.0,60.0,58.421052631578945,80.0,80.0,753.0,699.0,14.0,2020-02-28,2022-03-21,0.17281272595806219,0.7165582067968185,6,0.15789473684210525,,8,0,0,1383.0,0.06449504303301014
pred_bau05,pred_bau05,Roche pRED Bau 05,5,vorfertigung / avor / apa,69,2208.0,20.0,32.0,50.0,90.0,653.0,610.0,17.0,2020-06-25,2022-04-08,0.25813449023861174,0.7295733911785972,8,0.11594202898550725,,7,0,0,1383.0,0.06414642117877764
uh1,uh1,UH1 CS Master Schedule V6,12,installation / rueckbauen / aufhaengung,214,2198.0,10.0,10.271028037383177,10.0,80.0,2385.0,1244.0,8.0,2022-08-01,2029-02-09,0.055161544523246654,0.9944838455476753,0,0.0,,8,7,5,2538.0,0.05292941941387531
pred_bau07,pred_bau07,Roche pRED Bau 07,50,heizung / halterungen / uebergeordnete,124,2195.0,15.0,17.701612903225808,40.0,60.0,851.0,699.0,8.0,2020-06-19,2022-10-17,0.2834941050375134,0.7390139335476956,16,0.12903225806451613,,26,0,0,1866.0,0.026663913217769463
uh1,uh1,UH1 CS Master Schedule V6,6,schliessen / waende / schotts,139,2146.0,10.0,15.43884892086331,20.0,714.0,1660.0,1215.0,12.0,2024-01-04,2028-07-20,0.26044129235618596,0.9141055949566588,0,0.0,,12,7,4,2538.0,0.051677222048305924
elp_v6,elp,ELP Masterterminplan V6,9,fertigstellung / lbw / mauerwerk,35,2067.5,10.0,59.07142857142857,143.00000000000003,550.0,1991.0,1801.0,7.0,2023-11-13,2029-04-25,0.0,0.9994977398292315,1,0.02857142857142857,,4,17,6,1991.0,0.08142488628084202
pred_bau07,pred_bau07,Roche pRED Bau 07,46,anschluss / schaltschraenke / feldgeraete,78,1975.0,30.0,25.32051282051282,40.0,90.0,781.0,760.0,10.0,2021-02-22,2023-04-13,0.41639871382636656,0.8344051446945338,14,0.1794871794871795,,26,0,0,1866.0,0.02399144811166045
pred_bau07,pred_bau07,Roche pRED Bau 07,33,beleuchtung / feinmontage / einbau komponenten,205,1930.0,10.0,9.414634146341463,10.0,15.0,1570.0,499.0,13.0,2019-01-07,2023-04-25,0.0,0.8408360128617364,46,0.22439024390243903,,24,0,0,1866.0,0.023444807521774517
dc30,dc30,DC30 Rechenzentrum,17,kabelzug / msr / lwl,218,1901.0,5.0,8.720183486238533,16.0,26.0,305.0,265.0,21.0,2026-06-12,2027-04-12,0.2388758782201405,0.9508196721311475,0,0.0,,5,16,0,427.0,0.052445719645763784
usb,usb,USB NBK2 Basel,12,installation / rueckbauen / aufhaengung,152,1896.0,10.0,12.473684210526315,30.0,40.0,1187.0,1040.0,8.0,2026-09-21,2029-12-20,0.0027654867256637168,0.6587389380530974,0,0.0,,20,0,0,1808.0,0.04192927751608837
dc30,dc30,DC30 Rechenzentrum,35,lueftung / montage / monobloecke,228,1878.0,5.0,8.236842105263158,15.0,59.0,338.0,336.0,31.0,2026-03-30,2027-03-02,0.06557377049180328,0.8548009367681498,3,0.013157894736842105,,6,11,0,427.0,0.051811184373879215
pred_bau07,pred_bau07,Roche pRED Bau 07,8,stahlbau / dach / trassen,167,1878.0,5.0,11.245508982035927,15.0,160.0,1657.0,1296.0,8.0,2019-08-05,2024-02-16,0.11254019292604502,1.0,33,0.19760479041916168,,29,1,0,1866.0,0.02281313395123966
pred_bau07,pred_bau07,Roche pRED Bau 07,37,installieren / einmessen / wandverkleidung,184,1840.0,10.0,10.0,15.0,15.0,785.0,747.0,7.0,2021-03-05,2023-04-28,0.42229367631296894,0.842443729903537,38,0.20652173913043478,,25,0,0,1866.0,0.02235152634200265
dc30,dc30,DC30 Rechenzentrum,72,dobo / hobo / flur,284,1810.0,5.0,6.373239436619718,10.0,21.0,234.0,232.0,22.0,2026-07-28,2027-03-18,0.34660421545667447,0.892271662763466,2,0.007042253521126761,,5,6,0,427.0,0.049935167048307444
usb,usb,USB NBK2 Basel,59,technik / raeumung / deckenelemente,53,1795.0,20.0,33.867924528301884,60.0,120.0,1310.0,892.0,9.0,2026-11-26,2030-06-27,0.03926991150442478,0.7632743362831859,0,0.0,,18,0,0,1808.0,0.039695703133638516
pred_bau05,pred_bau05,Roche pRED Bau 05,25,prueflauf / wmp / tueren,98,1792.0,20.0,18.285714285714285,25.0,25.0,680.0,628.0,13.0,2020-01-31,2021-12-10,0.15256688358640635,0.64352856109906,12,0.12244897959183673,,9,0,0,1383.0,0.05206086356538475
uh1,uh1,UH1 CS Master Schedule V6,28,approval / concept / mep,53,1790.0,18.0,33.77358490566038,64.4,200.0,2326.0,1524.0,20.0,2022-04-06,2028-08-17,0.009062253743104806,0.9251379038613081,0,0.0,,0,4,2,2538.0,0.04310448623786934
uh1,uh1,UH1 CS Master Schedule V6,45,schreinerarbeiten / restarbeiten / abdichtungsarbeiten,141,1786.0,10.0,12.666666666666666,20.0,66.0,2382.0,874.0,23.0,2022-04-06,2028-10-12,0.009062253743104806,0.9472025216706068,0,0.0,,8,7,8,2538.0,0.04300816336359477
dc30,dc30,DC30 Rechenzentrum,26,kaelte / gewerbliche / kuehlzellen,276,1767.0,5.0,6.4021739130434785,10.0,38.0,347.0,310.0,23.0,2026-04-20,2027-04-01,0.11475409836065574,0.9250585480093677,6,0.021739130434782608,,6,12,0,427.0,0.04874886197478412
pred_bau04,pred_bau04,Roche pRED Bau 04,1,leitungen / haupt / vorbereitung,84,1712.0,17.0,20.38095238095238,30.0,74.0,765.0,558.0,14.0,2020-09-30,2022-11-03,0.2886446886446886,0.8483516483516483,3,0.03571428571428571,,7,6,0,1365.0,0.05565398306324464
burckhardt,burckhardt,Burckhardt Laborgebäude,36,montage / zone / leuchten,147,1705.0,10.0,11.598639455782314,17.00000000000003,70.0,565.0,500.0,12.0,2025-11-10,2027-05-28,0.3402777777777778,0.8298611111111112,0,0.0,,11,4,13,1152.0,0.13411468575473925
elp_v6,elp,ELP Masterterminplan V6,8,stahlbau / dach / trassen,200,1683.0,5.0,8.415,15.0,150.0,1201.0,681.0,17.0,2024-05-21,2027-09-03,0.09542943244600703,0.6981416373681567,0,0.0,,4,24,8,1991.0,0.06628202351180514
baeretower,baeretower,Zentrum Bären / BäreTower,36,montage / zone / leuchten,296,1666.0,2.0,5.628378378378378,18.0,80.0,810.0,534.0,13.0,2019-10-03,2021-12-20,0.08034026465028356,0.8449905482041588,0,0.0,9286.0,35,0,0,1058.0,0.11892354914697695
pred_bau04,pred_bau04,Roche pRED Bau 04,5,vorfertigung / avor / apa,55,1648.0,20.0,29.963636363636365,40.0,55.0,504.0,480.0,17.0,2020-06-25,2021-11-10,0.2175824175824176,0.5860805860805861,0,0.0,,7,0,0,1365.0,0.05357346033190839
uh1,uh1,UH1 CS Master Schedule V6,49,einbau / lueftungskanaele / sbb,172,1638.0,10.0,9.523255813953488,10.0,30.0,1436.0,771.0,9.0,2024-10-10,2028-09-14,0.37076438140267926,0.9361702127659575,0,0.0,,8,7,4,2538.0,0.03944421701543574
pred_bau04,pred_bau04,Roche pRED Bau 04,25,prueflauf / wmp / tueren,90,1626.0,20.0,18.066666666666666,20.0,25.0,767.0,655.0,24.0,2020-03-13,2022-04-18,0.1413919413919414,0.7025641025641025,1,0.011111111111111112,,8,0,0,1365.0,0.052858280643011554
baeretower,baeretower,Zentrum Bären / BäreTower,4,unterlagsboden / betonieren / ergaenzen,120,1624.0,2.0,13.533333333333333,40.0,40.0,463.0,437.0,10.0,2020-08-31,2021-12-06,0.3950850661625709,0.831758034026465,0,0.0,348.0,31,0,0,1058.0,0.1159254764794061
uh1,uh1,UH1 CS Master Schedule V6,58,erstellen / konzept / ausschreibung,63,1615.0,10.0,25.634920634920636,65.0,215.0,2166.0,1065.0,5.0,2022-03-15,2028-02-17,0.0003940110323089047,0.8534278959810875,0,0.0,,8,7,7,2538.0,0.03889036048835697
usb,usb,USB NBK2 Basel,6,schliessen / waende / schotts,100,1610.0,20.0,16.1,20.0,35.0,939.0,816.0,6.0,2026-10-13,2029-05-08,0.014933628318584071,0.5337389380530974,0,0.0,,18,0,0,1808.0,0.035604502532121454
elp_v6,elp,ELP Masterterminplan V6,2,brandschutzabschluesse / anschliessen / anschluesse,112,1596.0,5.0,14.25,15.0,550.0,1361.0,1102.0,14.0,2023-11-13,2027-08-04,0.0,0.683073832245103,0,0.0,,3,19,6,1991.0,0.06285568005041058
uh1,uh1,UH1 CS Master Schedule V6,53,abnahme / ort / kontrolle,172,1528.0,10.0,8.883720930232558,10.0,10.0,2321.0,334.0,12.0,2022-08-15,2028-12-21,0.06067769897557131,0.9747832939322301,0,0.0,,8,7,0,2538.0,0.03679533797288511
pred_bau07,pred_bau07,Roche pRED Bau 07,23,verkabelung / verschienung / funktionserhalt,101,1469.0,15.0,14.544554455445544,20.0,60.0,944.0,790.0,7.0,2020-10-01,2023-05-02,0.3392282958199357,0.8445873526259379,12,0.1188118811881188,,27,1,0,1866.0,0.017844778367609723
usb,usb,USB NBK2 Basel,63,bodenbelag / bodenplatte / bodenbelaege,78,1456.0,15.0,18.666666666666668,30.0,30.0,852.0,711.0,9.0,2027-02-18,2029-06-18,0.08573008849557522,0.5564159292035398,0,0.0,,18,0,0,1808.0,0.032198854463831576
uh1,uh1,UH1 CS Master Schedule V6,7,reinigung / oberhalb / obergeschosse,129,1427.0,10.0,11.062015503875969,10.0,99.0,2164.0,810.0,8.0,2022-05-12,2028-04-13,0.023246650906225373,0.8754925137903862,0,0.0,,8,7,5,2538.0,0.03436318539745226
usb,usb,USB NBK2 Basel,36,montage / zone / leuchten,166,1423.0,10.0,8.572289156626505,12.5,80.0,973.0,780.0,7.0,2026-11-24,2029-07-23,0.03816371681415929,0.5757743362831859,0,0.0,,20,0,0,1808.0,0.03146907273491231
elp_v6,elp,ELP Masterterminplan V6,36,montage / zone / leuchten,489,1408.0,2.0,2.8793456032719837,5.0,30.0,1088.0,454.0,23.0,2024-07-01,2027-06-23,0.11602209944751381,0.6619789050728278,0,0.0,,3,17,5,1991.0,0.05545162751314416
uh1,uh1,UH1 CS Master Schedule V6,34,vorbereiten / konzept / abgabe,62,1380.0,20.0,22.258064516129032,45.0,89.0,831.0,497.0,20.0,2022-05-23,2024-08-30,0.027580772261623327,0.3546099290780142,0,0.0,,0,0,3,2538.0,0.03323139162472608
pred_bau05,pred_bau05,Roche pRED Bau 05,8,stahlbau / dach / trassen,105,1360.0,10.0,12.952380952380953,15.0,269.0,1335.0,977.0,12.0,2019-08-05,2023-03-31,0.023138105567606652,0.987707881417209,4,0.0380952380952381,,10,3,0,1383.0,0.03951047681301521
uh1,uh1,UH1 CS Master Schedule V6,38,test / integrale / ibs,155,1306.0,10.0,8.425806451612903,10.0,20.0,2359.0,564.0,14.0,2022-06-24,2028-12-07,0.04018912529550828,0.9692671394799054,0,0.0,,8,7,0,2538.0,0.03144941845064657
burckhardt,burckhardt,Burckhardt Laborgebäude,8,stahlbau / dach / trassen,154,1290.0,5.0,8.376623376623376,15.0,30.0,596.0,548.0,11.0,2025-11-03,2027-06-21,0.3342013888888889,0.8506944444444444,0,0.0,,11,4,14,1152.0,0.1014709352631165
pred_bau04,pred_bau04,Roche pRED Bau 04,8,stahlbau / dach / trassen,89,1275.0,10.0,14.325842696629213,20.0,247.0,810.0,609.0,9.0,2020-09-21,2022-12-09,0.28205128205128205,0.8747252747252747,3,0.033707865168539325,,8,4,0,1365.0,0.04144791378833932
pred_bau07,pred_bau07,Roche pRED Bau 07,71,stromschiene / mediensaeulen / vorgezogene,79,1260.0,15.0,15.949367088607595,20.0,48.0,782.0,599.0,7.0,2021-02-08,2023-03-31,0.40889603429796356,0.827438370846731,42,0.5316455696202531,,25,0,0,1866.0,0.015305936516806161
pred_bau05,pred_bau05,Roche pRED Bau 05,43,modellbearbeitung / pendenzenbearbeitung / labormoebel,63,1260.0,20.0,20.0,20.0,55.0,357.0,348.0,17.0,2020-03-27,2021-03-18,0.19305856832971802,0.450469992769342,9,0.14285714285714285,,7,0,0,1383.0,0.03660529469441116
baeretower,baeretower,Zentrum Bären / BäreTower,8,stahlbau / dach / trassen,22,1215.0,12.5,55.22727272727273,118.20000000000005,415.0,996.0,916.0,5.0,2019-07-10,2022-03-31,0.0,0.9404536862003781,0,0.0,115.0,4,0,0,1058.0,0.08672995931187094
uh1,uh1,UH1 CS Master Schedule V6,39,montieren / aufmalen / equipment,72,1200.0,20.0,16.666666666666668,20.0,20.0,1278.0,376.0,11.0,2024-09-02,2028-03-02,0.3557919621749409,0.8589440504334122,0,0.0,,6,7,0,2538.0,0.028896862282370504
pred_bau07,pred_bau07,Roche pRED Bau 07,12,installation / rueckbauen / aufhaengung,113,1170.0,10.0,10.353982300884956,10.0,90.0,1059.0,750.0,7.0,2020-11-26,2023-10-20,0.3692390139335477,0.9362272240085745,2,0.017699115044247787,,26,1,0,1866.0,0.014212655337034292
uh1,uh1,UH1 CS Master Schedule V6,10,elektro / installation / feinmontage,128,1160.0,10.0,9.0625,10.0,66.0,1978.0,555.0,9.0,2023-05-01,2028-09-28,0.16272655634357763,0.9416863672182821,0,0.0,,8,7,1,2538.0,0.027933633539624823
pred_bau07,pred_bau07,Roche pRED Bau 07,14,fzag / treppenhaus / beauftragen,92,1156.0,11.0,12.565217391304348,20.0,20.0,865.0,500.0,9.0,2020-09-01,2023-01-13,0.32315112540192925,0.7861736334405145,1,0.010869565217391304,,24,0,0,1866.0,0.014042589375736447
pred_bau05,pred_bau05,Roche pRED Bau 05,9,fertigstellung / lbw / mauerwerk,63,1137.0,15.0,18.047619047619047,39.00000000000002,57.0,891.0,582.0,10.0,2020-05-27,2022-11-03,0.23716558206796817,0.8806941431670282,2,0.031746031746031744,,9,3,0,1383.0,0.033031920688528164
uh1,uh1,UH1 CS Master Schedule V6,35,lueftung / montage / monobloecke,131,1134.0,10.0,8.65648854961832,10.0,10.0,1822.0,509.0,8.0,2023-11-01,2028-10-26,0.23522458628841608,0.9527186761229315,0,0.0,,8,7,0,2538.0,0.027307534856840128
pred_bau07,pred_bau07,Roche pRED Bau 07,17,kabelzug / msr / lwl,46,1125.0,20.0,24.456521739130434,30.0,30.0,541.0,425.0,7.0,2021-07-19,2023-01-10,0.49517684887459806,0.7845659163987139,11,0.2391304347826087,,24,0,0,1866.0,0.013666014747148358
elp_v6,elp,ELP Masterterminplan V6,59,technik / raeumung / deckenelemente,72,1107.0,10.0,15.375,20.0,91.0,1105.0,543.0,14.0,2024-08-08,2027-08-17,0.13510798593671522,0.6896032144650929,1,0.013888888888888888,,3,22,5,1991.0,0.04359726680188252
pred_bau05,pred_bau05,Roche pRED Bau 05,76,lieferung / montage / isp,49,1067.0,20.0,21.775510204081634,30.0,100.0,702.0,406.0,12.0,2020-06-11,2022-05-13,0.2480115690527838,0.754880694143167,4,0.08163265306122448,,7,0,0,1383.0,0.03099829320550532
uh1,uh1,UH1 CS Master Schedule V6,62,fassadengeruest / abbau / aufbau,103,1034.0,10.0,10.03883495145631,10.0,30.0,1576.0,760.0,4.0,2024-09-20,2029-01-12,0.3628841607565012,0.983451536643026,0,0.0,,9,7,4,2538.0,0.02489946299997592
pred_bau07,pred_bau07,Roche pRED Bau 07,74,verlegen / parkett / naturstein,103,1030.0,10.0,10.0,15.0,15.0,548.0,426.0,10.0,2021-10-11,2023-04-11,0.5401929260450161,0.8333333333333334,29,0.2815533980582524,,24,0,0,1866.0,0.01251199572405583
dc30,dc30,DC30 Rechenzentrum,3,malerarbeiten / finish / decke,131,1021.0,5.0,7.793893129770993,11.0,46.0,407.0,367.0,24.0,2026-03-09,2027-04-19,0.01639344262295082,0.9672131147540983,0,0.0,,6,11,0,427.0,0.02816784837365851
elp_v6,elp,ELP Masterterminplan V6,17,kabelzug / msr / lwl,77,1011.0,15.0,13.12987012987013,20.0,30.0,1088.0,356.0,16.0,2024-07-15,2027-07-07,0.12305374183827222,0.6690105474635861,0,0.0,,3,18,1,1991.0,0.03981647401689542
elp_v7,elp,ELP Masterterminplan V7,36,montage / zone / leuchten,64,1000.0,3.0,15.625,50.0,148.0,462.0,447.0,10.0,2026-04-23,2027-07-28,0.501123595505618,0.7601123595505618,0,0.0,,3,11,4,1780.0,0.1208313194780087
pred_bau07,pred_bau07,Roche pRED Bau 07,19,decke / verbundstuetzen / betonstuetzen,128,992.0,9.0,7.75,10.0,14.0,1044.0,782.0,5.0,2020-04-03,2023-02-10,0.2422293676312969,0.8011789924973205,31,0.2421875,,29,0,0,1866.0,0.01205038811481882
elp_v6,elp,ELP Masterterminplan V6,1,leitungen / haupt / vorbereitung,272,991.0,3.0,3.6433823529411766,5.0,29.0,1090.0,384.0,17.0,2024-06-17,2027-06-11,0.1089904570567554,0.6559517830236062,0,0.0,,3,19,6,1991.0,0.03902880885335644
baeretower,baeretower,Zentrum Bären / BäreTower,9,fertigstellung / lbw / mauerwerk,109,984.0,10.0,9.027522935779816,12.0,35.0,588.0,422.0,13.0,2020-06-16,2022-01-24,0.32325141776937616,0.8780718336483931,0,0.0,4180.0,31,0,0,1058.0,0.07024055964023128
uh1,uh1,UH1 CS Master Schedule V6,4,unterlagsboden / betonieren / ergaenzen,101,979.0,10.0,9.693069306930694,10.0,50.0,2128.0,823.0,4.0,2022-09-09,2028-07-06,0.07052797478329394,0.9085894405043341,0,0.0,,11,7,6,2538.0,0.023575023478700604
uh1,uh1,UH1 CS Master Schedule V6,30,boden / zimmermann / nebenraeume,70,963.0,10.0,13.757142857142858,20.0,41.0,2079.0,386.0,13.0,2022-08-05,2028-04-13,0.05673758865248227,0.8754925137903862,0,0.0,,12,7,4,2538.0,0.023189731981602332
pred_bau05,pred_bau05,Roche pRED Bau 05,33,beleuchtung / feinmontage / einbau komponenten,76,958.0,10.0,12.605263157894736,20.0,50.0,564.0,388.0,12.0,2021-09-21,2023-04-07,0.5856832971800434,0.9927693420101229,10,0.13157894736842105,,10,3,0,1383.0,0.027831644696226895
pred_bau04,pred_bau04,Roche pRED Bau 04,9,fertigstellung / lbw / mauerwerk,57,952.0,15.0,16.70175438596491,20.0,141.0,1134.0,615.0,7.0,2020-04-21,2023-05-29,0.16996336996336997,1.0,10,0.17543859649122806,,7,4,0,1365.0,0.030947775628626693
baeretower,baeretower,Zentrum Bären / BäreTower,45,schreinerarbeiten / restarbeiten / abdichtungsarbeiten,48,951.0,18.0,19.8125,22.10000000000003,117.0,469.0,435.0,6.0,2020-06-03,2021-09-14,0.31096408317580343,0.7533081285444234,0,0.0,,3,0,0,1058.0,0.06788493111571132
usb,usb,USB NBK2 Basel,29,einbringung / aufstellung / montage,54,948.0,10.0,17.555555555555557,20.0,172.0,1800.0,750.0,6.0,2026-09-25,2031-08-29,0.00497787610619469,1.0,0,0.0,,20,0,1,1808.0,0.020964638758044184
pred_bau04,pred_bau04,Roche pRED Bau 04,33,beleuchtung / feinmontage / einbau komponenten,69,946.0,10.0,13.710144927536232,20.0,82.0,590.0,424.0,18.0,2021-05-27,2023-01-06,0.46373626373626375,0.8952380952380953,28,0.4057971014492754,,8,3,0,1365.0,0.030752726622563918
pred_bau04,pred_bau04,Roche pRED Bau 04,6,schliessen / waende / schotts,91,941.0,9.0,10.340659340659341,20.0,103.5,842.0,432.0,11.0,2020-02-20,2022-06-10,0.12527472527472527,0.7413919413919414,7,0.07692307692307693,,8,3,0,1365.0,0.030590185784178273
usb,usb,USB NBK2 Basel,11,ulk / endmontage / nshv,96,940.0,10.0,9.791666666666666,15.0,15.0,716.0,382.0,8.0,2027-09-01,2029-08-16,0.19358407079646017,0.5890486725663717,0,0.0,,17,0,0,1808.0,0.02078772197527588
dc30,dc30,DC30 Rechenzentrum,2,brandschutzabschluesse / anschliessen / anschluesse,99,939.0,5.0,9.484848484848484,20.0,31.0,224.0,213.0,13.0,2026-09-15,2027-04-26,0.4613583138173302,0.9836065573770492,0,0.0,,6,14,0,427.0,0.025905592186939608
dc30,dc30,DC30 Rechenzentrum,37,installieren / einmessen / wandverkleidung,72,935.0,13.5,12.98611111111111,15.0,26.0,275.0,275.0,11.0,2026-05-13,2027-02-11,0.1686182669789227,0.810304449648712,19,0.2638888888888889,,3,4,0,427.0,0.025795238226611856
pred_bau04,pred_bau04,Roche pRED Bau 04,40,onboarding / garderobenschraenke / elektrische schiebetueren,28,923.0,23.5,32.964285714285715,60.0,80.0,721.0,645.0,5.0,2019-11-29,2021-11-18,0.06446886446886448,0.591941391941392,1,0.03571428571428571,,6,0,0,1365.0,0.030005038765989953
uh1,uh1,UH1 CS Master Schedule V6,9,fertigstellung / lbw / mauerwerk,113,907.0,10.0,8.026548672566372,10.0,23.0,2282.0,753.0,3.0,2022-06-17,2028-09-14,0.03743104806934594,0.9361702127659575,0,0.0,,9,7,5,2538.0,0.021841211741758373
pred_bau04,pred_bau04,Roche pRED Bau 04,43,modellbearbeitung / pendenzenbearbeitung / labormoebel,48,902.0,20.0,18.791666666666668,20.0,30.0,379.0,317.0,13.0,2020-03-13,2021-03-26,0.1413919413919414,0.4183150183150183,0,0.0,,7,0,0,1365.0,0.029322367244770248
pred_bau05,pred_bau05,Roche pRED Bau 05,6,schliessen / waende / schotts,111,900.0,5.0,8.108108108108109,10.0,126.0,798.0,437.0,11.0,2020-04-22,2022-06-28,0.2118582791033984,0.7881417208966016,4,0.036036036036036036,,10,6,0,1383.0,0.02614663906743654
pred_bau05,pred_bau05,Roche pRED Bau 05,21,dichtheitspruefung / medienversorgung / ende,142,881.0,5.0,6.204225352112676,5.0,97.0,513.0,295.0,10.0,2021-01-21,2022-06-17,0.40997830802603036,0.7801879971077368,1,0.007042253521126761,,10,4,0,1383.0,0.025594654464901768
dc30,dc30,DC30 Rechenzentrum,71,stromschiene / mediensaeulen / vorgezogene,84,878.0,10.0,10.452380952380953,15.0,65.0,298.0,298.0,15.0,2026-04-27,2027-02-18,0.13114754098360656,0.8266978922716628,0,0.0,,4,7,0,427.0,0.0242226942919414
pred_bau07,pred_bau07,Roche pRED Bau 07,10,elektro / installation / feinmontage,85,877.0,10.0,10.31764705882353,13.000000000000043,42.0,974.0,408.0,8.0,2021-02-26,2023-10-27,0.41854233654876744,0.939978563772776,0,0.0,,25,2,0,1866.0,0.010653417718443654
pred_bau04,pred_bau04,Roche pRED Bau 04,26,kaelte / gewerbliche / kuehlzellen,39,871.0,20.0,22.333333333333332,32.00000000000003,70.0,401.0,356.0,7.0,2020-06-04,2021-07-09,0.2021978021978022,0.49523809523809526,0,0.0,,5,1,0,1365.0,0.028314614046779252
elp_v6,elp,ELP Masterterminplan V6,56,sprinkler / spriessfrei / gruppe,15,850.0,60.0,56.666666666666664,120.0,120.0,1188.0,697.0,5.0,2023-11-13,2027-02-12,0.0,0.5961828227021597,0,0.0,,2,9,2,1991.0,0.03347576945040663
elp_v7,elp,ELP Masterterminplan V7,9,fertigstellung / lbw / mauerwerk,15,847.0,12.0,56.46666666666667,66.6,550.0,1436.0,885.0,3.0,2023-11-13,2027-10-18,0.0,0.8061797752808989,0,0.0,,4,7,1,1780.0,0.10234412759787337
uh1,uh1,UH1 CS Master Schedule V6,57,abbruch / achse / betonwaende,83,844.0,10.0,10.168674698795181,10.0,120.0,1473.0,444.0,6.0,2024-02-20,2028-03-02,0.2789598108747045,0.8589440504334122,0,0.0,,8,7,4,2538.0,0.020324126471933924
pred_bau07,pred_bau07,Roche pRED Bau 07,39,montieren / aufmalen / equipment,89,840.0,10.0,9.438202247191011,15.0,30.0,701.0,502.0,6.0,2021-09-27,2023-08-28,0.5326902465166131,0.9078242229367631,7,0.07865168539325842,,27,1,0,1866.0,0.010203957677870775
pred_bau04,pred_bau04,Roche pRED Bau 04,76,lieferung / montage / isp,40,840.0,20.0,21.0,30.0,82.0,658.0,231.0,15.0,2020-07-31,2022-05-19,0.24395604395604395,0.7252747252747253,0,0.0,,7,1,0,1365.0,0.027306860848788257
dc30,dc30,DC30 Rechenzentrum,46,anschluss / schaltschraenke / feldgeraete,81,838.0,10.0,10.345679012345679,10.0,51.0,389.0,224.0,11.0,2026-03-02,2027-03-25,0.0,0.9086651053864169,0,0.0,,6,11,0,427.0,0.02311915468866389
pred_bau07,pred_bau07,Roche pRED Bau 07,36,montage / zone / leuchten,81,835.0,10.0,10.308641975308642,15.0,30.0,912.0,558.0,5.0,2020-11-02,2023-05-02,0.35637727759914256,0.8445873526259379,2,0.024691358024691357,,26,0,0,1866.0,0.010143219834550115
pred_bau07,pred_bau07,Roche pRED Bau 07,55,uebergabe / off / kick,20,830.0,40.0,41.5,60.0,80.0,1689.0,747.0,5.0,2019-07-04,2024-02-16,0.09539121114683816,1.0,13,0.65,,5,0,0,1866.0,0.010082481991229455
dc30,dc30,DC30 Rechenzentrum,68,beschichtung / epoxy / raeume,138,822.0,5.0,5.956521739130435,5.0,59.0,332.0,329.0,11.0,2026-04-07,2027-03-04,0.08430913348946135,0.8594847775175644,1,0.007246376811594203,,5,12,0,427.0,0.022677738847352885
pred_bau07,pred_bau07,Roche pRED Bau 07,75,prov / bodenaufbau / baulift,25,820.0,15.0,32.8,104.0000000000002,160.0,602.0,490.0,5.0,2020-10-14,2022-06-07,0.3461950696677385,0.6682743837084673,0,0.0,,9,2,0,1866.0,0.009961006304588137
elp_v6,elp,ELP Masterterminplan V6,38,test / integrale / ibs,77,812.0,6.0,10.545454545454545,15.0,65.0,527.0,369.0,12.0,2026-04-08,2027-09-16,0.4404821697639377,0.7046710195881467,9,0.11688311688311688,,3,13,4,1991.0,0.031979205639682574
elp_v6,elp,ELP Masterterminplan V6,57,abbruch / achse / betonwaende,60,812.0,10.0,13.533333333333333,20.0,120.0,869.0,449.0,7.0,2024-01-22,2026-06-08,0.03515821195379206,0.47112004018081366,0,0.0,,4,23,6,1991.0,0.031979205639682574
pred_bau04,pred_bau04,Roche pRED Bau 04,21,dichtheitspruefung / medienversorgung / ende,97,801.0,5.0,8.257731958762887,7.000000000000028,132.0,667.0,334.0,13.0,2021-01-13,2022-11-10,0.36556776556776555,0.8534798534798534,0,0.0,,8,6,0,1365.0,0.02603904230938023
pred_bau07,pred_bau07,Roche pRED Bau 07,42,treppen / ausgleichsschicht / stahleinlagen,75,786.0,11.0,10.48,13.0,26.0,539.0,537.0,4.0,2020-02-21,2021-08-12,0.21972132904608788,0.5080385852090032,0,0.0,,28,0,0,1866.0,0.009547988970007653
usb,usb,USB NBK2 Basel,65,decken / waende / streichen,52,780.0,15.0,15.0,20.0,20.0,764.0,630.0,4.0,2027-06-14,2029-07-16,0.14988938053097345,0.5719026548672567,0,0.0,,16,0,0,1808.0,0.01724938631990977
pred_bau05,pred_bau05,Roche pRED Bau 05,12,installation / rueckbauen / aufhaengung,60,773.75,10.0,12.895833333333334,20.0,75.0,744.0,435.0,5.0,2020-11-12,2022-11-25,0.35936370209689084,0.8966015907447578,3,0.05,,8,3,0,1383.0,0.022478846642698915
uh1,uh1,UH1 CS Master Schedule V6,36,montage / zone / leuchten,86,764.0,10.0,8.883720930232558,10.0,10.0,1562.0,581.0,3.0,2024-05-09,2028-08-17,0.31008668242710796,0.9251379038613081,0,0.0,,8,7,4,2538.0,0.018397668986442555
pred_bau07,pred_bau07,Roche pRED Bau 07,2,brandschutzabschluesse / anschliessen / anschluesse,90,759.0,5.0,8.433333333333334,20.10000000000001,30.0,861.0,519.0,6.0,2020-10-28,2023-03-07,0.3536977491961415,0.8145766345123259,20,0.2222222222222222,,24,0,0,1866.0,0.009220004616076092
elp_v7,elp,ELP Masterterminplan V7,2,brandschutzabschluesse / anschliessen / anschluesse,28,755.0,5.0,26.964285714285715,11.500000000000004,550.0,1424.0,948.0,8.0,2023-11-13,2027-10-06,0.0,0.799438202247191,0,0.0,,3,11,5,1780.0,0.09122764620589657
elp_v7,elp,ELP Masterterminplan V7,8,stahlbau / dach / trassen,51,729.0,5.0,14.294117647058824,20.0,150.0,1438.0,462.0,7.0,2023-11-13,2027-10-20,0.0,0.8073033707865168,0,0.0,,4,14,4,1780.0,0.08808603189946834
uh1,uh1,UH1 CS Master Schedule V6,19,decke / verbundstuetzen / betonstuetzen,82,724.0,10.0,8.829268292682928,10.0,10.0,1285.0,366.0,6.0,2024-10-21,2028-04-27,0.3750985027580772,0.8810086682427108,0,0.0,,8,7,4,2538.0,0.01743444024369687
uh1,uh1,UH1 CS Master Schedule V6,65,decken / waende / streichen,82,724.0,10.0,8.829268292682928,10.0,10.0,1360.0,499.0,5.0,2025-01-08,2028-09-28,0.40622537431048067,0.9416863672182821,0,0.0,,8,7,0,2538.0,0.01743444024369687
uh1,uh1,UH1 CS Master Schedule V6,54,einbauen / doppelboden / schreiner,82,724.0,10.0,8.829268292682928,10.0,10.0,1334.0,420.0,6.0,2024-12-09,2028-08-03,0.39440504334121357,0.9196217494089834,0,0.0,,8,7,2,2538.0,0.01743444024369687
uh1,uh1,UH1 CS Master Schedule V6,79,sanitaer / halterung / montage,82,724.0,10.0,8.829268292682928,10.0,10.0,1365.0,522.0,5.0,2024-11-08,2028-08-03,0.3821907013396375,0.9196217494089834,0,0.0,,8,7,4,2538.0,0.01743444024369687
pred_bau05,pred_bau05,Roche pRED Bau 05,23,verkabelung / verschienung / funktionserhalt,41,720.0,10.0,17.5609756097561,30.0,45.0,778.0,342.0,9.0,2020-10-09,2022-11-25,0.3347794649313087,0.8966015907447578,0,0.0,,10,2,0,1383.0,0.02091731125394923
pred_bau05,pred_bau05,Roche pRED Bau 05,37,installieren / einmessen / wandverkleidung,59,717.0,10.0,12.152542372881356,30.0,48.0,693.0,279.0,12.0,2021-01-07,2022-11-30,0.39985538684020244,0.9002169197396963,14,0.23728813559322035,,8,3,0,1383.0,0.02083015579039111
usb,usb,USB NBK2 Basel,31,einbringen / aufstellen / anbringen,62,713.0,10.0,11.5,20.0,30.0,701.0,505.0,6.0,2026-12-22,2028-11-21,0.053650442477876106,0.44081858407079644,0,0.0,,19,0,0,1808.0,0.015767708264225216
baeretower,baeretower,Zentrum Bären / BäreTower,19,decke / verbundstuetzen / betonstuetzen,87,712.0,7.0,8.183908045977011,10.0,146.0,863.0,687.0,5.0,2019-08-08,2021-12-17,0.027410207939508508,0.8421550094517959,0,0.0,10183.0,35,0,0,1058.0,0.050824469983581984
burckhardt,burckhardt,Burckhardt Laborgebäude,17,kabelzug / msr / lwl,21,710.0,35.0,33.80952380952381,40.0,60.0,369.0,369.0,6.0,2026-02-02,2027-02-05,0.4131944444444444,0.7326388888888888,0,0.0,,11,2,2,1152.0,0.0558483442145835
pred_bau05,pred_bau05,Roche pRED Bau 05,46,anschluss / schaltschraenke / feldgeraete,31,704.0,20.0,22.70967741935484,30.0,100.0,516.0,437.0,8.0,2021-05-10,2022-10-07,0.48879248011569054,0.8611713665943601,9,0.2903225806451613,,8,1,0,1383.0,0.02045248211497258
pred_bau07,pred_bau07,Roche pRED Bau 07,70,lift / shift / climb,25,701.0,26.0,28.04,55.0,104.0,681.0,643.0,3.0,2020-10-26,2022-09-06,0.35262593783494106,0.7170418006430869,0,0.0,,0,0,0,1866.0,0.008515445633556443
burckhardt,burckhardt,Burckhardt Laborgebäude,1,leitungen / haupt / vorbereitung,60,700.0,10.0,11.666666666666666,20.0,20.0,589.0,335.0,6.0,2025-11-24,2027-07-05,0.3524305555555556,0.8628472222222222,0,0.0,,11,4,5,1152.0,0.055061747817195
pred_bau04,pred_bau04,Roche pRED Bau 04,12,installation / rueckbauen / aufhaengung,60,692.0,9.5,11.533333333333333,25.500000000000007,50.0,697.0,434.0,7.0,2020-07-27,2022-06-23,0.24102564102564103,0.7509157509157509,2,0.03333333333333333,,6,4,0,1365.0,0.022495652032573185
baeretower,baeretower,Zentrum Bären / BäreTower,1,leitungen / haupt / vorbereitung,26,690.0,10.0,26.53846153846154,80.0,145.0,820.0,479.0,5.0,2019-11-18,2022-02-14,0.12381852551984877,0.8979206049149339,0,0.0,,2,0,0,1058.0,0.04925405096723535
usb,usb,USB NBK2 Basel,2,brandschutzabschluesse / anschliessen / anschluesse,61,676.0,10.0,11.081967213114755,15.0,20.0,592.0,420.0,7.0,2027-01-05,2028-08-18,0.06139380530973451,0.38827433628318586,0,0.0,,4,0,0,1808.0,0.014949468143921802
dc30,dc30,DC30 Rechenzentrum,30,boden / zimmermann / nebenraeume,113,663.0,5.0,5.867256637168142,5.0,16.0,220.0,206.0,11.0,2026-07-28,2027-03-04,0.34660421545667447,0.8594847775175644,0,0.0,,4,6,0,427.0,0.018291168924324773
dc30,dc30,DC30 Rechenzentrum,33,beleuchtung / feinmontage / einbau komponenten,117,660.0,5.0,5.641025641025641,6.0,22.0,365.0,305.0,7.0,2026-04-13,2027-04-12,0.09836065573770492,0.9508196721311475,0,0.0,,6,13,0,427.0,0.01820840345407896
burckhardt,burckhardt,Burckhardt Laborgebäude,11,ulk / endmontage / nshv,50,655.0,10.0,13.1,20.0,30.0,495.0,480.0,5.0,2026-01-19,2027-05-28,0.4010416666666667,0.8298611111111112,0,0.0,,11,3,2,1152.0,0.05152206402894675
pred_bau04,pred_bau04,Roche pRED Bau 04,23,verkabelung / verschienung / funktionserhalt,33,650.0,15.0,19.696969696969695,29.000000000000004,110.0,779.0,308.0,10.0,2020-10-29,2022-12-16,0.3098901098901099,0.8798534798534798,0,0.0,,8,4,0,1365.0,0.02113030899013377
dc30,dc30,DC30 Rechenzentrum,44,rlt / kanaele / bsk,73,646.0,10.0,8.849315068493151,11.0,15.0,208.0,164.0,17.0,2026-03-16,2026-10-09,0.03278688524590164,0.5175644028103045,0,0.0,,5,4,0,427.0,0.01782216459293183
pred_bau05,pred_bau05,Roche pRED Bau 05,44,rlt / kanaele / bsk,14,634.0,15.0,45.285714285714285,138.50000000000003,173.0,450.0,379.0,5.0,2020-12-03,2022-02-25,0.3745480838756327,0.6992046276211136,0,0.0,,7,2,0,1383.0,0.01841885463194974
burckhardt,burckhardt,Burckhardt Laborgebäude,6,schliessen / waende / schotts,62,625.0,10.0,10.080645161290322,15.0,15.0,705.0,441.0,4.0,2025-03-31,2027-03-05,0.14583333333333334,0.7569444444444444,0,0.0,,11,3,3,1152.0,0.04916227483678125
pred_bau05,pred_bau05,Roche pRED Bau 05,15,daemmung / hauptleitungen / terrasse,79,587.0,5.0,7.430379746835443,10.0,20.0,506.0,249.0,10.0,2021-01-28,2022-06-17,0.4150397686189443,0.7801879971077368,1,0.012658227848101266,,9,4,0,1383.0,0.017053419036205834
elp_v6,elp,ELP Masterterminplan V6,11,ulk / endmontage / nshv,108,584.0,5.0,5.407407407407407,10.0,20.0,1045.0,281.0,12.0,2024-07-08,2027-05-18,0.11953792064289302,0.6438975389251632,0,0.0,,3,19,4,1991.0,0.022999822775338203
usb,usb,USB NBK2 Basel,45,schreinerarbeiten / restarbeiten / abdichtungsarbeiten,36,580.0,10.0,16.11111111111111,30.0,30.0,619.0,459.0,4.0,2027-12-21,2029-08-30,0.2549778761061947,0.5967920353982301,0,0.0,,16,0,0,1808.0,0.01282646675070214
usb,usb,USB NBK2 Basel,77,etappe / spundwaende / ziehen,91,577.0,3.0,6.34065934065934,15.0,30.0,709.0,425.0,6.0,2026-09-21,2028-08-29,0.0027654867256637168,0.39435840707964603,0,0.0,,6,0,0,1808.0,0.012760122957164024
pred_bau07,pred_bau07,Roche pRED Bau 07,20,cns / verkleidung / seite,70,571.0,10.0,8.157142857142857,10.0,10.0,561.0,401.0,5.0,2021-07-27,2023-02-07,0.4994640943193998,0.7995712754555199,6,0.08571428571428572,,24,0,0,1866.0,0.0069362617072193005
elp_v6,elp,ELP Masterterminplan V6,45,schreinerarbeiten / restarbeiten / abdichtungsarbeiten,24,569.0,10.0,23.708333333333332,43.999999999999986,180.0,690.0,451.0,5.0,2025-03-03,2027-01-21,0.23907584128578604,0.5851330989452537,0,0.0,,3,12,5,1991.0,0.022409073902683967
uh1,uh1,UH1 CS Master Schedule V6,24,blitzschutz / brandschott / brandschutzdecke,56,567.0,10.0,10.125,10.0,50.0,2230.0,469.0,3.0,2022-06-13,2028-07-20,0.035855003940110326,0.9141055949566588,0,0.0,,9,7,1,2538.0,0.013653767428420064
dc30,dc30,DC30 Rechenzentrum,11,ulk / endmontage / nshv,67,564.0,10.0,8.417910447761194,10.0,49.0,375.0,345.0,8.0,2026-03-16,2027-03-25,0.03278688524590164,0.9086651053864169,0,0.0,,6,13,0,427.0,0.015559908406212929
uh1,uh1,UH1 CS Master Schedule V6,0,tueren / einhaengen / montage,28,560.0,20.0,20.0,20.0,20.0,1184.0,163.0,11.0,2025-01-30,2028-04-27,0.4148936170212766,0.8810086682427108,0,0.0,,6,7,0,2538.0,0.01348520239843957
elp_v6,elp,ELP Masterterminplan V6,66,feldgeraete / beschriftung / hauptkanaele,223,557.0,2.0,2.497757847533632,5.0,15.0,1065.0,227.0,14.0,2024-07-15,2027-06-14,0.12305374183827222,0.6574585635359116,0,0.0,,3,19,3,1991.0,0.021936474804560582
baeretower,baeretower,Zentrum Bären / BäreTower,41,stuetzen / loggia / versetzen,251,556.0,2.0,2.2151394422310755,3.0,10.0,406.0,278.0,7.0,2020-10-22,2021-12-01,0.444234404536862,0.8270321361058601,0,0.0,1724.0,29,0,0,1058.0,0.03968877150403312
elp_v6,elp,ELP Masterterminplan V6,48,mock / metall / deckensegel,39,555.0,5.0,14.23076923076923,50.0,80.0,845.0,364.0,6.0,2025-05-02,2027-08-24,0.2692114515318935,0.6931190356604722,1,0.02564102564102564,,3,12,0,1991.0,0.021857708288206684
elp_v6,elp,ELP Masterterminplan V6,46,anschluss / schaltschraenke / feldgeraete,70,555.0,5.0,7.928571428571429,20.0,20.0,1256.0,222.0,13.0,2024-02-12,2027-07-21,0.045705675539929685,0.6760421898543445,0,0.0,,4,11,4,1991.0,0.021857708288206684
pred_bau07,pred_bau07,Roche pRED Bau 07,77,etappe / spundwaende / ziehen,9,547.0,73.0,60.77777777777778,105.4,111.0,703.0,353.0,3.0,2020-05-18,2022-04-20,0.26634512325830656,0.642550911039657,0,0.0,,2,0,0,1866.0,0.006644720059280135
uh1,uh1,UH1 CS Master Schedule V6,14,fzag / treppenhaus / beauftragen,33,546.0,10.0,16.545454545454547,42.400000000000006,70.0,1332.0,377.0,8.0,2022-04-18,2025-12-09,0.013790386130811664,0.5382190701339638,0,0.0,,0,0,3,2538.0,0.01314807233847858
pred_bau04,pred_bau04,Roche pRED Bau 04,66,feldgeraete / beschriftung / hauptkanaele,14,546.0,25.0,39.0,73.30000000000003,178.0,269.0,269.0,8.0,2021-01-06,2021-10-01,0.36043956043956044,0.5567765567765568,0,0.0,,5,4,0,1365.0,0.01774945955171237
elp_v6,elp,ELP Masterterminplan V6,58,erstellen / konzept / ausschreibung,48,535.0,10.0,11.145833333333334,24.300000000000004,54.0,789.0,567.0,9.0,2025-05-15,2027-07-12,0.27574083375188346,0.6715218483174284,0,0.0,,3,20,5,1991.0,0.021070043124667703
dc30,dc30,DC30 Rechenzentrum,76,lieferung / montage / isp,91,531.0,5.0,5.835164835164835,6.0,16.0,340.0,221.0,10.0,2026-05-15,2027-04-19,0.17330210772833723,0.9672131147540983,0,0.0,,6,13,0,427.0,0.01464948823350898
dc30,dc30,DC30 Rechenzentrum,0,tueren / einhaengen / montage,57,526.0,10.0,9.228070175438596,12.0,21.0,211.0,201.0,7.0,2026-09-07,2027-04-05,0.4426229508196721,0.9344262295081968,0,0.0,,6,8,0,427.0,0.014511545783099291
pred_bau07,pred_bau07,Roche pRED Bau 07,69,fertigstellen / trockenbauwaende / glaswaende,62,525.0,10.0,8.46774193548387,10.0,10.0,541.0,386.0,4.0,2021-10-04,2023-03-28,0.5364415862808146,0.8258306538049304,41,0.6612903225806451,,24,0,0,1866.0,0.006377473548669234
elp_v6,elp,ELP Masterterminplan V6,63,bodenbelag / bodenplatte / bodenbelaege,35,524.0,10.0,14.971428571428572,38.00000000000004,60.0,1005.0,434.0,5.0,2024-04-15,2027-01-14,0.07734806629834254,0.5816172777498745,1,0.02857142857142857,,4,15,1,1991.0,0.020636827284721264
pred_bau05,pred_bau05,Roche pRED Bau 05,19,decke / verbundstuetzen / betonstuetzen,68,522.0,7.0,7.676470588235294,10.0,25.0,940.0,474.0,4.0,2019-12-19,2022-07-15,0.12147505422993492,0.8004338394793926,16,0.23529411764705882,,9,3,0,1383.0,0.015165050659113194
pred_bau05,pred_bau05,Roche pRED Bau 05,55,uebergabe / off / kick,11,520.0,40.0,47.27272727272727,60.0,80.0,462.0,358.0,6.0,2019-12-06,2021-03-11,0.11207519884309472,0.44540853217642806,1,0.09090909090909091,,3,0,0,1383.0,0.015106947016741113
elp_v6,elp,ELP Masterterminplan V6,19,decke / verbundstuetzen / betonstuetzen,65,516.0,5.0,7.938461538461539,12.0,30.0,912.0,444.0,6.0,2024-05-14,2026-11-11,0.09191361125062783,0.5494726268206931,0,0.0,,4,32,2,1991.0,0.02032176121930567
elp_v7,elp,ELP Masterterminplan V7,19,decke / verbundstuetzen / betonstuetzen,53,515.0,10.0,9.716981132075471,12.0,15.0,1290.0,513.0,6.0,2023-11-13,2027-05-25,0.0,0.7241573033707865,0,0.0,,3,36,1,1780.0,0.06222812953117448
usb,usb,USB NBK2 Basel,23,verkabelung / verschienung / funktionserhalt,34,510.0,15.0,15.0,20.0,20.0,492.0,179.0,9.0,2028-06-21,2029-10-25,0.3561946902654867,0.6277654867256637,0,0.0,,17,0,0,1808.0,0.011278444901479466
pred_bau04,pred_bau04,Roche pRED Bau 04,46,anschluss / schaltschraenke / feldgeraete,19,510.0,20.0,26.842105263157894,37.199999999999974,90.0,562.0,418.0,7.0,2021-02-24,2022-09-08,0.3963369963369963,0.8073260073260073,3,0.15789473684210525,,6,1,0,1365.0,0.01657916551533573
pred_bau04,pred_bau04,Roche pRED Bau 04,44,rlt / kanaele / bsk,13,509.0,20.0,39.15384615384615,113.60000000000007,157.0,512.0,399.0,4.0,2020-12-18,2022-05-13,0.3465201465201465,0.7208791208791209,2,0.15384615384615385,,6,3,0,1365.0,0.0165466573476586
baeretower,baeretower,Zentrum Bären / BäreTower,6,schliessen / waende / schotts,77,509.0,6.0,6.6103896103896105,7.0,15.0,506.0,312.0,10.0,2020-06-15,2021-11-02,0.3223062381852552,0.7996219281663516,0,0.0,3060.0,31,0,0,1058.0,0.03633378542365622
pred_bau07,pred_bau07,Roche pRED Bau 07,58,erstellen / konzept / ausschreibung,52,509.0,7.5,9.788461538461538,15.0,15.0,788.0,414.0,4.0,2021-02-26,2023-04-24,0.41854233654876744,0.8403001071811361,2,0.038461538461538464,,24,0,0,1866.0,0.006183112450043124
pred_bau04,pred_bau04,Roche pRED Bau 04,78,innere / spezialverglasungen / buero,48,505.0,10.0,10.520833333333334,20.0,30.0,780.0,336.0,7.0,2020-09-16,2022-11-04,0.2783882783882784,0.8490842490842491,12,0.25,,5,3,0,1365.0,0.016416624676950084
elp_v6,elp,ELP Masterterminplan V6,10,elektro / installation / feinmontage,142,502.0,5.0,3.535211267605634,5.0,20.0,1061.0,255.0,14.0,2024-08-12,2027-07-08,0.13711702661978906,0.6695128076343546,3,0.02112676056338028,,3,19,2,1991.0,0.01977039560482839
uh1,uh1,UH1 CS Master Schedule V6,41,stuetzen / loggia / versetzen,51,486.0,10.0,9.529411764705882,10.0,42.0,2136.0,467.0,3.0,2022-08-04,2028-06-08,0.05634357762017336,0.8975571315996848,0,0.0,,8,7,2,2538.0,0.011703229224360056
pred_bau05,pred_bau05,Roche pRED Bau 05,65,decken / waende / streichen,39,485.0,10.0,12.435897435897436,20.0,20.0,773.0,223.0,6.0,2020-09-30,2022-11-11,0.32827187274041936,0.8864786695589298,3,0.07692307692307693,,9,3,0,1383.0,0.014090133275229691
pred_bau07,pred_bau07,Roche pRED Bau 07,29,einbringung / aufstellung / montage,29,485.0,15.0,16.724137931034484,20.999999999999996,40.0,1067.0,514.0,3.0,2020-11-11,2023-10-13,0.3612004287245445,0.932475884244373,0,0.0,,22,0,0,1866.0,0.005891570802103959
pred_bau04,pred_bau04,Roche pRED Bau 04,15,daemmung / hauptleitungen / terrasse,55,479.5,10.0,8.718181818181819,13.800000000000004,29.5,548.0,255.0,8.0,2021-01-20,2022-07-21,0.3706959706959707,0.7714285714285715,1,0.01818181818181818,,7,6,0,1365.0,0.015587666401183297
elp_v6,elp,ELP Masterterminplan V6,79,sanitaer / halterung / montage,132,474.0,2.0,3.590909090909091,5.0,15.0,1088.0,224.0,14.0,2024-07-22,2027-07-14,0.12656956303365144,0.6725263686589653,0,0.0,,3,18,1,1991.0,0.018667664375873815
pred_bau04,pred_bau04,Roche pRED Bau 04,19,decke / verbundstuetzen / betonstuetzen,60,471.0,9.0,7.85,10.0,15.0,1131.0,341.0,5.0,2019-09-02,2022-10-06,0.0,0.8278388278388278,7,0.11666666666666667,,7,4,0,1365.0,0.015311346975927701
uh1,uh1,UH1 CS Master Schedule V6,60,rueckbau / kofferblech / tragender,58,468.0,10.0,8.068965517241379,10.0,10.0,2242.0,363.0,3.0,2022-11-02,2028-12-21,0.09180457052797478,0.9747832939322301,0,0.0,,8,7,4,2538.0,0.011269776290124498
pred_bau05,pred_bau05,Roche pRED Bau 05,74,verlegen / parkett / naturstein,36,453.0,14.0,12.583333333333334,15.0,15.0,376.0,219.0,8.0,2021-08-09,2022-08-19,0.5545914678235719,0.8257411424439624,15,0.4166666666666667,,7,2,0,1383.0,0.013160474997276392
uh1,uh1,UH1 CS Master Schedule V6,69,fertigstellen / trockenbauwaende / glaswaende,21,452.0,20.0,21.523809523809526,40.0,45.0,2012.0,402.0,3.0,2022-04-18,2027-10-20,0.013790386130811664,0.806146572104019,0,0.0,,0,5,0,2538.0,0.010884484793026224
dc30,dc30,DC30 Rechenzentrum,24,blitzschutz / brandschott / brandschutzdecke,88,451.0,5.0,5.125,6.0,6.0,373.0,214.0,26.0,2026-03-09,2027-03-16,0.01639344262295082,0.8875878220140515,1,0.011363636363636364,,6,12,0,427.0,0.012442409026953954
usb,usb,USB NBK2 Basel,58,erstellen / konzept / ausschreibung,18,450.0,25.0,25.0,30.0,40.0,505.0,314.0,8.0,2028-09-28,2030-02-14,0.41095132743362833,0.6897123893805309,0,0.0,,18,0,0,1808.0,0.009951569030717176
dc30,dc30,DC30 Rechenzentrum,79,sanitaer / halterung / montage,81,449.0,5.0,5.54320987654321,6.0,16.0,248.0,214.0,16.0,2026-04-20,2026-12-23,0.11475409836065574,0.6932084309133489,0,0.0,,5,8,0,427.0,0.012387232046790079
uh1,uh1,UH1 CS Master Schedule V6,15,daemmung / hauptleitungen / terrasse,50,447.0,10.0,8.94,10.0,10.0,2041.0,383.0,3.0,2022-10-24,2028-05-25,0.08825847123719464,0.8920409771473601,0,0.0,,9,7,4,2538.0,0.010764081200183014
burckhardt,burckhardt,Burckhardt Laborgebäude,41,stuetzen / loggia / versetzen,45,445.0,10.0,9.88888888888889,15.0,15.0,442.0,378.0,3.0,2025-12-08,2027-02-22,0.3645833333333333,0.7473958333333334,0,0.0,,10,3,2,1152.0,0.03500353968378825
pred_bau05,pred_bau05,Roche pRED Bau 05,26,kaelte / gewerbliche / kuehlzellen,24,443.0,15.0,18.458333333333332,30.0,50.0,897.0,310.0,4.0,2020-06-05,2022-11-18,0.24367317425885757,0.8915401301518439,0,0.0,,3,1,0,1383.0,0.012869956785415986
uh1,uh1,UH1 CS Master Schedule V6,61,fassade / riegel / haupttrassen,46,437.0,10.0,9.5,10.0,35.0,2363.0,358.0,3.0,2022-05-09,2028-10-26,0.02206461780929866,0.9527186761229315,0,0.0,,8,7,0,2538.0,0.010523274014496592
dc30,dc30,DC30 Rechenzentrum,19,decke / verbundstuetzen / betonstuetzen,63,437.0,5.0,6.936507936507937,10.0,21.0,340.0,194.0,7.0,2026-03-16,2027-02-18,0.03278688524590164,0.8266978922716628,0,0.0,,4,5,0,427.0,0.012056170165806825
elp_v6,elp,ELP Masterterminplan V6,41,stuetzen / loggia / versetzen,27,428.0,10.0,15.851851851851851,14.400000000000002,180.0,719.0,453.0,6.0,2025-03-03,2027-02-19,0.23907584128578604,0.5996986438975389,1,0.037037037037037035,,3,15,4,1991.0,0.016856034499734163
pred_bau04,pred_bau04,Roche pRED Bau 04,37,installieren / einmessen / wandverkleidung,42,428.0,10.0,10.19047619047619,14.499999999999993,34.0,691.0,287.0,7.0,2020-12-10,2022-10-31,0.34065934065934067,0.8461538461538461,6,0.14285714285714285,,6,3,0,1365.0,0.01391349576581116
uh1,uh1,UH1 CS Master Schedule V6,2,brandschutzabschluesse / anschliessen / anschluesse,42,427.0,10.0,10.166666666666666,10.0,65.0,2023.0,396.0,3.0,2022-11-25,2028-06-08,0.1008668242710796,0.8975571315996848,0,0.0,,8,7,2,2538.0,0.010282466828810172
pred_bau07,pred_bau07,Roche pRED Bau 07,9,fertigstellung / lbw / mauerwerk,49,427.0,10.0,8.714285714285714,10.0,44.0,1032.0,472.0,4.0,2020-06-09,2023-04-06,0.27813504823151125,0.8306538049303323,9,0.1836734693877551,,25,0,0,1866.0,0.00518701181958431
pred_bau07,pred_bau07,Roche pRED Bau 07,65,decken / waende / streichen,39,425.0,10.0,10.897435897435898,15.0,15.0,732.0,380.0,5.0,2021-01-19,2023-01-20,0.39817792068595925,0.789924973204716,10,0.2564102564102564,,28,2,0,1866.0,0.005162716682256046
elp_v6,elp,ELP Masterterminplan V6,4,unterlagsboden / betonieren / ergaenzen,41,425.0,10.0,10.365853658536585,20.0,20.0,838.0,306.0,9.0,2025-04-07,2027-07-23,0.25665494726268206,0.6770467101958815,0,0.0,,3,15,0,1991.0,0.016737884725203316
usb,usb,USB NBK2 Basel,33,beleuchtung / feinmontage / einbau komponenten,107,419.0,2.0,3.9158878504672896,15.0,20.0,923.0,321.0,5.0,2026-09-17,2029-03-27,0.0005530973451327434,0.5105088495575221,0,0.0,,20,0,0,1808.0,0.009266016497489994
usb,usb,USB NBK2 Basel,7,reinigung / oberhalb / obergeschosse,130,418.0,3.0,3.2153846153846155,5.0,5.0,934.0,418.0,4.0,2027-02-16,2029-09-06,0.08462389380530974,0.6006637168141593,0,0.0,,20,0,0,1808.0,0.009243901899643955
burckhardt,burckhardt,Burckhardt Laborgebäude,63,bodenbelag / bodenplatte / bodenbelaege,29,415.0,10.0,14.310344827586206,20.0,30.0,411.0,335.0,4.0,2026-01-19,2027-03-05,0.4010416666666667,0.7569444444444444,0,0.0,,10,3,3,1152.0,0.03264375049162275
pred_bau07,pred_bau07,Roche pRED Bau 07,18,ende termin / daemmung / start ende,36,411.0,10.0,11.416666666666666,20.0,30.0,681.0,357.0,4.0,2021-06-28,2023-05-09,0.48392282958199356,0.8483386923901394,11,0.3055555555555556,,13,2,0,1866.0,0.004992650720958201
pred_bau05,pred_bau05,Roche pRED Bau 05,40,onboarding / garderobenschraenke / elektrische schiebetueren,19,402.0,20.0,21.157894736842106,25.999999999999996,70.0,582.0,319.0,5.0,2019-07-04,2021-02-04,0.0,0.4201012292118583,1,0.05263157894736842,,4,0,0,1383.0,0.01167883211678832
burckhardt,burckhardt,Burckhardt Laborgebäude,60,rueckbau / kofferblech / tragender,22,400.0,15.0,18.181818181818183,24.50000000000001,45.0,323.0,259.0,5.0,2025-01-20,2025-12-08,0.08506944444444445,0.3645833333333333,0,0.0,,9,0,2,1152.0,0.031463855895539995
baeretower,baeretower,Zentrum Bären / BäreTower,59,technik / raeumung / deckenelemente,9,399.0,60.0,44.333333333333336,83.60000000000001,98.0,427.0,355.0,3.0,2020-05-27,2021-07-27,0.30434782608695654,0.7069943289224953,0,0.0,100.0,4,0,0,1058.0,0.02848169034192305
pred_bau07,pred_bau07,Roche pRED Bau 07,61,fassade / riegel / haupttrassen,50,385.0,10.0,7.7,10.0,15.0,590.0,365.0,3.0,2021-05-31,2023-01-10,0.46891747052518756,0.7845659163987139,2,0.04,,25,0,0,1866.0,0.0046768139356907715
pred_bau05,pred_bau05,Roche pRED Bau 05,66,feldgeraete / beschriftung / hauptkanaele,28,383.0,14.0,13.678571428571429,20.0,30.0,222.0,154.0,8.0,2021-04-19,2021-11-26,0.47360809833694867,0.6334056399132321,0,0.0,,7,4,0,1383.0,0.01112684751425355
pred_bau05,pred_bau05,Roche pRED Bau 05,17,kabelzug / msr / lwl,19,381.0,20.0,20.05263157894737,25.999999999999996,40.0,348.0,241.0,6.0,2021-07-19,2022-07-01,0.5394070860448301,0.7903109182935647,3,0.15789473684210525,,7,2,0,1383.0,0.011068743871881469
pred_bau07,pred_bau07,Roche pRED Bau 07,0,tueren / einhaengen / montage,44,380.0,5.0,8.636363636363637,20.0,20.0,586.0,409.0,4.0,2020-09-17,2022-04-25,0.3317256162915327,0.6452304394426581,22,0.5,,27,2,0,1866.0,0.004616076092370112
burckhardt,burckhardt,Burckhardt Laborgebäude,15,daemmung / hauptleitungen / terrasse,32,380.0,10.0,11.875,20.0,30.0,586.0,294.0,4.0,2025-11-10,2027-06-18,0.3402777777777778,0.8480902777777778,0,0.0,,11,3,3,1152.0,0.029890663100763
pred_bau04,pred_bau04,Roche pRED Bau 04,36,montage / zone / leuchten,30,379.0,7.5,12.633333333333333,18.800000000000054,69.0,701.0,239.0,4.0,2020-12-07,2022-11-07,0.3384615384615385,0.8512820512820513,9,0.3,,6,4,0,1365.0,0.012320595549631845
elp_v6,elp,ELP Masterterminplan V6,73,anlage / usv / bereit,82,378.0,2.0,4.609756097560975,10.0,60.0,1335.0,243.0,12.0,2023-11-13,2027-07-09,0.0,0.6700150678051231,2,0.024390243902439025,,3,16,6,1991.0,0.014886871590886714
pred_bau04,pred_bau04,Roche pRED Bau 04,52,anstrich / ral / weissputz,47,376.0,5.0,8.0,15.0,21.0,786.0,340.0,5.0,2020-11-26,2023-01-20,0.3304029304029304,0.9054945054945055,3,0.06382978723404255,,8,4,0,1365.0,0.012223071046600458
pred_bau07,pred_bau07,Roche pRED Bau 07,45,schreinerarbeiten / restarbeiten / abdichtungsarbeiten,69,375.0,5.0,5.434782608695652,5.0,15.0,908.0,291.0,4.0,2020-09-18,2023-03-14,0.3322615219721329,0.8183279742765274,26,0.37681159420289856,,26,0,0,1866.0,0.004555338249049453
usb,usb,USB NBK2 Basel,71,stromschiene / mediensaeulen / vorgezogene,19,375.0,20.0,19.736842105263158,20.0,30.0,974.0,491.0,2.0,2026-11-16,2029-07-16,0.03373893805309734,0.5719026548672567,0,0.0,,16,0,0,1808.0,0.008292974192264314
dc30,dc30,DC30 Rechenzentrum,70,lift / shift / climb,68,372.0,5.0,5.470588235294118,5.0,16.0,227.0,210.0,9.0,2026-07-28,2027-03-11,0.34660421545667447,0.8758782201405152,0,0.0,,5,8,0,427.0,0.010262918310480868
elp_v6,elp,ELP Masterterminplan V6,64,zla / kommerz / halle,36,368.0,10.0,10.222222222222221,20.0,20.0,1270.0,237.0,8.0,2023-11-13,2027-05-05,0.0,0.6373681567051733,2,0.05555555555555555,,2,5,2,1991.0,0.014493039009117224
uh1,uh1,UH1 CS Master Schedule V6,52,anstrich / ral / weissputz,41,362.0,10.0,8.829268292682928,10.0,10.0,1306.0,266.0,3.0,2025-02-17,2028-09-14,0.4219858156028369,0.9361702127659575,0,0.0,,8,7,0,2538.0,0.008717220121848435
uh1,uh1,UH1 CS Master Schedule V6,78,innere / spezialverglasungen / buero,41,362.0,10.0,8.829268292682928,10.0,10.0,1263.0,266.0,3.0,2024-10-01,2028-03-16,0.3672182821118991,0.8644602048857368,0,0.0,,8,7,4,2538.0,0.008717220121848435
uh1,uh1,UH1 CS Master Schedule V6,63,bodenbelag / bodenplatte / bodenbelaege,41,362.0,10.0,8.829268292682928,10.0,10.0,1311.0,266.0,3.0,2025-02-26,2028-09-28,0.425531914893617,0.9416863672182821,0,0.0,,8,7,0,2538.0,0.008717220121848435
uh1,uh1,UH1 CS Master Schedule V6,29,einbringung / aufstellung / montage,41,362.0,10.0,8.829268292682928,10.0,10.0,1327.0,266.0,3.0,2025-04-07,2028-11-23,0.44129235618597323,0.9637509850275807,0,0.0,,8,7,0,2538.0,0.008717220121848435
uh1,uh1,UH1 CS Master Schedule V6,50,heizung / halterungen / uebergeordnete,41,362.0,10.0,8.829268292682928,10.0,10.0,1281.0,289.0,3.0,2024-11-08,2028-05-11,0.3821907013396375,0.8865248226950354,0,0.0,,8,7,4,2538.0,0.008717220121848435
baeretower,baeretower,Zentrum Bären / BäreTower,30,boden / zimmermann / nebenraeume,62,362.0,3.5,5.838709677419355,10.0,10.0,376.0,286.0,4.0,2020-12-07,2021-12-17,0.4877126654064272,0.8421550094517959,0,0.0,2204.0,28,0,0,1058.0,0.025840531087158256
baeretower,baeretower,Zentrum Bären / BäreTower,70,lift / shift / climb,10,360.0,30.0,36.0,53.499999999999986,85.0,373.0,269.0,3.0,2020-09-28,2021-10-05,0.4215500945179584,0.7731568998109641,0,0.0,,0,0,0,1058.0,0.025697765722035835
pred_bau05,pred_bau05,Roche pRED Bau 05,52,anstrich / ral / weissputz,52,358.0,5.0,6.884615384615385,14.499999999999993,20.0,758.0,251.0,6.0,2020-11-26,2022-12-23,0.36948662328271875,0.9168474331164136,5,0.09615384615384616,,10,2,0,1383.0,0.010400551984602534
pred_bau04,pred_bau04,Roche pRED Bau 04,74,verlegen / parkett / naturstein,30,355.0,12.5,11.833333333333334,15.0,15.0,483.0,233.0,6.0,2021-06-18,2022-10-13,0.47985347985347987,0.832967032967033,13,0.43333333333333335,,5,4,0,1365.0,0.011540399525380753
pred_bau07,pred_bau07,Roche pRED Bau 07,24,blitzschutz / brandschott / brandschutzdecke,42,354.0,10.0,8.428571428571429,10.0,10.0,803.0,408.0,2.0,2020-10-29,2023-01-09,0.3542336548767417,0.7840300107181136,0,0.0,,27,0,0,1866.0,0.0043002393071026835
usb,usb,USB NBK2 Basel,3,malerarbeiten / finish / decke,78,352.0,3.0,4.512820512820513,10.0,10.0,941.0,373.0,4.0,2027-02-02,2029-08-30,0.07688053097345132,0.5967920353982301,0,0.0,,19,0,0,1808.0,0.007784338441805436
baeretower,baeretower,Zentrum Bären / BäreTower,3,malerarbeiten / finish / decke,103,352.0,2.0,3.4174757281553396,5.0,15.0,368.0,227.0,7.0,2020-11-09,2021-11-11,0.4612476370510397,0.8081285444234405,0,0.0,1195.0,31,0,0,1058.0,0.02512670426154615
baeretower,baeretower,Zentrum Bären / BäreTower,10,elektro / installation / feinmontage,47,350.0,5.0,7.446808510638298,15.0,25.0,375.0,241.0,5.0,2020-12-08,2021-12-17,0.4886578449905482,0.8421550094517959,0,0.0,580.0,31,0,0,1058.0,0.024983938896423728
usb,usb,USB NBK2 Basel,15,daemmung / hauptleitungen / terrasse,39,348.0,9.0,8.923076923076923,19.200000000000003,20.0,589.0,329.0,4.0,2027-01-26,2028-09-05,0.07300884955752213,0.39823008849557523,0,0.0,,6,0,0,1808.0,0.007695880050421283
dc30,dc30,DC30 Rechenzentrum,27,abdichtung / schritt / prov,26,346.0,13.0,13.307692307692308,16.0,26.0,266.0,249.0,5.0,2026-06-24,2027-03-16,0.26697892271662765,0.8875878220140515,0,0.0,,2,5,0,427.0,0.009545617568350484
dc30,dc30,DC30 Rechenzentrum,7,reinigung / oberhalb / obergeschosse,69,346.0,5.0,5.0144927536231885,5.0,7.0,245.0,194.0,5.0,2026-09-01,2027-05-03,0.42857142857142855,1.0,0,0.0,,4,6,0,427.0,0.009545617568350484
burckhardt,burckhardt,Burckhardt Laborgebäude,75,prov / bodenaufbau / baulift,3,345.0,20.0,115.0,256.0,315.0,985.0,498.0,1.0,2024-11-11,2027-07-23,0.024305555555555556,0.8784722222222222,0,0.0,,0,1,2,1152.0,0.027137575709903248
elp_v6,elp,ELP Masterterminplan V6,35,lueftung / montage / monobloecke,75,345.0,3.0,4.6,8.0,20.0,914.0,194.0,8.0,2024-07-15,2027-01-14,0.12305374183827222,0.5816172777498745,0,0.0,,3,17,3,1991.0,0.013587224071047397
pred_bau05,pred_bau05,Roche pRED Bau 05,13,start / termin / natursteinsockel aussen,29,340.0,10.0,11.724137931034482,15.0,25.0,882.0,302.0,4.0,2020-11-17,2023-04-17,0.36297903109182933,1.0,4,0.13793103448275862,,9,4,0,1383.0,0.009877619203253803
elp_v7,elp,ELP Masterterminplan V7,41,stuetzen / loggia / versetzen,20,339.0,10.0,16.95,45.50000000000001,80.0,1384.0,449.0,6.0,2023-11-13,2027-08-27,0.0,0.7769662921348315,0,0.0,,4,9,2,1780.0,0.04096181730304495
elp_v6,elp,ELP Masterterminplan V6,65,decken / waende / streichen,24,337.0,10.0,14.041666666666666,23.499999999999996,40.0,891.0,234.0,5.0,2024-06-24,2026-12-01,0.1125062782521346,0.5595178302360623,0,0.0,,3,17,2,1991.0,0.013272158005631807
elp_v7,elp,ELP Masterterminplan V7,63,bodenbelag / bodenplatte / bodenbelaege,23,336.0,12.0,14.608695652173912,19.000000000000004,45.0,1140.0,354.0,3.0,2024-08-28,2027-10-11,0.16235955056179777,0.802247191011236,0,0.0,,3,15,1,1780.0,0.04059932334461092
burckhardt,burckhardt,Burckhardt Laborgebäude,65,decken / waende / streichen,44,335.0,5.0,7.613636363636363,13.500000000000014,25.0,463.0,334.0,4.0,2025-11-03,2027-02-08,0.3342013888888889,0.7352430555555556,0,0.0,,11,3,3,1152.0,0.02635097931251475
pred_bau07,pred_bau07,Roche pRED Bau 07,11,ulk / endmontage / nshv,51,332.0,5.0,6.509803921568627,10.0,15.0,828.0,348.0,5.0,2020-11-12,2023-02-17,0.3617363344051447,0.804930332261522,0,0.0,,27,1,0,1866.0,0.004032992796491782
usb,usb,USB NBK2 Basel,43,modellbearbeitung / pendenzenbearbeitung / labormoebel,17,330.0,20.0,19.41176470588235,20.0,20.0,589.0,425.0,2.0,2027-12-06,2029-07-16,0.24668141592920353,0.5719026548672567,0,0.0,,16,0,0,1808.0,0.007297817289192596
usb,usb,USB NBK2 Basel,73,anlage / usv / bereit,17,330.0,20.0,19.41176470588235,20.0,20.0,603.0,425.0,2.0,2027-11-22,2029-07-16,0.23893805309734514,0.5719026548672567,0,0.0,,16,0,0,1808.0,0.007297817289192596
baeretower,baeretower,Zentrum Bären / BäreTower,38,test / integrale / ibs,15,329.0,20.0,21.933333333333334,55.99999999999998,85.0,459.0,325.0,4.0,2021-03-01,2022-06-02,0.5671077504725898,1.0,0,0.0,,2,0,0,1058.0,0.023484902562638302
pred_bau04,pred_bau04,Roche pRED Bau 04,65,decken / waende / streichen,24,329.0,14.5,13.708333333333334,20.0,36.0,772.0,215.0,5.0,2020-10-22,2022-12-02,0.3047619047619048,0.8695970695970696,2,0.08333333333333333,,6,4,0,1365.0,0.0106951871657754
frankfurt_four,frankfurt_four,Frankfurt Four RT4,8,stahlbau / dach / trassen,3,324.0,110.0,108.0,126.0,130.0,397.0,397.0,2.0,2022-09-26,2023-10-27,0.3888888888888889,1.0,0,0.0,,0,0,0,648.0,0.15743440233236153
baeretower,baeretower,Zentrum Bären / BäreTower,62,fassadengeruest / abbau / aufbau,1,323.0,323.0,323.0,323.0,323.0,473.0,473.0,1.0,2020-05-15,2021-08-30,0.29300567107750475,0.7391304347826086,0,0.0,,0,0,0,1058.0,0.02305660646727104
elp_v6,elp,ELP Masterterminplan V6,12,installation / rueckbauen / aufhaengung,28,319.0,12.5,11.392857142857142,20.0,20.0,472.0,204.0,8.0,2026-01-27,2027-05-13,0.4048216976393772,0.6413862380713209,1,0.03571428571428571,,3,7,7,1991.0,0.012563259358446724
elp_v6,elp,ELP Masterterminplan V6,22,demontage / nachtarbeit / theke,62,306.0,2.0,4.935483870967742,10.0,20.0,1445.0,150.0,16.0,2025-05-13,2029-04-26,0.27473631341034654,1.0,1,0.016129032258064516,,2,4,13,1991.0,0.012051277002146388
dc30,dc30,DC30 Rechenzentrum,1,leitungen / haupt / vorbereitung,40,305.0,5.0,7.625,15.0,15.0,264.0,161.0,6.0,2026-04-27,2027-01-15,0.13114754098360656,0.747072599531616,0,0.0,,3,11,0,427.0,0.008414489474991033
elp_v7,elp,ELP Masterterminplan V7,57,abbruch / achse / betonwaende,30,304.0,10.0,10.133333333333333,12.300000000000004,20.0,1058.0,294.0,7.0,2023-11-13,2026-10-05,0.0,0.5938202247191011,0,0.0,,4,14,3,1780.0,0.03673272112131464
pred_bau04,pred_bau04,Roche pRED Bau 04,79,sanitaer / halterung / montage,12,303.0,5.0,25.25,93.70000000000003,135.0,581.0,234.0,4.0,2021-03-19,2022-10-20,0.41318681318681316,0.8380952380952381,0,0.0,,5,4,0,1365.0,0.00984997480617005
pred_bau04,pred_bau04,Roche pRED Bau 04,75,prov / bodenaufbau / baulift,14,292.0,17.5,20.857142857142858,27.00000000000001,82.0,1215.0,338.0,3.0,2019-09-09,2023-01-05,0.005128205128205128,0.8945054945054945,1,0.07142857142857142,,6,1,0,1365.0,0.009492384961721632
baeretower,baeretower,Zentrum Bären / BäreTower,46,anschluss / schaltschraenke / feldgeraete,11,291.0,4.0,26.454545454545453,80.0,80.0,209.0,171.0,3.0,2020-07-09,2021-02-02,0.3449905482041588,0.5415879017013232,0,0.0,,0,0,0,1058.0,0.0207723606253123
elp_v6,elp,ELP Masterterminplan V6,6,schliessen / waende / schotts,18,288.0,10.0,16.0,31.400000000000027,65.0,897.0,252.0,4.0,2024-04-26,2026-10-09,0.08287292817679558,0.532898041185334,0,0.0,,4,6,1,1991.0,0.011342378354961305
elp_v6,elp,ELP Masterterminplan V6,67,grobmontage / korridor / steigzone,9,285.0,5.0,31.666666666666668,62.000000000000036,230.0,635.0,406.0,2.0,2025-01-20,2026-10-16,0.2179809141135108,0.5364138623807132,0,0.0,,3,8,2,1991.0,0.011224228580430458
pred_bau07,pred_bau07,Roche pRED Bau 07,35,lueftung / montage / monobloecke,30,280.0,10.0,9.333333333333334,10.0,20.0,1093.0,261.0,3.0,2020-04-17,2023-04-14,0.2497320471596999,0.834941050375134,7,0.23333333333333334,,22,0,0,1866.0,0.003401319225956925
burckhardt,burckhardt,Burckhardt Laborgebäude,19,decke / verbundstuetzen / betonstuetzen,31,280.0,10.0,9.03225806451613,10.0,15.0,701.0,333.0,3.0,2025-05-30,2027-04-30,0.19791666666666666,0.8055555555555556,0,0.0,,10,3,4,1152.0,0.022024699126878
baeretower,baeretower,Zentrum Bären / BäreTower,63,bodenbelag / bodenplatte / bodenbelaege,38,277.0,5.0,7.2894736842105265,5.0,90.0,367.0,246.0,5.0,2020-12-16,2021-12-17,0.4962192816635161,0.8421550094517959,0,0.0,870.0,30,0,0,1058.0,0.01977300306945535
pred_bau05,pred_bau05,Roche pRED Bau 05,54,einbauen / doppelboden / schreiner,21,275.0,15.0,13.095238095238095,20.0,20.0,583.0,218.0,5.0,2020-12-10,2022-07-15,0.3796095444685466,0.8004338394793926,2,0.09523809523809523,,8,2,0,1383.0,0.007989250826161165
dc30,dc30,DC30 Rechenzentrum,65,decken / waende / streichen,52,266.0,5.0,5.115384615384615,5.899999999999999,6.0,286.0,139.0,12.0,2026-05-06,2027-02-15,0.1522248243559719,0.819672131147541,0,0.0,,5,4,0,427.0,0.0073385383617954585
burckhardt,burckhardt,Burckhardt Laborgebäude,7,reinigung / oberhalb / obergeschosse,32,260.0,5.0,8.125,19.50000000000001,20.0,717.0,257.0,3.0,2025-11-03,2027-10-20,0.3342013888888889,0.9557291666666666,0,0.0,,11,3,2,1152.0,0.020451506332100997
pred_bau04,pred_bau04,Roche pRED Bau 04,39,montieren / aufmalen / equipment,40,260.0,5.0,6.5,10.0,20.0,684.0,193.0,6.0,2021-03-08,2023-01-20,0.40512820512820513,0.9054945054945055,11,0.275,,6,3,0,1365.0,0.00845212359605351
dc30,dc30,DC30 Rechenzentrum,6,schliessen / waende / schotts,47,257.0,5.0,5.468085106382978,5.0,16.0,214.0,145.0,6.0,2026-06-22,2027-01-21,0.26229508196721313,0.7611241217798594,0,0.0,,5,4,0,427.0,0.0070902419510580185
elp_v6,elp,ELP Masterterminplan V6,77,etappe / spundwaende / ziehen,15,257.0,10.0,17.133333333333333,45.999999999999986,72.0,458.0,284.0,3.0,2025-09-17,2026-12-18,0.33852335509794074,0.5680562531391261,0,0.0,,2,6,3,1991.0,0.010121497351475888
baeretower,baeretower,Zentrum Bären / BäreTower,27,abdichtung / schritt / prov,54,255.0,3.0,4.722222222222222,8.500000000000014,20.0,576.0,210.0,4.0,2020-03-31,2021-10-27,0.2504725897920605,0.7939508506616257,0,0.0,1016.0,29,0,0,1058.0,0.018202584053108716
pred_bau05,pred_bau05,Roche pRED Bau 05,36,montage / zone / leuchten,11,251.0,6.0,22.818181818181817,68.0,68.0,147.0,147.0,4.0,2020-12-03,2021-04-28,0.3745480838756327,0.48011569052783803,0,0.0,,8,0,0,1383.0,0.007292007117696191
pred_bau04,pred_bau04,Roche pRED Bau 04,50,heizung / halterungen / uebergeordnete,16,241.0,10.0,15.0625,22.5,71.0,636.0,215.0,6.0,2020-11-25,2022-08-22,0.32967032967032966,0.7948717948717948,0,0.0,,7,3,0,1365.0,0.00783446841018806
pred_bau05,pred_bau05,Roche pRED Bau 05,39,montieren / aufmalen / equipment,44,241.0,5.0,5.4772727272727275,10.0,10.0,632.0,155.0,4.0,2021-04-01,2022-12-23,0.46059291395516994,0.9168474331164136,3,0.06818181818181818,,9,2,0,1383.0,0.007001488905835785
pred_bau05,pred_bau05,Roche pRED Bau 05,18,ende termin / daemmung / start ende,21,240.0,10.0,11.428571428571429,20.0,20.0,787.0,200.0,5.0,2020-09-16,2022-11-11,0.31814895155459144,0.8864786695589298,5,0.23809523809523808,,7,2,0,1383.0,0.006972437084649744
burckhardt,burckhardt,Burckhardt Laborgebäude,20,cns / verkleidung / seite,16,240.0,15.0,15.0,15.0,15.0,432.0,318.0,1.0,2025-12-15,2027-02-19,0.3706597222222222,0.7447916666666666,0,0.0,,10,2,1,1152.0,0.018878313537324
pred_bau07,pred_bau07,Roche pRED Bau 07,7,reinigung / oberhalb / obergeschosse,55,237.0,5.0,4.3090909090909095,5.0,15.0,595.0,246.0,3.0,2021-07-06,2023-02-20,0.4882100750267953,0.8065380493033226,0,0.0,,26,1,0,1866.0,0.0028789737733992543
elp_v6,elp,ELP Masterterminplan V6,31,einbringen / aufstellen / anbringen,42,236.0,5.0,5.619047619047619,15.0,20.0,1032.0,220.0,8.0,2024-06-17,2027-04-14,0.1089904570567554,0.6268206931190357,0,0.0,,3,17,3,1991.0,0.009294448929759959
usb,usb,USB NBK2 Basel,54,einbauen / doppelboden / schreiner,33,236.0,5.0,7.151515151515151,14.000000000000004,20.0,687.0,271.0,3.0,2026-12-11,2028-10-27,0.04756637168141593,0.4269911504424779,0,0.0,,19,0,0,1808.0,0.005219045091665008
burckhardt,burckhardt,Burckhardt Laborgebäude,49,einbau / lueftungskanaele / sbb,18,235.0,10.0,13.055555555555555,18.000000000000007,25.0,285.0,236.0,3.0,2025-08-25,2026-06-05,0.2734375,0.5199652777777778,0,0.0,,9,2,2,1152.0,0.01848501533862975
elp_v6,elp,ELP Masterterminplan V6,51,hartbeton / verbund / rampen,25,231.0,10.0,9.24,15.0,15.0,552.0,180.0,4.0,2025-05-15,2026-11-17,0.27574083375188346,0.5524861878453039,0,0.0,,3,13,1,1991.0,0.009097532638875213
pred_bau04,pred_bau04,Roche pRED Bau 04,18,ende termin / daemmung / start ende,26,230.0,5.0,8.846153846153847,17.5,25.0,877.0,278.0,2.0,2020-09-16,2023-02-09,0.2783882783882784,0.9201465201465201,6,0.23076923076923078,,8,3,0,1365.0,0.007476878565739642
pred_bau05,pred_bau05,Roche pRED Bau 05,50,heizung / halterungen / uebergeordnete,24,225.0,5.0,9.375,18.499999999999996,30.0,380.0,208.0,4.0,2020-11-26,2021-12-10,0.36948662328271875,0.64352856109906,0,0.0,,9,4,0,1383.0,0.006536659766859135
pred_bau04,pred_bau04,Roche pRED Bau 04,17,kabelzug / msr / lwl,12,225.0,20.0,18.75,20.9,30.0,421.0,159.0,5.0,2021-07-02,2022-08-26,0.4901098901098901,0.7978021978021979,1,0.08333333333333333,,5,3,0,1365.0,0.007314337727353998
elp_v6,elp,ELP Masterterminplan V6,62,fassadengeruest / abbau / aufbau,10,223.0,15.0,22.3,34.499999999999986,75.0,254.0,224.0,3.0,2026-02-04,2026-10-15,0.4088397790055249,0.5359116022099447,0,0.0,,1,2,2,1991.0,0.008782466573459623
burckhardt,burckhardt,Burckhardt Laborgebäude,30,boden / zimmermann / nebenraeume,19,220.0,10.0,11.578947368421053,21.999999999999993,30.0,831.0,212.0,3.0,2024-12-09,2027-03-19,0.04861111111111111,0.7690972222222222,0,0.0,,10,3,2,1152.0,0.017305120742547
pred_bau07,pred_bau07,Roche pRED Bau 07,13,start / termin / natursteinsockel aussen,20,220.0,10.0,11.0,21.000000000000014,30.0,858.0,238.0,3.0,2020-11-06,2023-03-13,0.35852090032154343,0.8177920685959271,5,0.25,,6,2,0,1866.0,0.0026724651061090124
pred_bau05,pred_bau05,Roche pRED Bau 05,45,schreinerarbeiten / restarbeiten / abdichtungsarbeiten,18,219.0,10.0,12.166666666666666,20.0,20.0,642.0,218.0,2.0,2021-01-25,2022-10-28,0.4128705712219812,0.8763557483731019,1,0.05555555555555555,,10,3,0,1383.0,0.006362348839742891
pred_bau05,pred_bau05,Roche pRED Bau 05,61,fassade / riegel / haupttrassen,21,218.0,10.0,10.380952380952381,12.0,15.0,578.0,205.0,2.0,2020-09-01,2022-04-01,0.30730296456977585,0.7245119305856833,0,0.0,,7,1,0,1383.0,0.00633329701855685
elp_v6,elp,ELP Masterterminplan V6,52,anstrich / ral / weissputz,39,217.0,5.0,5.564102564102564,10.0,10.0,259.0,175.0,6.0,2026-05-08,2027-01-21,0.45554997488699145,0.5851330989452537,0,0.0,,3,11,0,1991.0,0.008546167024397928
pred_bau05,pred_bau05,Roche pRED Bau 05,56,sprinkler / spriessfrei / gruppe,8,216.0,12.5,27.0,58.79999999999998,126.0,450.0,293.0,2.0,2021-07-22,2022-10-14,0.5415762834417932,0.866232827187274,0,0.0,,2,1,0,1383.0,0.006275193376184769
burckhardt,burckhardt,Burckhardt Laborgebäude,38,test / integrale / ibs,17,215.0,10.0,12.647058823529411,17.0,50.0,309.0,248.0,2.0,2026-11-16,2027-09-20,0.6623263888888888,0.9296875,0,0.0,,11,3,2,1152.0,0.016911822543852748
burckhardt,burckhardt,Burckhardt Laborgebäude,47,inbetriebnahme / inbetriebsetzung / inbetreibnahme,14,215.0,15.0,15.357142857142858,27.00000000000001,30.0,1016.0,167.0,5.0,2024-10-14,2027-07-26,0.0,0.8810763888888888,0,0.0,,0,1,1,1152.0,0.016911822543852748
dc30,dc30,DC30 Rechenzentrum,66,feldgeraete / beschriftung / hauptkanaele,36,213.0,5.0,5.916666666666667,5.0,16.0,178.0,135.0,4.0,2026-08-25,2027-02-18,0.41217798594847777,0.8266978922716628,0,0.0,,3,4,0,427.0,0.005876348387452755
dc30,dc30,DC30 Rechenzentrum,4,unterlagsboden / betonieren / ergaenzen,36,213.0,5.0,5.916666666666667,5.0,16.0,179.0,133.0,4.0,2026-09-14,2027-03-11,0.45901639344262296,0.8758782201405152,0,0.0,,3,4,0,427.0,0.005876348387452755
elp_v6,elp,ELP Masterterminplan V6,3,malerarbeiten / finish / decke,23,211.0,10.0,9.173913043478262,10.0,10.0,611.0,157.0,6.0,2025-04-07,2026-12-08,0.25665494726268206,0.5630336514314415,0,0.0,,3,13,0,1991.0,0.008309867475336234
pred_bau04,pred_bau04,Roche pRED Bau 04,61,fassade / riegel / haupttrassen,23,207.0,9.0,9.0,11.600000000000001,15.0,599.0,200.0,3.0,2020-09-11,2022-05-02,0.27472527472527475,0.7128205128205128,0,0.0,,5,0,0,1365.0,0.006729190709165678
dc30,dc30,DC30 Rechenzentrum,67,grobmontage / korridor / steigzone,36,206.0,5.0,5.722222222222222,6.0,24.0,135.0,116.0,7.0,2026-05-21,2026-10-02,0.1873536299765808,0.5011709601873536,0,0.0,,3,4,0,427.0,0.00568322895687919
burckhardt,burckhardt,Burckhardt Laborgebäude,2,brandschutzabschluesse / anschliessen / anschluesse,21,205.0,10.0,9.761904761904763,20.0,30.0,229.0,161.0,4.0,2026-07-27,2027-03-12,0.5651041666666666,0.7630208333333334,0,0.0,,10,2,4,1152.0,0.01612522614646425
pred_bau04,pred_bau04,Roche pRED Bau 04,45,schreinerarbeiten / restarbeiten / abdichtungsarbeiten,17,204.0,10.0,12.0,20.0,20.0,793.0,149.0,7.0,2020-10-21,2022-12-22,0.304029304029304,0.8842490842490842,7,0.4117647058823529,,7,4,0,1365.0,0.0066316662061342915
dc30,dc30,DC30 Rechenzentrum,75,prov / bodenaufbau / baulift,36,204.0,5.0,5.666666666666667,5.0,16.0,182.0,139.0,4.0,2026-10-13,2027-04-12,0.5269320843091335,0.9508196721311475,0,0.0,,3,4,0,427.0,0.005628051976715315
elp_v7,elp,ELP Masterterminplan V7,53,abnahme / ort / kontrolle,3,200.0,1.0,66.66666666666667,158.60000000000002,198.0,1684.0,299.0,2.0,2023-11-13,2028-06-22,0.0,0.9455056179775281,0,0.0,,0,0,0,1780.0,0.02416626389560174
pred_bau04,pred_bau04,Roche pRED Bau 04,13,start / termin / natursteinsockel aussen,18,199.0,10.0,11.055555555555555,15.0,46.0,859.0,256.0,2.0,2020-10-16,2023-02-21,0.30036630036630035,0.928937728937729,3,0.16666666666666666,,6,3,0,1365.0,0.006469125367748647
pred_bau05,pred_bau05,Roche pRED Bau 05,69,fertigstellen / trockenbauwaende / glaswaende,10,198.0,20.0,19.8,20.0,20.0,173.0,132.0,4.0,2021-11-15,2022-05-06,0.6254519161243673,0.749819233550253,7,0.7,,5,2,0,1383.0,0.005752260594836038
pred_bau04,pred_bau04,Roche pRED Bau 04,10,elektro / installation / feinmontage,16,197.0,5.0,12.3125,15.0,87.0,536.0,227.0,2.0,2021-05-03,2022-10-20,0.4461538461538462,0.8380952380952381,0,0.0,,7,3,0,1365.0,0.006404109032394389
elp_v7,elp,ELP Masterterminplan V7,1,leitungen / haupt / vorbereitung,39,195.0,5.0,5.0,10.0,40.0,1362.0,166.0,6.0,2023-11-13,2027-08-05,0.0,0.7646067415730337,0,0.0,,2,6,5,1780.0,0.023562107298211697
pred_bau04,pred_bau04,Roche pRED Bau 04,62,fassadengeruest / abbau / aufbau,20,193.0,5.0,9.65,20.0,30.0,807.0,137.0,5.0,2020-03-16,2022-05-31,0.14358974358974358,0.734065934065934,0,0.0,,7,0,0,1365.0,0.006274076361685874
elp_v6,elp,ELP Masterterminplan V6,7,reinigung / oberhalb / obergeschosse,20,193.0,10.0,9.65,20.0,20.0,519.0,189.0,3.0,2025-09-12,2027-02-12,0.33601205424409847,0.5961828227021597,0,0.0,,3,15,2,1991.0,0.007600968828151153
frankfurt_four,frankfurt_four,Frankfurt Four RT4,72,dobo / hobo / flur,35,190.0,5.0,5.428571428571429,5.0,10.0,396.0,160.0,3.0,2022-02-18,2023-03-20,0.04938271604938271,0.6589506172839507,0,0.0,460.0,3,5,0,648.0,0.0923226433430515
burckhardt,burckhardt,Burckhardt Laborgebäude,23,verkabelung / verschienung / funktionserhalt,13,185.0,10.0,14.23076923076923,27.00000000000001,40.0,264.0,180.0,3.0,2026-06-01,2027-02-19,0.5164930555555556,0.7447916666666666,0,0.0,,11,4,1,1152.0,0.01455203335168725
baeretower,baeretower,Zentrum Bären / BäreTower,2,brandschutzabschluesse / anschliessen / anschluesse,2,183.0,91.5,91.5,162.3,180.0,262.0,262.0,2.0,2021-05-12,2022-01-28,0.6351606805293005,0.8818525519848771,0,0.0,360.0,0,0,0,1058.0,0.01306303090870155
burckhardt,burckhardt,Burckhardt Laborgebäude,10,elektro / installation / feinmontage,23,180.0,10.0,7.826086956521739,10.0,15.0,575.0,240.0,2.0,2025-10-27,2027-05-24,0.328125,0.8263888888888888,0,0.0,,11,2,3,1152.0,0.014158735152992999
dc30,dc30,DC30 Rechenzentrum,69,fertigstellen / trockenbauwaende / glaswaende,36,180.0,5.0,5.0,5.0,5.0,129.0,124.0,4.0,2026-08-17,2026-12-23,0.39344262295081966,0.6932084309133489,0,0.0,,3,2,0,427.0,0.004965928214748807
pred_bau04,pred_bau04,Roche pRED Bau 04,54,einbauen / doppelboden / schreiner,14,180.0,15.0,12.857142857142858,18.500000000000007,20.0,625.0,118.0,5.0,2020-11-26,2022-08-12,0.3304029304029304,0.7875457875457875,4,0.2857142857142857,,5,3,0,1365.0,0.005851470181883198
elp_v7,elp,ELP Masterterminplan V7,4,unterlagsboden / betonieren / ergaenzen,17,178.0,10.0,10.470588235294118,17.0,20.0,937.0,214.0,3.0,2025-04-23,2027-11-15,0.29606741573033707,0.8219101123595506,0,0.0,,3,7,1,1780.0,0.02150797486708555
baeretower,baeretower,Zentrum Bären / BäreTower,58,erstellen / konzept / ausschreibung,33,177.0,5.0,5.363636363636363,5.0,20.0,498.0,179.0,4.0,2020-05-18,2021-09-27,0.29584120982986767,0.7655954631379962,0,0.0,290.0,28,0,0,1058.0,0.012634734813334285
uh1,uh1,UH1 CS Master Schedule V6,43,modellbearbeitung / pendenzenbearbeitung / labormoebel,2,177.0,88.5,88.5,141.7,155.0,222.0,222.0,2.0,2022-06-13,2023-01-20,0.035855003940110326,0.12293144208037825,0,0.0,,0,0,1,2538.0,0.00426228718664965
burckhardt,burckhardt,Burckhardt Laborgebäude,24,blitzschutz / brandschott / brandschutzdecke,22,175.0,10.0,7.954545454545454,10.0,15.0,271.0,176.0,2.0,2026-02-02,2026-10-30,0.4131944444444444,0.6475694444444444,0,0.0,,11,4,3,1152.0,0.01376543695429875
burckhardt,burckhardt,Burckhardt Laborgebäude,61,fassade / riegel / haupttrassen,11,175.0,10.0,15.909090909090908,20.0,60.0,285.0,185.0,2.0,2025-11-17,2026-08-28,0.3463541666666667,0.5928819444444444,0,0.0,,1,0,2,1152.0,0.01376543695429875
pred_bau05,pred_bau05,Roche pRED Bau 05,31,einbringen / aufstellen / anbringen,17,174.0,10.0,10.235294117647058,20.0,22.0,668.0,157.0,2.0,2021-02-17,2022-12-16,0.42950108459869846,0.9117859725234997,0,0.0,,9,2,0,1383.0,0.005055016886371064
pred_bau04,pred_bau04,Roche pRED Bau 04,77,etappe / spundwaende / ziehen,6,171.0,24.0,28.5,49.0,50.0,880.0,181.0,2.0,2020-03-16,2022-08-12,0.14358974358974358,0.7875457875457875,1,0.16666666666666666,,3,1,0,1365.0,0.005558896672789038
pred_bau04,pred_bau04,Roche pRED Bau 04,14,fzag / treppenhaus / beauftragen,17,170.0,5.0,10.0,20.0,25.0,617.0,151.0,2.0,2021-05-20,2023-01-26,0.4586080586080586,0.9098901098901099,1,0.058823529411764705,,5,3,0,1365.0,0.005526388505111909
elp_v6,elp,ELP Masterterminplan V6,49,einbau / lueftungskanaele / sbb,15,170.0,9.0,11.333333333333334,20.0,29.0,449.0,150.0,4.0,2025-11-03,2027-01-25,0.36212958312405824,0.5871421396283275,0,0.0,,2,9,2,1991.0,0.006695153890081326
elp_v7,elp,ELP Masterterminplan V7,75,prov / bodenaufbau / baulift,7,170.0,10.0,24.285714285714285,56.000000000000014,80.0,1384.0,197.0,2.0,2023-11-20,2027-09-03,0.003932584269662922,0.7808988764044944,0,0.0,,2,5,0,1780.0,0.020541324311261478
pred_bau07,pred_bau07,Roche pRED Bau 07,40,onboarding / garderobenschraenke / elektrische schiebetueren,13,170.0,10.0,13.076923076923077,20.0,20.0,147.0,107.0,6.0,2020-06-05,2020-10-29,0.2759914255091104,0.3542336548767417,3,0.23076923076923078,,3,1,0,1866.0,0.0020650866729024185
usb,usb,USB NBK2 Basel,75,prov / bodenaufbau / baulift,67,170.0,2.0,2.537313432835821,3.0,20.0,883.0,177.0,3.0,2026-09-17,2029-02-15,0.0005530973451327434,0.4883849557522124,0,0.0,,19,0,0,1808.0,0.003759481633826489
burckhardt,burckhardt,Burckhardt Laborgebäude,35,lueftung / montage / monobloecke,22,170.0,10.0,7.7272727272727275,10.0,10.0,355.0,168.0,2.0,2025-11-17,2026-11-06,0.3463541666666667,0.6536458333333334,0,0.0,,11,3,2,1152.0,0.0133721387556045
pred_bau05,pred_bau05,Roche pRED Bau 05,48,mock / metall / deckensegel,5,169.0,20.0,33.8,66.4,94.0,397.0,217.0,2.0,2021-03-01,2022-04-01,0.43817787418655096,0.7245119305856833,0,0.0,,2,0,0,1383.0,0.004909757780440861
pred_bau04,pred_bau04,Roche pRED Bau 04,49,einbau / lueftungskanaele / sbb,14,169.0,10.0,12.071428571428571,22.800000000000004,24.0,860.0,143.0,3.0,2021-01-20,2023-05-29,0.3706959706959707,1.0,0,0.0,,5,1,0,1365.0,0.00549388033743478
elp_v6,elp,ELP Masterterminplan V6,39,montieren / aufmalen / equipment,22,167.0,5.0,7.590909090909091,10.0,20.0,848.0,147.0,4.0,2024-06-03,2026-09-28,0.10195881466599699,0.527373179306881,0,0.0,,3,18,1,1991.0,0.00657700411555048
elp_v6,elp,ELP Masterterminplan V6,69,fertigstellen / trockenbauwaende / glaswaende,18,166.0,10.0,9.222222222222221,10.0,15.0,856.0,159.0,4.0,2024-12-09,2027-04-13,0.19688598694123555,0.6263184329482672,0,0.0,,3,14,1,1991.0,0.006537620857373531
pred_bau07,pred_bau07,Roche pRED Bau 07,41,stuetzen / loggia / versetzen,28,165.0,5.0,5.892857142857143,10.0,10.0,672.0,144.0,3.0,2020-10-29,2022-08-31,0.3542336548767417,0.7138263665594855,7,0.25,,25,1,0,1866.0,0.002004348829581759
usb,usb,USB NBK2 Basel,66,feldgeraete / beschriftung / hauptkanaele,24,164.0,10.0,6.833333333333333,10.0,10.0,606.0,189.0,3.0,2027-01-19,2028-09-15,0.06913716814159292,0.40376106194690264,0,0.0,,3,0,0,1808.0,0.00362679404675026
uh1,uh1,UH1 CS Master Schedule V6,55,uebergabe / off / kick,13,162.0,5.0,12.461538461538462,28.000000000000007,80.0,694.0,184.0,3.0,2024-01-09,2025-12-02,0.2624113475177305,0.5354609929078015,0,0.0,,0,0,0,2538.0,0.003901076408120018
pred_bau05,pred_bau05,Roche pRED Bau 05,62,fassadengeruest / abbau / aufbau,20,162.0,5.0,8.1,20.0,30.0,1104.0,171.0,2.0,2020-03-16,2023-03-24,0.18510484454085321,0.982646420824295,3,0.15,,8,1,0,1383.0,0.004706395032138577
elp_v6,elp,ELP Masterterminplan V6,53,abnahme / ort / kontrolle,18,161.0,5.0,8.944444444444445,5.0,96.0,866.0,238.0,2.0,2025-02-03,2027-06-18,0.2250125565042692,0.6594676042189854,4,0.2222222222222222,,2,6,4,1991.0,0.0063407045664887855
usb,usb,USB NBK2 Basel,4,unterlagsboden / betonieren / ergaenzen,27,161.0,5.0,5.962962962962963,8.0,10.0,628.0,180.0,2.0,2027-02-08,2028-10-27,0.08019911504424779,0.4269911504424779,0,0.0,,16,0,0,1808.0,0.0035604502532121454
elp_v6,elp,ELP Masterterminplan V6,20,cns / verkleidung / seite,18,160.0,5.0,8.88888888888889,23.000000000000007,40.0,534.0,212.0,3.0,2025-04-07,2026-09-22,0.25665494726268206,0.5243596182822702,0,0.0,,3,3,0,1991.0,0.0063013213083118365
pred_bau04,pred_bau04,Roche pRED Bau 04,29,einbringung / aufstellung / montage,7,160.0,10.0,22.857142857142858,45.000000000000014,75.0,998.0,176.0,3.0,2019-11-18,2022-08-11,0.05641025641025641,0.7868131868131868,0,0.0,,4,0,0,1365.0,0.00520130682834062
dc30,dc30,DC30 Rechenzentrum,20,cns / verkleidung / seite,6,160.0,27.5,26.666666666666668,30.0,30.0,130.0,127.0,4.0,2026-07-28,2026-12-04,0.34660421545667447,0.6487119437939111,0,0.0,,1,2,0,427.0,0.00441415841311005
pred_bau05,pred_bau05,Roche pRED Bau 05,35,lueftung / montage / monobloecke,15,159.0,10.0,10.6,15.0,35.0,923.0,235.0,2.0,2020-04-17,2022-10-26,0.20824295010845986,0.8749096167751266,1,0.06666666666666667,,4,1,0,1383.0,0.004619239568580455
pred_bau04,pred_bau04,Roche pRED Bau 04,48,mock / metall / deckensegel,9,156.0,15.0,17.333333333333332,22.0,22.0,97.0,97.0,3.0,2021-01-07,2021-04-13,0.36117216117216117,0.4315018315018315,0,0.0,,1,0,0,1365.0,0.005071274157632105
frankfurt_four,frankfurt_four,Frankfurt Four RT4,6,schliessen / waende / schotts,31,155.0,5.0,5.0,5.0,5.0,218.0,167.0,2.0,2022-02-11,2022-09-16,0.038580246913580245,0.3734567901234568,0,0.0,300.0,5,5,0,648.0,0.07531584062196307
baeretower,baeretower,Zentrum Bären / BäreTower,79,sanitaer / halterung / montage,31,155.0,5.0,5.0,5.0,5.0,369.0,141.0,4.0,2020-12-17,2021-12-20,0.497164461247637,0.8449905482041588,0,0.0,580.0,28,0,0,1058.0,0.011064315796987651
pred_bau05,pred_bau05,Roche pRED Bau 05,78,innere / spezialverglasungen / buero,17,155.0,10.0,9.117647058823529,10.0,11.0,306.0,145.0,3.0,2021-08-09,2022-06-10,0.5545914678235719,0.7751265365148229,1,0.058823529411764705,,7,2,0,1383.0,0.004503032283836293
pred_bau07,pred_bau07,Roche pRED Bau 07,4,unterlagsboden / betonieren / ergaenzen,32,154.0,5.0,4.8125,5.0,11.0,724.0,199.0,2.0,2020-08-03,2022-07-27,0.30760986066452306,0.695069667738478,7,0.21875,,24,1,0,1866.0,0.0018707255742763085
dc30,dc30,DC30 Rechenzentrum,57,abbruch / achse / betonwaende,3,150.0,50.0,50.0,50.0,50.0,117.0,117.0,3.0,2026-08-03,2026-11-27,0.36065573770491804,0.6323185011709602,0,0.0,,3,2,0,427.0,0.004138273512290672
frankfurt_four,frankfurt_four,Frankfurt Four RT4,9,fertigstellung / lbw / mauerwerk,26,145.0,5.0,5.576923076923077,7.5,10.0,392.0,160.0,3.0,2022-03-18,2023-04-13,0.09259259259259259,0.6959876543209876,0,0.0,220.0,5,3,0,648.0,0.07045675413022352
pred_bau05,pred_bau05,Roche pRED Bau 05,57,abbruch / achse / betonwaende,32,144.0,5.0,4.5,5.0,5.0,278.0,71.0,4.0,2021-05-10,2022-02-11,0.48879248011569054,0.6890817064352857,0,0.0,,6,2,0,1383.0,0.004183462250789846
elp_v7,elp,ELP Masterterminplan V7,59,technik / raeumung / deckenelemente,12,142.0,12.5,11.833333333333334,16.8,25.0,452.0,126.0,4.0,2026-06-01,2027-08-26,0.5230337078651686,0.7764044943820225,0,0.0,,2,7,3,1780.0,0.017158047365877234
pred_bau04,pred_bau04,Roche pRED Bau 04,57,abbruch / achse / betonwaende,21,141.0,5.0,6.714285714285714,5.0,41.0,224.0,111.0,4.0,2021-04-20,2021-11-29,0.43663003663003663,0.6,0,0.0,,5,2,0,1365.0,0.004583651642475172
uh1,uh1,UH1 CS Master Schedule V6,16,produktion / avor bestellung / apa,2,140.0,70.0,70.0,74.0,75.0,173.0,173.0,2.0,2022-08-01,2023-01-20,0.055161544523246654,0.12293144208037825,0,0.0,,0,0,0,2538.0,0.0033713005996098924
pred_bau04,pred_bau04,Roche pRED Bau 04,24,blitzschutz / brandschott / brandschutzdecke,16,137.0,5.0,8.5625,10.0,35.0,780.0,147.0,2.0,2020-10-21,2022-12-09,0.304029304029304,0.8747252747252747,0,0.0,,4,3,0,1365.0,0.004453618971766656
usb,usb,USB NBK2 Basel,30,boden / zimmermann / nebenraeume,25,137.0,5.0,5.48,8.0,10.0,280.0,123.0,4.0,2026-11-27,2027-09-02,0.03982300884955752,0.19413716814159293,0,0.0,,5,0,0,1808.0,0.0030296999049072293
burckhardt,burckhardt,Burckhardt Laborgebäude,44,rlt / kanaele / bsk,9,135.0,15.0,15.0,15.0,15.0,222.0,192.0,1.0,2026-07-20,2027-02-26,0.5590277777777778,0.7508680555555556,0,0.0,,9,1,1,1152.0,0.01061905136474475
elp_v6,elp,ELP Masterterminplan V6,75,prov / bodenaufbau / baulift,10,135.0,12.5,13.5,21.499999999999993,35.0,563.0,157.0,3.0,2025-07-01,2027-01-14,0.299347061778001,0.5816172777498745,0,0.0,,3,5,2,1991.0,0.005316739853888112
burckhardt,burckhardt,Burckhardt Laborgebäude,45,schreinerarbeiten / restarbeiten / abdichtungsarbeiten,7,135.0,10.0,19.285714285714285,37.0,40.0,201.0,137.0,2.0,2026-01-26,2026-08-14,0.4071180555555556,0.5807291666666666,0,0.0,,0,1,3,1152.0,0.01061905136474475
elp_v7,elp,ELP Masterterminplan V7,49,einbau / lueftungskanaele / sbb,14,134.0,9.5,9.571428571428571,20.0,20.0,1315.0,117.0,4.0,2023-12-27,2027-08-02,0.024719101123595506,0.7629213483146068,0,0.0,,2,3,1,1780.0,0.016191396810053167
elp_v7,elp,ELP Masterterminplan V7,27,abdichtung / schritt / prov,10,133.0,16.0,13.3,20.0,20.0,1328.0,178.0,1.0,2023-11-13,2027-07-02,0.0,0.7455056179775281,0,0.0,,2,1,1,1780.0,0.016070565490575155
pred_bau05,pred_bau05,Roche pRED Bau 05,42,treppen / ausgleichsschicht / stahleinlagen,27,133.0,4.0,4.925925925925926,9.0,11.0,785.0,123.0,3.0,2019-12-06,2022-01-28,0.11207519884309472,0.6789587852494577,0,0.0,,3,0,0,1383.0,0.0038638922177434
pred_bau04,pred_bau04,Roche pRED Bau 04,7,reinigung / oberhalb / obergeschosse,26,132.0,5.0,5.076923076923077,5.0,24.0,481.0,89.0,5.0,2021-09-13,2023-01-06,0.5435897435897435,0.8952380952380953,5,0.19230769230769232,,6,3,0,1365.0,0.004291078133381012
dc30,dc30,DC30 Rechenzentrum,29,einbringung / aufstellung / montage,20,132.0,5.0,6.6,10.600000000000009,16.0,178.0,129.0,3.0,2026-08-18,2027-02-11,0.3957845433255269,0.810304449648712,0,0.0,,4,3,0,427.0,0.0036416806908157917
frankfurt_four,frankfurt_four,Frankfurt Four RT4,19,decke / verbundstuetzen / betonstuetzen,27,132.0,5.0,4.888888888888889,5.0,5.0,257.0,128.0,2.0,2022-01-24,2022-10-07,0.010802469135802469,0.4058641975308642,0,0.0,339.0,3,6,0,648.0,0.0641399416909621
pred_bau04,pred_bau04,Roche pRED Bau 04,27,abdichtung / schritt / prov,10,131.0,13.0,13.1,18.4,22.0,483.0,89.0,4.0,2021-01-14,2022-05-11,0.3663003663003663,0.7194139194139194,0,0.0,,4,0,0,1365.0,0.004258569965703883
pred_bau05,pred_bau05,Roche pRED Bau 05,75,prov / bodenaufbau / baulift,10,130.0,10.0,13.0,20.999999999999996,30.0,905.0,168.0,1.0,2020-06-24,2022-12-15,0.257411424439624,0.911062906724512,1,0.1,,8,0,0,1383.0,0.003776736754185278
elp_v7,elp,ELP Masterterminplan V7,13,start / termin / natursteinsockel aussen,2,130.0,65.0,65.0,65.0,65.0,469.0,185.0,1.0,2027-06-17,2028-09-27,0.7370786516853932,1.0,0,0.0,,0,0,0,1780.0,0.01570807153214113
elp_v7,elp,ELP Masterterminplan V7,51,hartbeton / verbund / rampen,13,130.0,10.0,10.0,10.0,15.0,1237.0,167.0,3.0,2024-03-04,2027-07-23,0.06292134831460675,0.7573033707865169,0,0.0,,3,7,1,1780.0,0.01570807153214113
elp_v6,elp,ELP Masterterminplan V6,13,start / termin / natursteinsockel aussen,2,130.0,65.0,65.0,65.0,65.0,469.0,185.0,1.0,2027-06-17,2028-09-27,0.6589653440482169,0.8940231039678553,0,0.0,,0,0,0,1991.0,0.005119823563003367
pred_bau05,pred_bau05,Roche pRED Bau 05,14,fzag / treppenhaus / beauftragen,18,130.0,5.0,7.222222222222222,6.5000000000000036,40.0,508.0,143.0,2.0,2021-08-09,2022-12-29,0.5545914678235719,0.9211858279103399,3,0.16666666666666666,,7,1,0,1383.0,0.003776736754185278
pred_bau07,pred_bau07,Roche pRED Bau 07,59,technik / raeumung / deckenelemente,1,129.0,129.0,129.0,129.0,129.0,187.0,187.0,1.0,2023-08-14,2024-02-16,0.9003215434083601,1.0,1,1.0,,1,0,0,1866.0,0.0015670363576730118
baeretower,baeretower,Zentrum Bären / BäreTower,7,reinigung / oberhalb / obergeschosse,37,129.0,3.0,3.4864864864864864,5.199999999999996,10.0,365.0,122.0,3.0,2020-12-23,2021-12-22,0.502835538752363,0.8468809073724007,0,0.0,435.0,31,0,0,1058.0,0.009208366050396174
elp_v6,elp,ELP Masterterminplan V6,33,beleuchtung / feinmontage / einbau komponenten,18,128.0,7.0,7.111111111111111,10.0,15.0,929.0,156.0,3.0,2024-08-12,2027-02-26,0.13711702661978906,0.6032144650929181,0,0.0,,3,16,3,1991.0,0.00504105704664947
pred_bau05,pred_bau05,Roche pRED Bau 05,79,sanitaer / halterung / montage,18,128.0,5.0,7.111111111111111,11.500000000000004,15.0,383.0,100.0,3.0,2021-05-10,2022-05-27,0.48879248011569054,0.765003615328995,0,0.0,,8,4,0,1383.0,0.003718633111813197
dc30,dc30,DC30 Rechenzentrum,5,vorfertigung / avor / apa,6,127.0,15.5,21.166666666666668,33.5,51.0,107.0,107.0,3.0,2026-05-27,2026-09-10,0.20140515222482436,0.4496487119437939,0,0.0,,2,5,0,427.0,0.0035037382404061027
elp_v6,elp,ELP Masterterminplan V6,14,fzag / treppenhaus / beauftragen,17,126.0,5.0,7.411764705882353,16.000000000000007,35.0,1324.0,173.0,2.0,2023-11-13,2027-06-28,0.0,0.66449020592667,0,0.0,,2,8,3,1991.0,0.004962290530295572
elp_v6,elp,ELP Masterterminplan V6,60,rueckbau / kofferblech / tragender,9,124.0,15.0,13.777777777777779,25.8,29.0,96.0,78.0,5.0,2026-02-09,2026-05-15,0.41135107985936714,0.4590657960823707,0,0.0,,2,3,3,1991.0,0.0048835240139416735
elp_v7,elp,ELP Masterterminplan V7,11,ulk / endmontage / nshv,23,122.0,5.0,5.304347826086956,9.000000000000004,10.0,1377.0,133.0,4.0,2023-11-13,2027-08-20,0.0,0.7730337078651686,0,0.0,,3,9,3,1780.0,0.014741420976317062
elp_v6,elp,ELP Masterterminplan V6,15,daemmung / hauptleitungen / terrasse,13,122.0,10.0,9.384615384615385,10.0,15.0,414.0,95.0,4.0,2025-07-29,2026-09-15,0.3134103465595178,0.520843797086891,0,0.0,,3,9,2,1991.0,0.0048047574975877754
dc30,dc30,DC30 Rechenzentrum,54,einbauen / doppelboden / schreiner,21,122.0,5.0,5.809523809523809,10.0,10.0,116.0,69.0,7.0,2026-07-28,2026-11-20,0.34660421545667447,0.6159250585480094,0,0.0,,1,3,0,427.0,0.0033657957899964133
frankfurt_four,frankfurt_four,Frankfurt Four RT4,36,montage / zone / leuchten,24,120.0,5.0,5.0,5.0,5.0,208.0,139.0,2.0,2022-03-28,2022-10-21,0.10802469135802469,0.42746913580246915,0,0.0,310.0,5,5,0,648.0,0.05830903790087463
elp_v7,elp,ELP Masterterminplan V7,17,kabelzug / msr / lwl,10,120.0,15.0,12.0,15.0,15.0,179.0,101.0,5.0,2027-02-05,2027-08-02,0.6629213483146067,0.7629213483146068,0,0.0,,1,5,1,1780.0,0.014499758337361043
burckhardt,burckhardt,Burckhardt Laborgebäude,67,grobmontage / korridor / steigzone,10,120.0,10.0,12.0,20.0,20.0,110.0,101.0,3.0,2024-12-09,2025-03-28,0.04861111111111111,0.14322916666666666,0,0.0,,9,0,1,1152.0,0.009439156768662
frankfurt_four,frankfurt_four,Frankfurt Four RT4,1,leitungen / haupt / vorbereitung,1,120.0,120.0,120.0,120.0,120.0,176.0,176.0,1.0,2023-03-14,2023-09-05,0.6496913580246914,0.9197530864197531,0,0.0,,0,0,0,648.0,0.05830903790087463
uh1,uh1,UH1 CS Master Schedule V6,13,start / termin / natursteinsockel aussen,4,119.0,12.5,29.75,68.30000000000001,89.0,677.0,157.0,2.0,2022-10-24,2024-08-30,0.08825847123719464,0.3546099290780142,0,0.0,,0,0,1,2538.0,0.0028656055096684084
frankfurt_four,frankfurt_four,Frankfurt Four RT4,47,inbetriebnahme / inbetriebsetzung / inbetreibnahme,1,119.0,119.0,119.0,119.0,119.0,173.0,173.0,1.0,2023-01-09,2023-06-30,0.5509259259259259,0.816358024691358,0,0.0,,0,0,0,648.0,0.05782312925170068
pred_bau05,pred_bau05,Roche pRED Bau 05,49,einbau / lueftungskanaele / sbb,11,114.0,10.0,10.363636363636363,15.0,20.0,478.0,169.0,1.0,2021-04-08,2022-07-29,0.4656543745480839,0.8105567606652205,2,0.18181818181818182,,7,0,0,1383.0,0.003311907615208628
pred_bau04,pred_bau04,Roche pRED Bau 04,11,ulk / endmontage / nshv,15,114.0,10.0,7.6,10.0,10.0,821.0,89.0,4.0,2020-10-14,2023-01-12,0.2989010989010989,0.8996336996336997,0,0.0,,4,3,0,1365.0,0.003705931115192692
pred_bau05,pred_bau05,Roche pRED Bau 05,11,ulk / endmontage / nshv,14,112.0,10.0,8.0,10.0,10.0,766.0,96.0,3.0,2020-11-04,2022-12-09,0.35357917570498915,0.9067245119305857,0,0.0,,4,2,0,1383.0,0.003253803972836547
pred_bau05,pred_bau05,Roche pRED Bau 05,29,einbringung / aufstellung / montage,6,110.0,15.0,18.333333333333332,30.0,40.0,626.0,144.0,2.0,2021-02-10,2022-10-28,0.4244396240057845,0.8763557483731019,0,0.0,,2,0,0,1383.0,0.003195700330464466
burckhardt,burckhardt,Burckhardt Laborgebäude,57,abbruch / achse / betonwaende,10,110.0,10.0,11.0,11.499999999999995,25.0,183.0,130.0,3.0,2025-02-28,2025-08-29,0.1189236111111111,0.2769097222222222,0,0.0,,3,0,1,1152.0,0.0086525603712735
frankfurt_four,frankfurt_four,Frankfurt Four RT4,0,tueren / einhaengen / montage,21,105.0,5.0,5.0,5.0,5.0,380.0,110.0,2.0,2022-03-14,2023-03-28,0.08641975308641975,0.6712962962962963,0,0.0,120.0,3,6,0,648.0,0.05102040816326531
elp_v7,elp,ELP Masterterminplan V7,3,malerarbeiten / finish / decke,12,105.0,10.0,8.75,10.0,10.0,240.0,122.0,2.0,2027-02-23,2027-10-20,0.6730337078651686,0.8073033707865168,0,0.0,,3,7,0,1780.0,0.012687288545190913
elp_v6,elp,ELP Masterterminplan V6,47,inbetriebnahme / inbetriebsetzung / inbetreibnahme,10,104.0,5.0,10.4,20.0,20.0,540.0,114.0,3.0,2026-01-05,2027-06-28,0.3937719738824711,0.66449020592667,3,0.3,,1,2,2,1991.0,0.0040958588504026935
dc30,dc30,DC30 Rechenzentrum,39,montieren / aufmalen / equipment,18,103.0,5.0,5.722222222222222,6.0,15.0,91.0,78.0,5.0,2026-08-11,2026-11-09,0.3793911007025761,0.5901639344262295,0,0.0,,3,2,0,427.0,0.002841614478439595
elp_v6,elp,ELP Masterterminplan V6,30,boden / zimmermann / nebenraeume,11,103.0,15.0,9.363636363636363,15.0,15.0,558.0,95.0,4.0,2025-05-15,2026-11-23,0.27574083375188346,0.5554997488699146,0,0.0,,2,6,0,1991.0,0.0040564755922257445
pred_bau04,pred_bau04,Roche pRED Bau 04,42,treppen / ausgleichsschicht / stahleinlagen,17,103.0,7.0,6.0588235294117645,8.4,10.0,798.0,123.0,2.0,2019-12-20,2022-02-24,0.07985347985347985,0.6637362637362637,0,0.0,,4,0,0,1365.0,0.0033483412707442746
baeretower,baeretower,Zentrum Bären / BäreTower,11,ulk / endmontage / nshv,9,103.0,10.0,11.444444444444445,17.0,25.0,323.0,105.0,3.0,2020-05-05,2021-03-23,0.2835538752362949,0.5879017013232514,0,0.0,,3,0,0,1058.0,0.007352416303804697
elp_v6,elp,ELP Masterterminplan V6,43,modellbearbeitung / pendenzenbearbeitung / labormoebel,15,102.0,5.0,6.8,10.0,10.0,186.0,117.0,2.0,2026-08-10,2027-02-11,0.5027624309392266,0.5956805625313912,0,0.0,,1,2,0,1991.0,0.0040170923340487955
dc30,dc30,DC30 Rechenzentrum,31,einbringen / aufstellen / anbringen,18,101.0,5.0,5.611111111111111,5.0,16.0,137.0,113.0,2.0,2026-10-12,2027-02-25,0.5245901639344263,0.8430913348946136,0,0.0,,3,2,0,427.0,0.0027864374982757194
uh1,uh1,UH1 CS Master Schedule V6,31,einbringen / aufstellen / anbringen,16,100.0,5.0,6.25,10.0,10.0,711.0,146.0,1.0,2023-12-11,2025-11-20,0.25098502758077224,0.5307328605200946,0,0.0,,0,0,0,2538.0,0.002408071856864209
dc30,dc30,DC30 Rechenzentrum,78,innere / spezialverglasungen / buero,10,100.0,10.0,10.0,10.0,10.0,117.0,76.0,3.0,2026-07-20,2026-11-13,0.32786885245901637,0.5995316159250585,0,0.0,,5,2,0,427.0,0.0027588490081937814
pred_bau05,pred_bau05,Roche pRED Bau 05,0,tueren / einhaengen / montage,7,100.0,15.0,14.285714285714286,26.000000000000007,35.0,451.0,80.0,3.0,2020-09-16,2021-12-10,0.31814895155459144,0.64352856109906,0,0.0,,3,0,0,1383.0,0.00290518211860406
frankfurt_four,frankfurt_four,Frankfurt Four RT4,65,decken / waende / streichen,27,100.0,5.0,3.7037037037037037,5.0,5.0,173.0,92.0,2.0,2022-04-04,2022-09-23,0.11882716049382716,0.38425925925925924,0,0.0,230.0,5,6,0,648.0,0.04859086491739553
burckhardt,burckhardt,Burckhardt Laborgebäude,48,mock / metall / deckensegel,10,100.0,10.0,10.0,10.0,10.0,222.0,120.0,1.0,2026-04-27,2026-12-04,0.4861111111111111,0.6779513888888888,0,0.0,,10,2,1,1152.0,0.007865963973884999
burckhardt,burckhardt,Burckhardt Laborgebäude,69,fertigstellen / trockenbauwaende / glaswaende,10,100.0,10.0,10.0,10.0,10.0,215.0,115.0,2.0,2026-07-13,2027-02-12,0.5529513888888888,0.7387152777777778,0,0.0,,9,2,2,1152.0,0.007865963973884999
baeretower,baeretower,Zentrum Bären / BäreTower,47,inbetriebnahme / inbetriebsetzung / inbetreibnahme,2,99.0,49.5,49.5,65.1,69.0,129.0,129.0,2.0,2022-01-04,2022-05-12,0.8591682419659735,0.9801512287334594,0,0.0,,0,0,0,1058.0,0.007066885573559854
dc30,dc30,DC30 Rechenzentrum,13,start / termin / natursteinsockel aussen,18,98.0,5.0,5.444444444444445,6.0,10.0,105.0,76.0,4.0,2026-07-28,2026-11-09,0.34660421545667447,0.5901639344262295,0,0.0,,3,2,0,427.0,0.002703672028029906
baeretower,baeretower,Zentrum Bären / BäreTower,35,lueftung / montage / monobloecke,31,97.0,3.0,3.129032258064516,3.0,5.0,365.0,90.0,2.0,2020-12-21,2021-12-20,0.500945179584121,0.8449905482041588,0,0.0,174.0,28,0,0,1058.0,0.006924120208437433
elp_v6,elp,ELP Masterterminplan V6,27,abdichtung / schritt / prov,3,97.0,5.0,32.333333333333336,70.60000000000001,87.0,974.0,137.0,1.0,2024-02-05,2026-10-05,0.04218985434455048,0.5308890005022602,0,0.0,,2,2,1,1991.0,0.003820176043164051
uh1,uh1,UH1 CS Master Schedule V6,51,hartbeton / verbund / rampen,10,95.0,7.5,9.5,15.0,15.0,1054.0,101.0,2.0,2022-10-24,2025-09-11,0.08825847123719464,0.5031520882584712,0,0.0,,0,1,0,2538.0,0.0022876682640209983
uh1,uh1,UH1 CS Master Schedule V6,73,anlage / usv / bereit,11,94.0,5.0,8.545454545454545,5.0,44.0,1950.0,113.0,4.0,2022-08-08,2027-12-09,0.057919621749408984,0.8258471237194641,0,0.0,,5,4,1,2538.0,0.002263587545452356
elp_v7,elp,ELP Masterterminplan V7,38,test / integrale / ibs,7,91.0,5.0,13.0,29.00000000000002,65.0,1781.0,128.0,2.0,2023-11-13,2028-09-27,0.0,1.0,0,0.0,,1,3,1,1780.0,0.01099565007249879
elp_v6,elp,ELP Masterterminplan V6,54,einbauen / doppelboden / schreiner,15,88.0,5.0,5.866666666666666,10.0,10.0,504.0,113.0,2.0,2025-08-22,2027-01-07,0.32546459065796085,0.5781014565544952,0,0.0,,3,7,0,1991.0,0.00346572671957151
elp_v7,elp,ELP Masterterminplan V7,62,fassadengeruest / abbau / aufbau,3,86.0,10.0,28.666666666666668,62.0,75.0,1157.0,133.0,1.0,2023-11-13,2027-01-12,0.0,0.6494382022471911,0,0.0,,2,2,1,1780.0,0.010391493475108747
burckhardt,burckhardt,Burckhardt Laborgebäude,59,technik / raeumung / deckenelemente,12,85.0,5.0,7.083333333333333,10.0,20.0,866.0,95.0,1.0,2025-02-17,2027-07-02,0.109375,0.8602430555555556,0,0.0,,9,2,4,1152.0,0.00668606937780225
pred_bau04,pred_bau04,Roche pRED Bau 04,3,malerarbeiten / finish / decke,5,85.0,5.0,17.0,36.0,40.0,529.0,116.0,2.0,2020-03-31,2021-09-10,0.15457875457875458,0.5413919413919414,0,0.0,,2,1,0,1365.0,0.0027631942525559545
burckhardt,burckhardt,Burckhardt Laborgebäude,9,fertigstellung / lbw / mauerwerk,4,85.0,17.5,21.25,34.0,40.0,334.0,111.0,1.0,2025-10-06,2026-09-04,0.3098958333333333,0.5989583333333334,0,0.0,,2,2,2,1152.0,0.00668606937780225
elp_v7,elp,ELP Masterterminplan V7,66,feldgeraete / beschriftung / hauptkanaele,25,85.0,3.0,3.4,5.0,5.0,175.0,44.0,7.0,2027-02-05,2027-07-29,0.6629213483146067,0.7606741573033707,0,0.0,,1,5,3,1780.0,0.010270662155630739
uh1,uh1,UH1 CS Master Schedule V6,1,leitungen / haupt / vorbereitung,10,84.0,10.0,8.4,10.0,10.0,1338.0,101.0,2.0,2022-06-20,2026-02-16,0.038613081166272656,0.5654058313632782,0,0.0,,0,0,0,2538.0,0.0020227803597659354
elp_v7,elp,ELP Masterterminplan V7,48,mock / metall / deckensegel,14,81.0,5.0,5.785714285714286,10.0,20.0,210.0,64.0,4.0,2026-12-16,2027-07-13,0.6342696629213483,0.751685393258427,0,0.0,,3,7,0,1780.0,0.009787336877718704
uh1,uh1,UH1 CS Master Schedule V6,27,abdichtung / schritt / prov,4,80.0,20.0,20.0,20.0,20.0,1172.0,110.0,1.0,2024-09-30,2027-12-15,0.3668242710795902,0.8282111899133175,0,0.0,,1,4,0,2538.0,0.001926457485491367
elp_v6,elp,ELP Masterterminplan V6,76,lieferung / montage / isp,56,80.0,1.0,1.4285714285714286,1.0,25.0,755.0,95.0,7.0,2025-04-25,2027-05-19,0.26569563033651433,0.6443997990959317,0,0.0,,3,10,0,1991.0,0.0031506606541559182
uh1,uh1,UH1 CS Master Schedule V6,64,zla / kommerz / halle,1,80.0,80.0,80.0,80.0,80.0,122.0,122.0,1.0,2024-09-11,2025-01-10,0.35933806146572106,0.4070133963750985,0,0.0,,0,1,0,2538.0,0.001926457485491367
pred_bau05,pred_bau05,Roche pRED Bau 05,58,erstellen / konzept / ausschreibung,9,80.0,10.0,8.88888888888889,11.0,15.0,361.0,67.0,3.0,2021-06-01,2022-05-27,0.5046999276934201,0.765003615328995,3,0.3333333333333333,,2,0,0,1383.0,0.002324145694883248
burckhardt,burckhardt,Burckhardt Laborgebäude,4,unterlagsboden / betonieren / ergaenzen,13,80.0,5.0,6.153846153846154,9.000000000000004,15.0,523.0,86.0,1.0,2025-12-08,2027-05-14,0.3645833333333333,0.8177083333333334,0,0.0,,11,1,1,1152.0,0.006292771179108
pred_bau07,pred_bau07,Roche pRED Bau 07,47,inbetriebnahme / inbetriebsetzung / inbetreibnahme,8,80.0,10.0,10.0,10.0,10.0,198.0,68.0,3.0,2022-02-07,2022-08-23,0.6039657020364416,0.7095391211146839,0,0.0,,0,0,0,1866.0,0.0009718054931305499
dc30,dc30,DC30 Rechenzentrum,64,zla / kommerz / halle,4,80.0,20.0,20.0,27.0,30.0,131.0,90.0,2.0,2026-09-21,2027-01-29,0.47540983606557374,0.7798594847775175,0,0.0,,2,2,0,427.0,0.002207079206555025
pred_bau07,pred_bau07,Roche pRED Bau 07,52,anstrich / ral / weissputz,7,80.0,10.0,11.428571428571429,20.0,20.0,937.0,76.0,3.0,2020-10-28,2023-05-22,0.3536977491961415,0.8553054662379421,1,0.14285714285714285,,5,0,0,1866.0,0.0009718054931305499
frankfurt_four,frankfurt_four,Frankfurt Four RT4,3,malerarbeiten / finish / decke,20,79.0,2.0,3.95,10.0,10.0,361.0,104.0,2.0,2022-04-01,2023-03-27,0.11419753086419752,0.6697530864197531,0,0.0,266.0,5,6,0,648.0,0.038386783284742466
baeretower,baeretower,Zentrum Bären / BäreTower,0,tueren / einhaengen / montage,68,78.0,1.0,1.1470588235294117,1.0,4.0,367.0,45.0,4.0,2020-12-16,2021-12-17,0.4962192816635161,0.8421550094517959,0,0.0,116.0,31,0,0,1058.0,0.005567849239774431
elp_v7,elp,ELP Masterterminplan V7,65,decken / waende / streichen,9,76.0,10.0,8.444444444444445,10.0,10.0,1387.0,79.0,3.0,2023-11-13,2027-08-30,0.0,0.7786516853932585,0,0.0,,2,7,1,1780.0,0.00918318028032866
elp_v6,elp,ELP Masterterminplan V6,61,fassade / riegel / haupttrassen,5,75.0,15.0,15.0,20.0,20.0,866.0,104.0,1.0,2024-09-30,2027-02-12,0.1617277749874435,0.5961828227021597,0,0.0,,1,3,1,1991.0,0.0029537443632711735
burckhardt,burckhardt,Burckhardt Laborgebäude,50,heizung / halterungen / uebergeordnete,12,75.0,5.0,6.25,5.0,20.0,236.0,81.0,1.0,2025-11-24,2026-07-17,0.3524305555555556,0.5564236111111112,0,0.0,,11,1,1,1152.0,0.0058994729804137495
elp_v7,elp,ELP Masterterminplan V7,47,inbetriebnahme / inbetriebsetzung / inbetreibnahme,2,75.0,37.5,37.5,63.5,70.0,1106.0,105.0,1.0,2024-08-14,2027-08-24,0.1544943820224719,0.7752808988764045,0,0.0,,1,1,1,1780.0,0.009062348960850652
pred_bau04,pred_bau04,Roche pRED Bau 04,59,technik / raeumung / deckenelemente,6,75.0,15.0,12.5,15.0,15.0,792.0,112.0,1.0,2020-10-02,2022-12-02,0.29010989010989013,0.8695970695970696,3,0.5,,3,1,0,1365.0,0.0024381125757846657
burckhardt,burckhardt,Burckhardt Laborgebäude,22,demontage / nachtarbeit / theke,7,75.0,10.0,10.714285714285714,12.000000000000002,15.0,425.0,79.0,2.0,2026-01-05,2027-03-05,0.3888888888888889,0.7569444444444444,0,0.0,,0,1,0,1152.0,0.0058994729804137495
burckhardt,burckhardt,Burckhardt Laborgebäude,79,sanitaer / halterung / montage,12,75.0,5.0,6.25,5.0,20.0,257.0,81.0,1.0,2025-11-24,2026-08-07,0.3524305555555556,0.5746527777777778,0,0.0,,11,1,1,1152.0,0.0058994729804137495
elp_v7,elp,ELP Masterterminplan V7,45,schreinerarbeiten / restarbeiten / abdichtungsarbeiten,6,75.0,10.0,12.5,20.0,30.0,981.0,101.0,2.0,2025-03-26,2027-12-01,0.2803370786516854,0.8308988764044943,0,0.0,,3,4,1,1780.0,0.009062348960850652
burckhardt,burckhardt,Burckhardt Laborgebäude,12,installation / rueckbauen / aufhaengung,5,75.0,15.0,15.0,15.0,15.0,85.0,85.0,3.0,2027-01-11,2027-04-05,0.7109375,0.7838541666666666,0,0.0,,0,1,1,1152.0,0.0058994729804137495
pred_bau05,pred_bau05,Roche pRED Bau 05,10,elektro / installation / feinmontage,13,75.0,5.0,5.769230769230769,9.000000000000004,10.0,214.0,67.0,2.0,2021-07-05,2022-02-03,0.5292841648590022,0.6832971800433839,0,0.0,,8,3,0,1383.0,0.002178886588953045
dc30,dc30,DC30 Rechenzentrum,63,bodenbelag / bodenplatte / bodenbelaege,9,73.0,9.0,8.11111111111111,10.0,10.0,74.0,64.0,3.0,2026-07-28,2026-10-09,0.34660421545667447,0.5175644028103045,0,0.0,,1,3,0,427.0,0.0020139597759814606
dc30,dc30,DC30 Rechenzentrum,60,rueckbau / kofferblech / tragender,12,73.0,5.0,6.083333333333333,6.0,16.0,142.0,78.0,2.0,2026-10-12,2027-03-02,0.5245901639344263,0.8548009367681498,0,0.0,,1,5,0,427.0,0.0020139597759814606
pred_bau05,pred_bau05,Roche pRED Bau 05,27,abdichtung / schritt / prov,8,72.0,6.0,9.0,14.499999999999996,25.0,410.0,98.0,1.0,2020-09-29,2021-11-12,0.3275488069414317,0.6232827187274042,0,0.0,,6,0,0,1383.0,0.002091731125394923
elp_v7,elp,ELP Masterterminplan V7,60,rueckbau / kofferblech / tragender,2,70.0,35.0,35.0,55.0,60.0,240.0,107.0,1.0,2025-07-02,2026-02-26,0.33539325842696627,0.4696629213483146,0,0.0,,1,1,1,1780.0,0.008458192363460609
pred_bau05,pred_bau05,Roche pRED Bau 05,24,blitzschutz / brandschott / brandschutzdecke,11,70.0,5.0,6.363636363636363,10.0,10.0,787.0,82.0,1.0,2020-10-14,2022-12-09,0.3383947939262473,0.9067245119305857,0,0.0,,4,1,0,1383.0,0.002033627483022842
pred_bau05,pred_bau05,Roche pRED Bau 05,63,bodenbelag / bodenplatte / bodenbelaege,14,70.0,5.0,5.0,5.0,5.0,305.0,47.0,2.0,2021-04-06,2022-02-04,0.4642082429501085,0.6840202458423716,0,0.0,,7,2,0,1383.0,0.002033627483022842
burckhardt,burckhardt,Burckhardt Laborgebäude,0,tueren / einhaengen / montage,14,70.0,5.0,5.0,5.0,5.0,131.0,40.0,2.0,2027-01-11,2027-05-21,0.7109375,0.8237847222222222,0,0.0,,8,3,2,1152.0,0.0055061747817195
usb,usb,USB NBK2 Basel,69,fertigstellen / trockenbauwaende / glaswaende,4,70.0,10.0,17.5,31.000000000000007,40.0,200.0,97.0,2.0,2027-04-27,2027-11-12,0.12334070796460177,0.2334070796460177,0,0.0,,3,0,0,1808.0,0.001548021849222672
pred_bau04,pred_bau04,Roche pRED Bau 04,35,lueftung / montage / monobloecke,6,70.0,10.0,11.666666666666666,15.0,15.0,603.0,108.0,2.0,2020-04-17,2021-12-10,0.16703296703296702,0.608058608058608,0,0.0,,3,1,0,1365.0,0.0022755717373990213
pred_bau04,pred_bau04,Roche pRED Bau 04,31,einbringen / aufstellen / anbringen,8,70.0,10.0,8.75,10.0,10.0,316.0,55.0,4.0,2022-01-28,2022-12-09,0.643956043956044,0.8747252747252747,4,0.5,,5,2,0,1365.0,0.0022755717373990213
pred_bau04,pred_bau04,Roche pRED Bau 04,41,stuetzen / loggia / versetzen,10,70.0,5.0,7.0,10.499999999999998,15.0,741.0,72.0,2.0,2020-10-14,2022-10-24,0.2989010989010989,0.841025641025641,0,0.0,,5,2,0,1365.0,0.0022755717373990213
pred_bau05,pred_bau05,Roche pRED Bau 05,7,reinigung / oberhalb / obergeschosse,17,69.0,5.0,4.0588235294117645,5.0,5.0,313.0,42.0,2.0,2022-01-31,2022-12-09,0.6811279826464208,0.9067245119305857,6,0.35294117647058826,,7,2,0,1383.0,0.0020045756618368013
uh1,uh1,UH1 CS Master Schedule V6,75,prov / bodenaufbau / baulift,12,67.0,3.0,5.583333333333333,10.0,22.0,1157.0,89.0,1.0,2022-09-26,2025-11-25,0.07722616233254531,0.5327029156816391,0,0.0,,0,1,1,2538.0,0.0016134081440990198
dc30,dc30,DC30 Rechenzentrum,61,fassade / riegel / haupttrassen,13,67.0,5.0,5.153846153846154,5.800000000000001,6.0,207.0,58.0,4.0,2026-03-23,2026-10-15,0.04918032786885246,0.531615925058548,0,0.0,,2,5,0,427.0,0.0018484288354898336
baeretower,baeretower,Zentrum Bären / BäreTower,48,mock / metall / deckensegel,5,65.0,15.0,13.0,15.0,15.0,101.0,43.0,4.0,2021-03-03,2021-06-11,0.5689981096408318,0.6635160680529301,0,0.0,,1,0,0,1058.0,0.0046398743664786924
pred_bau05,pred_bau05,Roche pRED Bau 05,73,anlage / usv / bereit,4,65.0,10.0,16.25,31.000000000000007,40.0,117.0,76.0,3.0,2022-08-15,2022-12-09,0.8228488792480115,0.9067245119305857,0,0.0,,1,0,0,1383.0,0.001888368377092639
elp_v7,elp,ELP Masterterminplan V7,15,daemmung / hauptleitungen / terrasse,7,64.0,10.0,9.142857142857142,10.8,12.0,919.0,68.0,2.0,2024-10-17,2027-04-23,0.1904494382022472,0.7061797752808989,0,0.0,,3,4,1,1780.0,0.007733204446592557
elp_v7,elp,ELP Masterterminplan V7,14,fzag / treppenhaus / beauftragen,5,63.0,10.0,12.6,25.0,35.0,1310.0,95.0,1.0,2023-12-29,2027-07-30,0.025842696629213482,0.7612359550561798,0,0.0,,2,3,1,1780.0,0.0076123731271145485
elp_v7,elp,ELP Masterterminplan V7,10,elektro / installation / feinmontage,16,63.0,4.5,3.9375,5.0,5.0,204.0,74.0,4.0,2027-02-05,2027-08-27,0.6629213483146067,0.7769662921348315,0,0.0,,1,5,1,1780.0,0.0076123731271145485
uh1,uh1,UH1 CS Master Schedule V6,40,onboarding / garderobenschraenke / elektrische schiebetueren,3,63.0,20.0,21.0,22.4,23.0,63.0,63.0,3.0,2023-12-01,2024-02-01,0.2470449172576832,0.2714736012608353,0,0.0,,0,0,1,2538.0,0.0015170852698244515
baeretower,baeretower,Zentrum Bären / BäreTower,61,fassade / riegel / haupttrassen,31,62.0,2.0,2.0,2.0,2.0,361.0,57.0,3.0,2020-11-09,2021-11-04,0.4612476370510397,0.8015122873345936,0,0.0,116.0,28,0,0,1058.0,0.00442572631879506
baeretower,baeretower,Zentrum Bären / BäreTower,24,blitzschutz / brandschott / brandschutzdecke,31,62.0,2.0,2.0,2.0,2.0,365.0,72.0,2.0,2020-10-02,2021-10-01,0.42533081285444235,0.7693761814744802,0,0.0,116.0,28,0,0,1058.0,0.00442572631879506
baeretower,baeretower,Zentrum Bären / BäreTower,57,abbruch / achse / betonwaende,31,62.0,2.0,2.0,2.0,2.0,367.0,44.0,2.0,2020-09-07,2021-09-08,0.4017013232514178,0.7476370510396976,0,0.0,232.0,28,0,0,1058.0,0.00442572631879506
pred_bau04,pred_bau04,Roche pRED Bau 04,60,rueckbau / kofferblech / tragender,4,61.0,15.0,15.25,20.7,21.0,773.0,81.0,1.0,2019-10-21,2021-12-01,0.035897435897435895,0.6014652014652014,0,0.0,,2,0,0,1365.0,0.0019829982283048617
usb,usb,USB NBK2 Basel,79,sanitaer / halterung / montage,3,60.0,20.0,20.0,20.0,20.0,98.0,90.0,1.0,2027-03-12,2027-06-17,0.09789823008849557,0.1515486725663717,0,0.0,,1,0,0,1808.0,0.0013268758707622901
uh1,uh1,UH1 CS Master Schedule V6,17,kabelzug / msr / lwl,6,60.0,10.0,10.0,10.0,10.0,1282.0,54.0,2.0,2025-08-22,2029-02-23,0.49527186761229314,1.0,0,0.0,,0,6,1,2538.0,0.0014448431141185253
baeretower,baeretower,Zentrum Bären / BäreTower,55,uebergabe / off / kick,1,60.0,60.0,60.0,60.0,60.0,93.0,93.0,1.0,2021-10-06,2022-01-06,0.774102079395085,0.8610586011342155,0,0.0,,0,0,0,1058.0,0.004282960953672639
elp_v7,elp,ELP Masterterminplan V7,52,anstrich / ral / weissputz,12,60.0,5.0,5.0,5.0,5.0,189.0,69.0,4.0,2027-02-16,2027-08-23,0.6691011235955057,0.7747191011235955,0,0.0,,2,5,0,1780.0,0.007249879168680522
frankfurt_four,frankfurt_four,Frankfurt Four RT4,35,lueftung / montage / monobloecke,21,60.0,2.0,2.857142857142857,5.0,5.0,440.0,82.0,2.0,2022-02-04,2023-04-19,0.027777777777777776,0.7052469135802469,0,0.0,135.0,3,7,0,648.0,0.029154518950437316
burckhardt,burckhardt,Burckhardt Laborgebäude,76,lieferung / montage / isp,8,60.0,5.0,7.5,11.5,15.0,117.0,68.0,1.0,2026-03-30,2026-07-24,0.4618055555555556,0.5625,0,0.0,,1,1,2,1152.0,0.004719578384331
pred_bau07,pred_bau07,Roche pRED Bau 07,73,anlage / usv / bereit,6,60.0,10.0,10.0,10.0,10.0,312.0,80.0,1.0,2020-12-08,2021-10-15,0.37566988210075025,0.5423365487674169,0,0.0,,6,0,0,1866.0,0.0007288541198479124
pred_bau04,pred_bau04,Roche pRED Bau 04,38,test / integrale / ibs,2,60.0,30.0,30.0,42.0,45.0,68.0,68.0,2.0,2022-03-21,2022-05-27,0.6820512820512821,0.7311355311355311,2,1.0,,2,1,0,1365.0,0.0019504900606277327
pred_bau07,pred_bau07,Roche pRED Bau 07,53,abnahme / ort / kontrolle,6,60.0,10.0,10.0,10.0,10.0,135.0,40.0,3.0,2022-02-21,2022-07-05,0.6114683815648446,0.6832797427652733,0,0.0,,0,0,0,1866.0,0.0007288541198479124
baeretower,baeretower,Zentrum Bären / BäreTower,22,demontage / nachtarbeit / theke,10,56.0,5.0,5.6,11.1,12.0,583.0,68.0,3.0,2020-04-28,2021-12-01,0.276937618147448,0.8270321361058601,0,0.0,,0,0,0,1058.0,0.003997430223427797
dc30,dc30,DC30 Rechenzentrum,15,daemmung / hauptleitungen / terrasse,6,56.0,7.5,9.333333333333334,15.5,21.0,127.0,58.0,2.0,2026-09-14,2027-01-18,0.45901639344262296,0.7540983606557377,0,0.0,,2,4,0,427.0,0.0015449554445885177
dc30,dc30,DC30 Rechenzentrum,52,anstrich / ral / weissputz,9,56.0,5.0,6.222222222222222,7.200000000000002,16.0,153.0,53.0,3.0,2026-08-26,2027-01-25,0.41451990632318503,0.7704918032786885,0,0.0,,4,2,0,427.0,0.0015449554445885177
baeretower,baeretower,Zentrum Bären / BäreTower,77,etappe / spundwaende / ziehen,9,56.0,5.0,6.222222222222222,10.4,12.0,222.0,52.0,3.0,2020-01-27,2020-09-04,0.1899810964083176,0.3988657844990548,0,0.0,,0,0,0,1058.0,0.003997430223427797
frankfurt_four,frankfurt_four,Frankfurt Four RT4,45,schreinerarbeiten / restarbeiten / abdichtungsarbeiten,11,55.0,5.0,5.0,5.0,5.0,168.0,77.0,1.0,2022-02-18,2022-08-04,0.04938271604938271,0.30709876543209874,0,0.0,55.0,3,4,0,648.0,0.02672497570456754
pred_bau04,pred_bau04,Roche pRED Bau 04,0,tueren / einhaengen / montage,7,55.0,5.0,7.857142857142857,14.000000000000004,20.0,1144.0,77.0,3.0,2019-12-10,2023-01-26,0.07252747252747253,0.9098901098901099,0,0.0,,2,1,0,1365.0,0.0017879492222420883
pred_bau05,pred_bau05,Roche pRED Bau 05,2,brandschutzabschluesse / anschliessen / anschluesse,3,55.0,20.0,18.333333333333332,28.0,30.0,772.0,89.0,1.0,2020-10-29,2022-12-09,0.3492407809110629,0.9067245119305857,0,0.0,,1,0,0,1383.0,0.001597850165232233
pred_bau04,pred_bau04,Roche pRED Bau 04,30,boden / zimmermann / nebenraeume,3,55.0,20.0,18.333333333333332,28.0,30.0,346.0,54.0,2.0,2020-10-28,2021-10-08,0.30915750915750917,0.5619047619047619,0,0.0,,2,1,0,1365.0,0.0017879492222420883
pred_bau05,pred_bau05,Roche pRED Bau 05,3,malerarbeiten / finish / decke,6,55.0,5.0,9.166666666666666,17.5,30.0,156.0,60.0,2.0,2021-05-12,2021-10-14,0.49023861171366595,0.6023138105567607,0,0.0,,2,1,0,1383.0,0.001597850165232233
frankfurt_four,frankfurt_four,Frankfurt Four RT4,56,sprinkler / spriessfrei / gruppe,23,55.0,2.0,2.391304347826087,4.400000000000002,5.0,357.0,61.0,2.0,2022-04-08,2023-03-30,0.125,0.6743827160493827,0,0.0,110.0,5,6,0,648.0,0.02672497570456754
elp_v7,elp,ELP Masterterminplan V7,31,einbringen / aufstellen / anbringen,6,55.0,5.0,9.166666666666666,17.5,20.0,133.0,66.0,3.0,2027-01-15,2027-05-27,0.6511235955056179,0.7252808988764045,0,0.0,,1,5,0,1780.0,0.006645722571290478
usb,usb,USB NBK2 Basel,62,fassadengeruest / abbau / aufbau,2,55.0,27.5,27.5,37.5,40.0,182.0,78.0,1.0,2027-05-11,2027-11-08,0.13108407079646017,0.23119469026548672,0,0.0,,2,0,0,1808.0,0.0012163028815320993
burckhardt,burckhardt,Burckhardt Laborgebäude,56,sprinkler / spriessfrei / gruppe,11,55.0,5.0,5.0,5.0,5.0,89.0,55.0,1.0,2025-12-01,2026-02-27,0.3585069444444444,0.4348958333333333,0,0.0,,11,1,1,1152.0,0.00432628018563675
elp_v7,elp,ELP Masterterminplan V7,79,sanitaer / halterung / montage,16,52.0,2.0,3.25,5.0,10.0,207.0,50.0,4.0,2027-02-05,2027-08-30,0.6629213483146067,0.7786516853932585,0,0.0,,1,5,1,1780.0,0.006283228612856452
elp_v6,elp,ELP Masterterminplan V6,24,blitzschutz / brandschott / brandschutzdecke,8,51.0,5.0,6.375,11.5,15.0,655.0,57.0,3.0,2025-09-05,2027-06-21,0.3324962330487192,0.6609743847312908,0,0.0,,3,6,2,1991.0,0.0020085461670243977
pred_bau07,pred_bau07,Roche pRED Bau 07,79,sanitaer / halterung / montage,4,51.0,9.0,12.75,25.500000000000004,30.0,854.0,76.0,1.0,2021-05-12,2023-09-12,0.4587352625937835,0.9158628081457664,0,0.0,,4,0,0,1866.0,0.0006195260018707256
baeretower,baeretower,Zentrum Bären / BäreTower,73,anlage / usv / bereit,33,51.0,1.0,1.5454545454545454,1.0,15.0,538.0,49.0,2.0,2020-07-01,2021-12-20,0.33742911153119093,0.8449905482041588,0,0.0,58.0,28,0,0,1058.0,0.0036405168106217432
burckhardt,burckhardt,Burckhardt Laborgebäude,73,anlage / usv / bereit,4,50.0,12.5,12.5,15.0,15.0,201.0,62.0,1.0,2026-03-23,2026-10-09,0.4557291666666667,0.6293402777777778,0,0.0,,1,1,2,1152.0,0.003932981986942499
burckhardt,burckhardt,Burckhardt Laborgebäude,54,einbauen / doppelboden / schreiner,8,50.0,5.0,6.25,7.999999999999998,15.0,152.0,49.0,2.0,2026-10-19,2027-03-19,0.6380208333333334,0.7690972222222222,0,0.0,,8,1,0,1152.0,0.003932981986942499
pred_bau05,pred_bau05,Roche pRED Bau 05,30,boden / zimmermann / nebenraeume,2,50.0,25.0,25.0,29.0,30.0,70.0,70.0,2.0,2020-10-28,2021-01-05,0.3485177151120752,0.39840925524222703,0,0.0,,1,0,0,1383.0,0.00145259105930203
burckhardt,burckhardt,Burckhardt Laborgebäude,62,fassadengeruest / abbau / aufbau,4,50.0,12.5,12.5,20.0,20.0,425.0,62.0,1.0,2025-07-07,2026-09-04,0.2309027777777778,0.5989583333333334,0,0.0,,0,0,2,1152.0,0.003932981986942499
burckhardt,burckhardt,Burckhardt Laborgebäude,55,uebergabe / off / kick,1,50.0,50.0,50.0,50.0,50.0,68.0,68.0,1.0,2027-10-04,2027-12-10,0.9418402777777778,1.0,0,0.0,,0,0,0,1152.0,0.003932981986942499
elp_v6,elp,ELP Masterterminplan V6,78,innere / spezialverglasungen / buero,1,50.0,50.0,50.0,50.0,50.0,72.0,72.0,1.0,2027-05-03,2027-07-13,0.6363636363636364,0.6720241084881969,0,0.0,,0,0,0,1991.0,0.001969162908847449
elp_v7,elp,ELP Masterterminplan V7,58,erstellen / konzept / ausschreibung,7,50.0,5.0,7.142857142857143,10.0,10.0,172.0,54.0,2.0,2027-02-05,2027-07-26,0.6629213483146067,0.7589887640449439,0,0.0,,1,5,0,1780.0,0.006041565973900435
pred_bau05,pred_bau05,Roche pRED Bau 05,47,inbetriebnahme / inbetriebsetzung / inbetreibnahme,4,50.0,10.0,12.5,17.0,20.0,261.0,42.0,3.0,2021-03-25,2021-12-10,0.455531453362256,0.64352856109906,0,0.0,,1,0,0,1383.0,0.00145259105930203
frankfurt_four,frankfurt_four,Frankfurt Four RT4,73,anlage / usv / bereit,1,50.0,50.0,50.0,50.0,50.0,78.0,78.0,1.0,2023-04-03,2023-06-19,0.6805555555555556,0.7993827160493827,0,0.0,,0,0,0,648.0,0.024295432458697766
pred_bau04,pred_bau04,Roche pRED Bau 04,63,bodenbelag / bodenplatte / bodenbelaege,7,49.0,5.0,7.0,11.000000000000005,20.0,897.0,47.0,2.0,2020-02-14,2022-07-29,0.12087912087912088,0.7772893772893773,1,0.14285714285714285,,4,3,0,1365.0,0.001592900216179315
burckhardt,burckhardt,Burckhardt Laborgebäude,53,abnahme / ort / kontrolle,6,48.0,9.0,8.0,10.0,10.0,550.0,39.0,3.0,2026-03-30,2027-09-30,0.4618055555555556,0.9383680555555556,0,0.0,,0,2,2,1152.0,0.0037756627074648
elp_v6,elp,ELP Masterterminplan V6,32,wmp / erstellung / dks,1,48.0,48.0,48.0,48.0,48.0,86.0,86.0,1.0,2025-11-24,2026-02-17,0.37267704671019586,0.4153691612255148,0,0.0,,1,1,1,1991.0,0.001890396392493551
baeretower,baeretower,Zentrum Bären / BäreTower,74,verlegen / parkett / naturstein,31,47.0,1.0,1.5161290322580645,1.0,15.0,452.0,44.0,2.0,2020-07-14,2021-10-08,0.3497164461247637,0.775992438563327,0,0.0,58.0,29,0,0,1058.0,0.0033549860803769004
pred_bau07,pred_bau07,Roche pRED Bau 07,27,abdichtung / schritt / prov,6,47.0,3.0,7.833333333333333,17.5,20.0,421.0,65.0,1.0,2020-10-20,2021-12-14,0.34941050375133975,0.5744908896034298,0,0.0,,5,0,0,1866.0,0.0005709357272141981
elp_v7,elp,ELP Masterterminplan V7,54,einbauen / doppelboden / schreiner,7,46.0,5.0,6.571428571428571,12.000000000000002,15.0,1415.0,64.0,1.0,2023-11-13,2027-09-27,0.0,0.7943820224719101,0,0.0,,2,4,0,1780.0,0.0055582406959884005
elp_v6,elp,ELP Masterterminplan V6,42,treppen / ausgleichsschicht / stahleinlagen,5,45.0,10.0,9.0,10.0,10.0,817.0,34.0,4.0,2024-04-08,2026-07-03,0.07383224510296334,0.4836765444500251,0,0.0,,2,4,1,1991.0,0.0017722466179627041
pred_bau05,pred_bau05,Roche pRED Bau 05,41,stuetzen / loggia / versetzen,6,45.0,7.5,7.5,10.0,10.0,717.0,38.0,3.0,2020-09-30,2022-09-16,0.32827187274041936,0.8459869848156182,0,0.0,,3,0,0,1383.0,0.001307331953371827
burckhardt,burckhardt,Burckhardt Laborgebäude,71,stromschiene / mediensaeulen / vorgezogene,9,45.0,5.0,5.0,5.0,5.0,187.0,45.0,1.0,2026-01-26,2026-07-31,0.4071180555555556,0.5685763888888888,0,0.0,,9,1,1,1152.0,0.0035396837882482497
frankfurt_four,frankfurt_four,Frankfurt Four RT4,63,bodenbelag / bodenplatte / bodenbelaege,3,45.0,15.0,15.0,15.0,15.0,177.0,65.0,1.0,2022-10-18,2023-04-12,0.4228395061728395,0.6944444444444444,0,0.0,225.0,3,1,0,648.0,0.021865889212827987
dc30,dc30,DC30 Rechenzentrum,74,verlegen / parkett / naturstein,9,45.0,5.0,5.0,5.2,6.0,108.0,38.0,3.0,2026-07-28,2026-11-12,0.34660421545667447,0.5971896955503513,0,0.0,,2,3,0,427.0,0.0012414820536872017
pred_bau04,pred_bau04,Roche pRED Bau 04,68,beschichtung / epoxy / raeume,6,45.0,5.0,7.5,12.5,15.0,828.0,54.0,2.0,2020-09-30,2023-01-05,0.2886446886446886,0.8945054945054945,0,0.0,,2,2,0,1365.0,0.0014628675454707995
burckhardt,burckhardt,Burckhardt Laborgebäude,78,innere / spezialverglasungen / buero,9,45.0,5.0,5.0,5.0,5.0,173.0,45.0,1.0,2026-01-05,2026-06-26,0.3888888888888889,0.5381944444444444,0,0.0,,9,1,1,1152.0,0.0035396837882482497
elp_v7,elp,ELP Masterterminplan V7,24,blitzschutz / brandschott / brandschutzdecke,5,42.0,5.0,8.4,15.0,15.0,220.0,45.0,2.0,2026-12-16,2027-07-23,0.6342696629213483,0.7573033707865169,0,0.0,,2,3,0,1780.0,0.005074915418076365
frankfurt_four,frankfurt_four,Frankfurt Four RT4,10,elektro / installation / feinmontage,15,42.0,1.0,2.8,10.0,10.0,359.0,56.0,1.0,2022-04-19,2023-04-12,0.1419753086419753,0.6944444444444444,0,0.0,84.0,3,5,0,648.0,0.02040816326530612
elp_v7,elp,ELP Masterterminplan V7,55,uebergabe / off / kick,3,41.0,20.0,13.666666666666666,20.0,20.0,1781.0,74.0,1.0,2023-11-13,2028-09-27,0.0,1.0,0,0.0,,1,1,0,1780.0,0.004954084098598357
pred_bau04,pred_bau04,Roche pRED Bau 04,58,erstellen / konzept / ausschreibung,5,40.0,5.0,8.0,14.000000000000002,20.0,455.0,50.0,1.0,2021-04-06,2022-07-04,0.42637362637362636,0.7589743589743589,1,0.2,,1,1,0,1365.0,0.001300326707085155
uh1,uh1,UH1 CS Master Schedule V6,56,sprinkler / spriessfrei / gruppe,4,40.0,10.0,10.0,10.0,10.0,649.0,56.0,1.0,2024-04-25,2026-02-02,0.3045705279747833,0.5598896769109535,0,0.0,,0,0,0,2538.0,0.0009632287427456835
pred_bau07,pred_bau07,Roche pRED Bau 07,68,beschichtung / epoxy / raeume,8,40.0,5.0,5.0,5.0,5.0,772.0,33.0,3.0,2020-10-01,2022-11-11,0.3392282958199357,0.752411575562701,0,0.0,,3,0,0,1866.0,0.00048590274656527496
burckhardt,burckhardt,Burckhardt Laborgebäude,16,produktion / avor bestellung / apa,2,40.0,20.0,20.0,28.0,30.0,75.0,52.0,1.0,2025-11-03,2026-01-16,0.3342013888888889,0.3984375,0,0.0,,2,0,1,1152.0,0.003146385589554
usb,usb,USB NBK2 Basel,14,fzag / treppenhaus / beauftragen,1,40.0,40.0,40.0,40.0,40.0,68.0,68.0,1.0,2030-12-16,2031-02-21,0.8584070796460177,0.8954646017699115,0,0.0,,0,0,0,1808.0,0.0008845839138415267
usb,usb,USB NBK2 Basel,78,innere / spezialverglasungen / buero,4,40.0,10.0,10.0,10.0,10.0,229.0,56.0,1.0,2028-06-09,2029-01-23,0.3495575221238938,0.4756637168141593,0,0.0,,4,0,0,1808.0,0.0008845839138415267
burckhardt,burckhardt,Burckhardt Laborgebäude,27,abdichtung / schritt / prov,2,40.0,20.0,20.0,20.0,20.0,103.0,52.0,1.0,2026-02-23,2026-06-05,0.4314236111111111,0.5199652777777778,0,0.0,,0,0,1,1152.0,0.003146385589554
elp_v7,elp,ELP Masterterminplan V7,6,schliessen / waende / schotts,4,40.0,10.0,10.0,13.5,15.0,988.0,51.0,1.0,2025-01-06,2027-09-20,0.23595505617977527,0.7904494382022472,0,0.0,,2,1,1,1780.0,0.004833252779120348
pred_bau04,pred_bau04,Roche pRED Bau 04,53,abnahme / ort / kontrolle,4,40.0,10.0,10.0,10.0,10.0,590.0,40.0,2.0,2021-03-18,2022-10-28,0.41245421245421243,0.843956043956044,1,0.25,,1,1,0,1365.0,0.001300326707085155
uh1,uh1,UH1 CS Master Schedule V6,33,beleuchtung / feinmontage / einbau komponenten,4,40.0,10.0,10.0,10.0,10.0,649.0,56.0,1.0,2024-05-09,2026-02-16,0.31008668242710796,0.5654058313632782,0,0.0,,0,0,0,2538.0,0.0009632287427456835
elp_v7,elp,ELP Masterterminplan V7,20,cns / verkleidung / seite,4,39.0,12.0,9.75,14.0,14.0,1373.0,51.0,1.0,2023-11-13,2027-08-16,0.0,0.7707865168539326,0,0.0,,1,3,1,1780.0,0.0047124214596423394
frankfurt_four,frankfurt_four,Frankfurt Four RT4,7,reinigung / oberhalb / obergeschosse,15,39.0,2.0,2.6,5.0,5.0,372.0,48.0,1.0,2022-04-20,2023-04-26,0.14351851851851852,0.7160493827160493,0,0.0,78.0,3,5,0,648.0,0.018950437317784258
baeretower,baeretower,Zentrum Bären / BäreTower,69,fertigstellen / trockenbauwaende / glaswaende,2,39.0,19.5,19.5,23.1,24.0,46.0,46.0,2.0,2020-05-19,2020-07-03,0.29678638941398866,0.3393194706994329,0,0.0,,0,0,0,1058.0,0.0027839246198872155
elp_v7,elp,ELP Masterterminplan V7,35,lueftung / montage / monobloecke,7,37.0,4.0,5.285714285714286,8.0,8.0,134.0,40.0,3.0,2027-03-18,2027-07-29,0.6859550561797753,0.7606741573033707,0,0.0,,1,4,1,1780.0,0.004470758820686322
elp_v7,elp,ELP Masterterminplan V7,39,montieren / aufmalen / equipment,6,37.0,5.0,6.166666666666667,10.0,10.0,251.0,60.0,2.0,2026-12-23,2027-08-30,0.6382022471910113,0.7786516853932585,0,0.0,,1,5,1,1780.0,0.004470758820686322
elp_v7,elp,ELP Masterterminplan V7,73,anlage / usv / bereit,11,37.0,2.0,3.3636363636363638,10.0,10.0,233.0,34.0,4.0,2027-01-05,2027-08-25,0.645505617977528,0.7758426966292135,0,0.0,,2,6,2,1780.0,0.004470758820686322
elp_v7,elp,ELP Masterterminplan V7,69,fertigstellen / trockenbauwaende / glaswaende,5,36.0,10.0,7.2,10.0,10.0,1384.0,53.0,1.0,2023-11-13,2027-08-27,0.0,0.7769662921348315,0,0.0,,2,3,0,1780.0,0.0043499275012083135
elp_v6,elp,ELP Masterterminplan V6,0,tueren / einhaengen / montage,17,36.0,1.0,2.1176470588235294,5.200000000000003,10.0,929.0,54.0,2.0,2024-08-12,2027-02-26,0.13711702661978906,0.6032144650929181,0,0.0,,3,17,1,1991.0,0.0014177972943701632
pred_bau05,pred_bau05,Roche pRED Bau 05,68,beschichtung / epoxy / raeume,5,35.0,5.0,7.0,10.0,10.0,402.0,26.0,2.0,2020-09-30,2021-11-05,0.32827187274041936,0.6182212581344902,0,0.0,,2,0,0,1383.0,0.001016813741511421
elp_v7,elp,ELP Masterterminplan V7,46,anschluss / schaltschraenke / feldgeraete,7,35.0,5.0,5.0,5.0,5.0,124.0,33.0,2.0,2027-03-01,2027-07-02,0.6764044943820224,0.7455056179775281,0,0.0,,1,3,2,1780.0,0.004229096181730304
pred_bau05,pred_bau05,Roche pRED Bau 05,71,stromschiene / mediensaeulen / vorgezogene,3,35.0,10.0,11.666666666666666,14.0,15.0,600.0,43.0,1.0,2020-10-12,2022-06-03,0.33694866232827186,0.7700650759219089,1,0.3333333333333333,,2,0,0,1383.0,0.001016813741511421
baeretower,baeretower,Zentrum Bären / BäreTower,66,feldgeraete / beschriftung / hauptkanaele,4,34.0,8.5,8.5,10.0,10.0,32.0,32.0,3.0,2021-05-07,2021-06-07,0.6304347826086957,0.6597353497164461,0,0.0,,1,0,0,1058.0,0.0024270112070811623
elp_v6,elp,ELP Masterterminplan V6,21,dichtheitspruefung / medienversorgung / ende,5,34.0,7.0,6.8,9.0,9.0,296.0,49.0,2.0,2025-05-19,2026-03-10,0.2777498744349573,0.42591662481165243,0,0.0,,1,3,1,1991.0,0.0013390307780162653
elp_v7,elp,ELP Masterterminplan V7,12,installation / rueckbauen / aufhaengung,7,33.0,5.0,4.714285714285714,10.0,10.0,1377.0,32.0,3.0,2023-11-13,2027-08-20,0.0,0.7730337078651686,0,0.0,,2,2,0,1780.0,0.003987433542774287
elp_v6,elp,ELP Masterterminplan V6,26,kaelte / gewerbliche / kuehlzellen,5,33.0,1.0,6.6,15.0,15.0,431.0,50.0,1.0,2025-05-20,2026-07-24,0.2782521346057258,0.49422400803616273,0,0.0,,1,3,1,1991.0,0.0012996475198393163
uh1,uh1,UH1 CS Master Schedule V6,44,rlt / kanaele / bsk,4,32.0,8.0,8.0,8.0,8.0,644.0,42.0,1.0,2023-11-17,2025-08-21,0.24152876280535854,0.49487785657998423,0,0.0,,0,0,0,2538.0,0.0007705829941965468
baeretower,baeretower,Zentrum Bären / BäreTower,53,abnahme / ort / kontrolle,15,30.0,1.0,2.0,3.0,10.0,308.0,38.0,1.0,2021-04-06,2022-02-07,0.6011342155009451,0.8913043478260869,0,0.0,,3,0,0,1058.0,0.0021414804768363194
pred_bau05,pred_bau05,Roche pRED Bau 05,67,grobmontage / korridor / steigzone,3,30.0,5.0,10.0,17.0,20.0,180.0,38.0,1.0,2022-05-30,2022-11-25,0.767172812725958,0.8966015907447578,1,0.3333333333333333,,1,0,0,1383.0,0.000871554635581218
pred_bau05,pred_bau05,Roche pRED Bau 05,53,abnahme / ort / kontrolle,3,30.0,10.0,10.0,10.0,10.0,12.0,12.0,3.0,2021-04-12,2021-04-23,0.4685466377440347,0.4765003615328995,0,0.0,,0,0,0,1383.0,0.000871554635581218
elp_v6,elp,ELP Masterterminplan V6,18,ende termin / daemmung / start ende,3,30.0,10.0,10.0,10.0,10.0,856.0,40.0,1.0,2024-12-09,2027-04-13,0.19688598694123555,0.6263184329482672,0,0.0,,1,3,0,1991.0,0.0011814977453084693
pred_bau04,pred_bau04,Roche pRED Bau 04,47,inbetriebnahme / inbetriebsetzung / inbetreibnahme,3,30.0,10.0,10.0,10.0,10.0,40.0,32.0,2.0,2021-03-04,2021-04-12,0.4021978021978022,0.4307692307692308,0,0.0,,0,0,0,1365.0,0.0009752450303138663
elp_v7,elp,ELP Masterterminplan V7,68,beschichtung / epoxy / raeume,3,30.0,10.0,10.0,10.0,10.0,46.0,30.0,2.0,2027-06-22,2027-08-06,0.7398876404494382,0.7651685393258427,0,0.0,,2,2,0,1780.0,0.003624939584340261
uh1,uh1,UH1 CS Master Schedule V6,71,stromschiene / mediensaeulen / vorgezogene,1,30.0,30.0,30.0,30.0,30.0,49.0,49.0,1.0,2022-12-09,2023-01-26,0.10638297872340426,0.12529550827423167,0,0.0,,0,0,0,2538.0,0.0007224215570592627
dc30,dc30,DC30 Rechenzentrum,49,einbau / lueftungskanaele / sbb,6,30.0,5.0,5.0,5.0,5.0,110.0,36.0,1.0,2026-08-17,2026-12-04,0.39344262295081966,0.6487119437939111,0,0.0,,1,2,0,427.0,0.0008276547024581345
elp_v7,elp,ELP Masterterminplan V7,30,boden / zimmermann / nebenraeume,3,26.0,10.0,8.666666666666666,14.0,15.0,1237.0,39.0,1.0,2023-11-13,2027-04-02,0.0,0.6943820224719102,0,0.0,,2,2,0,1780.0,0.003141614306428226
baeretower,baeretower,Zentrum Bären / BäreTower,12,installation / rueckbauen / aufhaengung,3,25.0,10.0,8.333333333333334,10.0,10.0,459.0,33.0,1.0,2019-07-30,2020-10-30,0.01890359168241966,0.45179584120982985,0,0.0,25.0,0,0,0,1058.0,0.0017845670640302663
pred_bau07,pred_bau07,Roche pRED Bau 07,31,einbringen / aufstellen / anbringen,3,25.0,5.0,8.333333333333334,13.0,15.0,119.0,28.0,2.0,2022-02-15,2022-06-13,0.6082529474812433,0.6714898177920686,1,0.3333333333333333,,2,0,0,1866.0,0.0003036892166032969
dc30,dc30,DC30 Rechenzentrum,48,mock / metall / deckensegel,2,25.0,12.5,12.5,14.5,15.0,253.0,33.0,1.0,2026-06-08,2027-02-15,0.22950819672131148,0.819672131147541,0,0.0,,2,2,0,427.0,0.0006897122520484454
burckhardt,burckhardt,Burckhardt Laborgebäude,3,malerarbeiten / finish / decke,3,25.0,10.0,8.333333333333334,10.0,10.0,376.0,32.0,1.0,2026-04-13,2027-04-23,0.4739583333333333,0.7994791666666666,0,0.0,,2,2,3,1152.0,0.0019664909934712497
pred_bau05,pred_bau05,Roche pRED Bau 05,4,unterlagsboden / betonieren / ergaenzen,4,25.0,5.0,6.25,8.5,10.0,173.0,27.0,1.0,2021-08-09,2022-01-28,0.5545914678235719,0.6789587852494577,0,0.0,,3,1,0,1383.0,0.000726295529651015
pred_bau05,pred_bau05,Roche pRED Bau 05,60,rueckbau / kofferblech / tragender,2,25.0,12.5,12.5,18.5,20.0,411.0,31.0,1.0,2021-03-15,2022-04-29,0.4483007953723789,0.7447577729573391,0,0.0,,2,1,0,1383.0,0.000726295529651015
pred_bau07,pred_bau07,Roche pRED Bau 07,63,bodenbelag / bodenplatte / bodenbelaege,3,25.0,5.0,8.333333333333334,13.0,15.0,287.0,35.0,1.0,2021-07-20,2022-05-02,0.4957127545551983,0.6489817792068596,0,0.0,,2,0,0,1866.0,0.0003036892166032969
frankfurt_four,frankfurt_four,Frankfurt Four RT4,79,sanitaer / halterung / montage,5,25.0,5.0,5.0,5.0,5.0,142.0,31.0,1.0,2022-06-09,2022-10-28,0.22067901234567902,0.4382716049382716,0,0.0,50.0,5,1,0,648.0,0.012147716229348883
elp_v7,elp,ELP Masterterminplan V7,33,beleuchtung / feinmontage / einbau komponenten,4,25.0,5.0,6.25,8.5,10.0,133.0,39.0,1.0,2027-04-20,2027-08-30,0.7044943820224719,0.7786516853932585,0,0.0,,1,4,1,1780.0,0.0030207829869502174
frankfurt_four,frankfurt_four,Frankfurt Four RT4,52,anstrich / ral / weissputz,12,24.0,2.0,2.0,2.0,2.0,172.0,46.0,1.0,2022-02-25,2022-08-15,0.06018518518518518,0.32407407407407407,0,0.0,48.0,3,4,0,648.0,0.011661807580174927
uh1,uh1,UH1 CS Master Schedule V6,68,beschichtung / epoxy / raeume,10,24.0,2.0,2.4,3.0,3.0,717.0,26.0,2.0,2023-12-20,2025-12-05,0.2545311268715524,0.5366430260047281,0,0.0,,0,0,0,2538.0,0.0005779372456474101
pred_bau07,pred_bau07,Roche pRED Bau 07,22,demontage / nachtarbeit / theke,3,23.0,4.0,7.666666666666667,12.8,15.0,372.0,27.0,2.0,2021-09-10,2022-09-16,0.5235798499464094,0.722400857449089,0,0.0,,2,0,0,1866.0,0.00027939407927503313
pred_bau05,pred_bau05,Roche pRED Bau 05,77,etappe / spundwaende / ziehen,1,20.0,20.0,20.0,20.0,20.0,30.0,30.0,1.0,2020-03-16,2020-04-14,0.18510484454085321,0.20607375271149675,0,0.0,,1,0,0,1383.0,0.000581036423720812
elp_v7,elp,ELP Masterterminplan V7,64,zla / kommerz / halle,2,20.0,10.0,10.0,10.0,10.0,29.0,29.0,2.0,2027-07-16,2027-08-13,0.753370786516854,0.7691011235955056,0,0.0,,1,1,0,1780.0,0.002416626389560174
pred_bau04,pred_bau04,Roche pRED Bau 04,56,sprinkler / spriessfrei / gruppe,3,20.0,5.0,6.666666666666667,9.0,10.0,503.0,26.0,1.0,2021-04-21,2022-09-05,0.43736263736263736,0.8051282051282052,0,0.0,,2,1,0,1365.0,0.0006501633535425775
elp_v6,elp,ELP Masterterminplan V6,55,uebergabe / off / kick,1,20.0,20.0,20.0,20.0,20.0,29.0,29.0,1.0,2028-08-30,2028-09-27,0.8799598191863385,0.8940231039678553,0,0.0,,0,0,0,1991.0,0.0007876651635389796
elp_v6,elp,ELP Masterterminplan V6,68,beschichtung / epoxy / raeume,2,20.0,10.0,10.0,10.0,10.0,15.0,15.0,2.0,2026-07-17,2026-07-31,0.49070818684078354,0.4977398292315419,0,0.0,,1,1,0,1991.0,0.0007876651635389796
pred_bau07,pred_bau07,Roche pRED Bau 07,30,boden / zimmermann / nebenraeume,2,20.0,10.0,10.0,14.0,15.0,228.0,26.0,1.0,2022-02-08,2022-09-23,0.6045016077170418,0.7261521972132905,0,0.0,,2,1,0,1866.0,0.00024295137328263748
usb,usb,USB NBK2 Basel,56,sprinkler / spriessfrei / gruppe,2,20.0,10.0,10.0,10.0,10.0,65.0,26.0,1.0,2026-12-07,2027-02-09,0.04535398230088496,0.08075221238938053,0,0.0,,1,0,0,1808.0,0.00044229195692076337
burckhardt,burckhardt,Burckhardt Laborgebäude,58,erstellen / konzept / ausschreibung,2,20.0,10.0,10.0,10.0,10.0,89.0,24.0,1.0,2026-01-26,2026-04-24,0.4071180555555556,0.4835069444444444,0,0.0,,0,0,1,1152.0,0.001573192794777
usb,usb,USB NBK2 Basel,27,abdichtung / schritt / prov,1,20.0,20.0,20.0,20.0,20.0,26.0,26.0,1.0,2028-06-12,2028-07-07,0.351216814159292,0.36504424778761063,0,0.0,,1,0,0,1808.0,0.00044229195692076337
pred_bau04,pred_bau04,Roche pRED Bau 04,73,anlage / usv / bereit,1,20.0,20.0,20.0,20.0,20.0,26.0,26.0,1.0,2021-07-05,2021-07-30,0.49230769230769234,0.5106227106227106,0,0.0,,1,0,0,1365.0,0.0006501633535425775
pred_bau07,pred_bau07,Roche pRED Bau 07,44,rlt / kanaele / bsk,1,20.0,20.0,20.0,20.0,20.0,28.0,28.0,1.0,2022-04-05,2022-05-02,0.6345123258306538,0.6489817792068596,0,0.0,,1,0,0,1866.0,0.00024295137328263748
pred_bau04,pred_bau04,Roche pRED Bau 04,71,stromschiene / mediensaeulen / vorgezogene,3,20.0,5.0,6.666666666666667,9.0,10.0,488.0,22.0,1.0,2020-10-12,2022-02-11,0.29743589743589743,0.6542124542124542,1,0.3333333333333333,,2,2,0,1365.0,0.0006501633535425775
baeretower,baeretower,Zentrum Bären / BäreTower,76,lieferung / montage / isp,4,20.0,5.0,5.0,5.0,5.0,54.0,20.0,1.0,2020-10-05,2020-11-27,0.4281663516068053,0.4782608695652174,0,0.0,,1,0,0,1058.0,0.001427653651224213
frankfurt_four,frankfurt_four,Frankfurt Four RT4,54,einbauen / doppelboden / schreiner,4,20.0,5.0,5.0,5.0,5.0,28.0,28.0,1.0,2022-03-01,2022-03-28,0.06635802469135803,0.10802469135802469,0,0.0,80.0,1,4,0,648.0,0.009718172983479106
elp_v7,elp,ELP Masterterminplan V7,22,demontage / nachtarbeit / theke,4,19.0,5.0,4.75,7.1000000000000005,8.0,1228.0,19.0,2.0,2023-11-13,2027-03-24,0.0,0.6893258426966292,0,0.0,,2,2,1,1780.0,0.002295795070082165
pred_bau07,pred_bau07,Roche pRED Bau 07,62,fassadengeruest / abbau / aufbau,2,16.0,8.0,8.0,8.0,8.0,33.0,24.0,1.0,2021-07-23,2021-08-24,0.49732047159699894,0.5144694533762058,0,0.0,,0,0,0,1866.0,0.00019436109862610998
elp_v7,elp,ELP Masterterminplan V7,61,fassade / riegel / haupttrassen,2,16.0,8.0,8.0,13.6,15.0,1300.0,24.0,1.0,2023-11-13,2027-06-04,0.0,0.7297752808988764,0,0.0,,1,1,0,1780.0,0.0019333011116481392
dc30,dc30,DC30 Rechenzentrum,50,heizung / halterungen / uebergeordnete,3,16.0,5.0,5.333333333333333,5.8,6.0,44.0,20.0,1.0,2026-08-20,2026-10-02,0.40046838407494145,0.5011709601873536,0,0.0,,1,1,0,427.0,0.00044141584131100503
elp_v6,elp,ELP Masterterminplan V6,29,einbringung / aufstellung / montage,11,16.0,1.0,1.4545454545454546,2.0,5.0,253.0,25.0,2.0,2026-05-08,2027-01-15,0.45554997488699145,0.5821195379206429,2,0.18181818181818182,,3,9,1,1991.0,0.0006301321308311837
burckhardt,burckhardt,Burckhardt Laborgebäude,33,beleuchtung / feinmontage / einbau komponenten,1,15.0,15.0,15.0,15.0,15.0,19.0,19.0,1.0,2027-01-11,2027-01-29,0.7109375,0.7265625,0,0.0,,1,1,1,1152.0,0.00117989459608275
frankfurt_four,frankfurt_four,Frankfurt Four RT4,12,installation / rueckbauen / aufhaengung,3,15.0,5.0,5.0,5.0,5.0,75.0,15.0,1.0,2022-01-17,2022-04-01,0.0,0.11419753086419752,0,0.0,60.0,3,1,0,648.0,0.007288629737609329
burckhardt,burckhardt,Burckhardt Laborgebäude,46,anschluss / schaltschraenke / feldgeraete,1,15.0,15.0,15.0,15.0,15.0,19.0,19.0,1.0,2026-07-27,2026-08-14,0.5651041666666666,0.5807291666666666,0,0.0,,1,1,1,1152.0,0.00117989459608275
baeretower,baeretower,Zentrum Bären / BäreTower,33,beleuchtung / feinmontage / einbau komponenten,1,15.0,15.0,15.0,15.0,15.0,21.0,21.0,1.0,2022-03-18,2022-04-07,0.9281663516068053,0.947069943289225,0,0.0,,0,0,0,1058.0,0.0010707402384181597
pred_bau04,pred_bau04,Roche pRED Bau 04,4,unterlagsboden / betonieren / ergaenzen,2,15.0,7.5,7.5,9.5,10.0,85.0,19.0,1.0,2021-06-04,2021-08-27,0.4695970695970696,0.5311355311355311,0,0.0,,1,1,0,1365.0,0.00048762251515693317
baeretower,baeretower,Zentrum Bären / BäreTower,17,kabelzug / msr / lwl,1,15.0,15.0,15.0,15.0,15.0,19.0,19.0,1.0,2020-10-12,2020-10-30,0.43478260869565216,0.45179584120982985,0,0.0,,0,0,0,1058.0,0.0010707402384181597
dc30,dc30,DC30 Rechenzentrum,41,stuetzen / loggia / versetzen,3,15.0,5.0,5.0,5.0,5.0,93.0,17.0,1.0,2026-09-17,2026-12-18,0.46604215456674475,0.6814988290398126,0,0.0,,1,1,0,427.0,0.0004138273512290672
frankfurt_four,frankfurt_four,Frankfurt Four RT4,74,verlegen / parkett / naturstein,3,15.0,5.0,5.0,5.0,5.0,156.0,19.0,1.0,2022-10-10,2023-03-14,0.4104938271604938,0.6496913580246914,0,0.0,30.0,3,1,0,648.0,0.007288629737609329
elp_v7,elp,ELP Masterterminplan V7,67,grobmontage / korridor / steigzone,3,15.0,5.0,5.0,5.0,5.0,64.0,21.0,1.0,2026-12-16,2027-02-17,0.6342696629213483,0.6696629213483146,0,0.0,,1,3,0,1780.0,0.0018124697921701304
uh1,uh1,UH1 CS Master Schedule V6,11,ulk / endmontage / nshv,1,15.0,15.0,15.0,15.0,15.0,21.0,21.0,1.0,2022-10-12,2022-11-01,0.08353033884948778,0.09141055949566587,0,0.0,,0,0,0,2538.0,0.0003612107785296313
elp_v7,elp,ELP Masterterminplan V7,7,reinigung / oberhalb / obergeschosse,2,15.0,7.5,7.5,9.5,10.0,78.0,22.0,1.0,2027-02-11,2027-04-29,0.6662921348314607,0.7095505617977528,0,0.0,,1,2,0,1780.0,0.0018124697921701304
pred_bau07,pred_bau07,Roche pRED Bau 07,49,einbau / lueftungskanaele / sbb,3,14.0,2.0,4.666666666666667,8.4,10.0,705.0,21.0,1.0,2021-05-21,2023-04-25,0.46355841371918544,0.8408360128617364,0,0.0,,3,0,0,1866.0,0.00017006596129784623
pred_bau07,pred_bau07,Roche pRED Bau 07,60,rueckbau / kofferblech / tragender,1,12.0,12.0,12.0,12.0,12.0,16.0,16.0,1.0,2022-07-18,2022-08-02,0.6902465166130761,0.6982851018220794,0,0.0,,1,0,0,1866.0,0.0001457708239695825
baeretower,baeretower,Zentrum Bären / BäreTower,39,montieren / aufmalen / equipment,2,12.0,6.0,6.0,9.2,10.0,141.0,16.0,1.0,2020-11-23,2021-04-12,0.47448015122873344,0.6068052930056711,0,0.0,,0,0,0,1058.0,0.0008565921907345278
elp_v7,elp,ELP Masterterminplan V7,40,onboarding / garderobenschraenke / elektrische schiebetueren,1,12.0,12.0,12.0,12.0,12.0,16.0,16.0,1.0,2024-04-08,2024-04-23,0.08258426966292134,0.09101123595505618,0,0.0,,1,0,1,1780.0,0.0014499758337361043
baeretower,baeretower,Zentrum Bären / BäreTower,65,decken / waende / streichen,1,12.0,12.0,12.0,12.0,12.0,25.0,25.0,1.0,2020-12-21,2021-01-14,0.500945179584121,0.5236294896030246,0,0.0,,1,0,0,1058.0,0.0008565921907345278
baeretower,baeretower,Zentrum Bären / BäreTower,51,hartbeton / verbund / rampen,1,10.0,10.0,10.0,10.0,10.0,14.0,14.0,1.0,2020-11-12,2020-11-25,0.46408317580340264,0.4763705103969754,0,0.0,,0,0,0,1058.0,0.0007138268256121065
baeretower,baeretower,Zentrum Bären / BäreTower,78,innere / spezialverglasungen / buero,1,10.0,10.0,10.0,10.0,10.0,12.0,12.0,1.0,2021-09-20,2021-10-01,0.7589792060491494,0.7693761814744802,0,0.0,,0,0,0,1058.0,0.0007138268256121065
elp_v6,elp,ELP Masterterminplan V6,70,lift / shift / climb,1,10.0,10.0,10.0,10.0,10.0,12.0,12.0,1.0,2026-02-16,2026-02-27,0.4148669010547464,0.4203917629331994,0,0.0,,1,1,1,1991.0,0.0003938325817694898
uh1,uh1,UH1 CS Master Schedule V6,67,grobmontage / korridor / steigzone,1,10.0,10.0,10.0,10.0,10.0,12.0,12.0,1.0,2024-10-21,2024-11-01,0.3750985027580772,0.37943262411347517,0,0.0,,1,1,0,2538.0,0.00024080718568642088
elp_v7,elp,ELP Masterterminplan V7,18,ende termin / daemmung / start ende,1,10.0,10.0,10.0,10.0,10.0,15.0,15.0,1.0,2027-07-16,2027-07-30,0.753370786516854,0.7612359550561798,0,0.0,,1,1,0,1780.0,0.001208313194780087
uh1,uh1,UH1 CS Master Schedule V6,20,cns / verkleidung / seite,1,10.0,10.0,10.0,10.0,10.0,12.0,12.0,1.0,2022-11-07,2022-11-18,0.0937746256895193,0.09810874704491726,0,0.0,,0,0,0,2538.0,0.00024080718568642088
burckhardt,burckhardt,Burckhardt Laborgebäude,14,fzag / treppenhaus / beauftragen,2,10.0,5.0,5.0,5.0,5.0,12.0,10.0,1.0,2025-12-08,2025-12-19,0.3645833333333333,0.3741319444444444,0,0.0,,0,0,1,1152.0,0.0007865963973885
burckhardt,burckhardt,Burckhardt Laborgebäude,29,einbringung / aufstellung / montage,2,10.0,5.0,5.0,5.0,5.0,124.0,10.0,1.0,2026-08-03,2026-12-04,0.5711805555555556,0.6779513888888888,0,0.0,,1,1,1,1152.0,0.0007865963973885
pred_bau05,pred_bau05,Roche pRED Bau 05,20,cns / verkleidung / seite,1,10.0,10.0,10.0,10.0,10.0,12.0,12.0,1.0,2022-08-01,2022-08-12,0.8127259580621836,0.8206796818510484,1,1.0,,1,0,0,1383.0,0.000290518211860406
pred_bau05,pred_bau05,Roche pRED Bau 05,51,hartbeton / verbund / rampen,1,10.0,10.0,10.0,10.0,10.0,12.0,12.0,1.0,2022-01-17,2022-01-28,0.6710050614605929,0.6789587852494577,0,0.0,,1,0,0,1383.0,0.000290518211860406
elp_v7,elp,ELP Masterterminplan V7,76,lieferung / montage / isp,6,10.0,1.0,1.6666666666666667,3.0,5.0,87.0,12.0,2.0,2027-03-17,2027-06-11,0.6853932584269663,0.7337078651685394,0,0.0,,2,3,0,1780.0,0.001208313194780087
frankfurt_four,frankfurt_four,Frankfurt Four RT4,30,boden / zimmermann / nebenraeume,2,10.0,5.0,5.0,5.0,5.0,37.0,14.0,1.0,2022-05-10,2022-06-15,0.1743827160493827,0.22993827160493827,0,0.0,10.0,2,1,0,648.0,0.004859086491739553
baeretower,baeretower,Zentrum Bären / BäreTower,37,installieren / einmessen / wandverkleidung,1,10.0,10.0,10.0,10.0,10.0,12.0,12.0,1.0,2020-06-15,2020-06-26,0.3223062381852552,0.332703213610586,0,0.0,,0,0,0,1058.0,0.0007138268256121065
pred_bau05,pred_bau05,Roche pRED Bau 05,59,technik / raeumung / deckenelemente,1,10.0,10.0,10.0,10.0,10.0,14.0,14.0,1.0,2020-10-16,2020-10-29,0.3398409255242227,0.3492407809110629,0,0.0,,1,0,0,1383.0,0.000290518211860406
baeretower,baeretower,Zentrum Bären / BäreTower,54,einbauen / doppelboden / schreiner,3,9.0,3.0,3.0,4.6,5.0,60.0,9.0,1.0,2020-06-23,2020-08-21,0.32986767485822305,0.3856332703213611,0,0.0,,0,0,0,1058.0,0.0006424441430508958
pred_bau07,pred_bau07,Roche pRED Bau 07,56,sprinkler / spriessfrei / gruppe,4,8.0,2.0,2.0,3.0,3.0,167.0,12.0,1.0,2021-06-04,2021-11-17,0.47106109324758844,0.560021436227224,0,0.0,,2,0,0,1866.0,9.718054931305499e-05
elp_v7,elp,ELP Masterterminplan V7,21,dichtheitspruefung / medienversorgung / ende,1,7.0,7.0,7.0,7.0,7.0,10.0,10.0,1.0,2025-05-19,2025-05-28,0.3106741573033708,0.31573033707865167,0,0.0,,1,1,1,1780.0,0.0008458192363460609
elp_v7,elp,ELP Masterterminplan V7,32,wmp / erstellung / dks,1,7.0,7.0,7.0,7.0,7.0,9.0,9.0,1.0,2023-12-18,2023-12-26,0.019662921348314606,0.024157303370786518,0,0.0,,1,0,1,1780.0,0.0008458192363460609
pred_bau07,pred_bau07,Roche pRED Bau 07,51,hartbeton / verbund / rampen,3,7.0,1.0,2.3333333333333335,4.2,5.0,325.0,9.0,1.0,2020-10-21,2021-09-10,0.34994640943194,0.5235798499464094,0,0.0,,3,0,0,1866.0,8.503298064892312e-05
baeretower,baeretower,Zentrum Bären / BäreTower,56,sprinkler / spriessfrei / gruppe,1,6.0,6.0,6.0,6.0,6.0,10.0,10.0,1.0,2020-05-18,2020-05-27,0.29584120982986767,0.30434782608695654,0,0.0,,0,0,0,1058.0,0.0004282960953672639
frankfurt_four,frankfurt_four,Frankfurt Four RT4,61,fassade / riegel / haupttrassen,3,6.0,2.0,2.0,2.0,2.0,12.0,8.0,1.0,2022-02-21,2022-03-04,0.05401234567901234,0.07098765432098765,0,0.0,12.0,3,2,0,648.0,0.0029154518950437317
elp_v6,elp,ELP Masterterminplan V6,23,verkabelung / verschienung / funktionserhalt,1,5.0,5.0,5.0,5.0,5.0,9.0,9.0,1.0,2026-03-30,2026-04-07,0.4359618282270216,0.43997990959316924,0,0.0,,1,1,1,1991.0,0.0001969162908847449
baeretower,baeretower,Zentrum Bären / BäreTower,60,rueckbau / kofferblech / tragender,1,5.0,5.0,5.0,5.0,5.0,7.0,7.0,1.0,2020-05-05,2020-05-11,0.2835538752362949,0.2892249527410208,0,0.0,,0,0,0,1058.0,0.0003569134128060533
frankfurt_four,frankfurt_four,Frankfurt Four RT4,41,stuetzen / loggia / versetzen,1,5.0,5.0,5.0,5.0,5.0,7.0,7.0,1.0,2022-02-11,2022-02-17,0.038580246913580245,0.047839506172839504,0,0.0,5.0,1,1,0,648.0,0.0024295432458697765
burckhardt,burckhardt,Burckhardt Laborgebäude,26,kaelte / gewerbliche / kuehlzellen,1,5.0,5.0,5.0,5.0,5.0,5.0,5.0,1.0,2026-05-11,2026-05-15,0.4982638888888889,0.5017361111111112,0,0.0,,1,1,1,1152.0,0.00039329819869425
pred_bau07,pred_bau07,Roche pRED Bau 07,67,grobmontage / korridor / steigzone,1,5.0,5.0,5.0,5.0,5.0,5.0,5.0,1.0,2022-10-17,2022-10-21,0.7390139335476956,0.7411575562700965,0,0.0,,1,0,0,1866.0,6.073784332065937e-05
dc30,dc30,DC30 Rechenzentrum,73,anlage / usv / bereit,1,5.0,5.0,5.0,5.0,5.0,7.0,7.0,1.0,2026-08-28,2026-09-03,0.41920374707259955,0.4332552693208431,0,0.0,,1,1,0,427.0,0.00013794245040968907
elp_v7,elp,ELP Masterterminplan V7,56,sprinkler / spriessfrei / gruppe,1,5.0,5.0,5.0,5.0,5.0,5.0,5.0,1.0,2023-11-13,2023-11-17,0.0,0.0022471910112359553,0,0.0,,1,1,1,1780.0,0.0006041565973900435
uh1,uh1,UH1 CS Master Schedule V6,18,ende termin / daemmung / start ende,1,5.0,5.0,5.0,5.0,5.0,5.0,5.0,1.0,2022-10-24,2022-10-28,0.08825847123719464,0.08983451536643026,0,0.0,,0,0,0,2538.0,0.00012040359284321044
dc30,dc30,DC30 Rechenzentrum,14,fzag / treppenhaus / beauftragen,1,5.0,5.0,5.0,5.0,5.0,5.0,5.0,1.0,2026-09-28,2026-10-02,0.4918032786885246,0.5011709601873536,0,0.0,,1,1,0,427.0,0.00013794245040968907
elp_v7,elp,ELP Masterterminplan V7,0,tueren / einhaengen / montage,5,5.0,1.0,1.0,1.0,1.0,127.0,14.0,1.0,2027-04-20,2027-08-24,0.7044943820224719,0.7752808988764045,0,0.0,,1,5,1,1780.0,0.0006041565973900435
baeretower,baeretower,Zentrum Bären / BäreTower,15,daemmung / hauptleitungen / terrasse,2,4.0,2.0,2.0,2.0,2.0,14.0,6.0,1.0,2021-02-26,2021-03-11,0.5642722117202268,0.5765595463137996,0,0.0,,0,0,0,1058.0,0.0002855307302448426
frankfurt_four,frankfurt_four,Frankfurt Four RT4,11,ulk / endmontage / nshv,3,3.0,1.0,1.0,1.0,1.0,152.0,3.0,1.0,2022-11-04,2023-04-04,0.44907407407407407,0.6820987654320988,0,0.0,6.0,3,1,0,648.0,0.0014577259475218659
baeretower,baeretower,Zentrum Bären / BäreTower,14,fzag / treppenhaus / beauftragen,2,3.0,1.5,1.5,1.9,2.0,479.0,3.0,1.0,2020-06-29,2021-10-20,0.33553875236294894,0.7873345935727788,0,0.0,,0,0,0,1058.0,0.00021414804768363194
usb,usb,USB NBK2 Basel,41,stuetzen / loggia / versetzen,2,2.0,1.0,1.0,1.0,1.0,307.0,2.0,1.0,2027-03-03,2028-01-03,0.09292035398230089,0.26216814159292035,0,0.0,,2,0,0,1808.0,4.422919569207634e-05
baeretower,baeretower,Zentrum Bären / BäreTower,67,grobmontage / korridor / steigzone,1,1.0,1.0,1.0,1.0,1.0,1.0,1.0,1.0,2020-06-02,2020-06-02,0.31001890359168244,0.31001890359168244,0,0.0,,0,0,0,1058.0,7.138268256121065e-05
baeretower,baeretower,Zentrum Bären / BäreTower,23,verkabelung / verschienung / funktionserhalt,1,1.0,1.0,1.0,1.0,1.0,1.0,1.0,1.0,2020-06-17,2020-06-17,0.32419659735349715,0.32419659735349715,0,0.0,,0,0,0,1058.0,7.138268256121065e-05
baeretower,baeretower,Zentrum Bären / BäreTower,31,einbringen / aufstellen / anbringen,1,1.0,1.0,1.0,1.0,1.0,1.0,1.0,1.0,2021-01-05,2021-01-05,0.5151228733459358,0.5151228733459358,0,0.0,,1,0,0,1058.0,7.138268256121065e-05
elp_v7,elp,ELP Masterterminplan V7,29,einbringung / aufstellung / montage,1,1.0,1.0,1.0,1.0,1.0,2.0,2.0,1.0,2027-05-10,2027-05-11,0.7157303370786516,0.7162921348314607,0,0.0,,1,1,1,1780.0,0.0001208313194780087
